Loading weights:   0%|          | 0/134 [00:00<?, ?it/s]Loading weights: 100%|██████████| 134/134 [00:00<00:00, 8910.33it/s]
Using the latest cached version of the dataset since LocalLLaMA/typed-decisions couldn't be found on the Hugging Face Hub (offline mode is enabled).
Found the latest cached dataset configuration 'all' at /home/ubuntu/.cache/huggingface/datasets/LocalLLaMA___typed-decisions/all/0.0.0/f7a2487edd7a043a5441a5e9ccc7fe5ddbd9ebe8 (last modified on Sun Sep 27 18:59:51 2026).
Using the latest cached version of the dataset since LocalLLaMA/typed-decisions couldn't be found on the Hugging Face Hub (offline mode is enabled).
Found the latest cached dataset configuration 'all' at /home/ubuntu/.cache/huggingface/datasets/LocalLLaMA___typed-decisions/all/0.0.0/f7a2487edd7a043a5441a5e9ccc7fe5ddbd9ebe8 (last modified on Sun Sep 27 18:59:51 2026).
== typed-decisions: 1080/120/400 messages (train/val/test), tasks: agent_trace_observability.action(4), agent_trace_observability.needs_review(2), agent_trace_observability.outcome(4), agent_trace_observability.risk(4), agent_trace_observability.urgency(4), customer_service.action(5), customer_service.category(5), customer_service.churn_risk(4), customer_service.needs_human(2), customer_service.urgency(4), invoice_processing.discrepancy_severity(4), invoice_processing.disposition(4), invoice_processing.duplicate(2), invoice_processing.matches_order(2), invoice_processing.urgency(4), security_incidents.credential_compromise(2), security_incidents.disposition(4), security_incidents.severity(5), security_incidents.true_positive(2), security_incidents.urgency(4) | base answerdotai/ModernBERT-base on cuda | seed 0
-- probe@6
  cached trunk depth 6 for 1600 messages in 4.1s (559 MB)
  [agent_trace_observability.action] probe split=6, 4 labels, 274 train
    epoch 1/34 loss 1.4077 val acc 0.3846 (0.3s)
    epoch 2/34 loss 1.2914 val acc 0.5385 (0.1s)
    epoch 3/34 loss 1.2846 val acc 0.5385 (0.1s)
    epoch 4/34 loss 1.2585 val acc 0.3077 (0.1s)
    epoch 5/34 loss 1.2427 val acc 0.5385 (0.1s)
    epoch 6/34 loss 1.2634 val acc 0.5385 (0.1s)
    epoch 7/34 loss 1.2401 val acc 0.5385 (0.1s)
    epoch 8/34 loss 1.2503 val acc 0.5385 (0.1s)
    epoch 9/34 loss 1.2383 val acc 0.6154 (0.1s)
    epoch 10/34 loss 1.2351 val acc 0.5769 (0.1s)
    epoch 11/34 loss 1.2182 val acc 0.5769 (0.1s)
    epoch 12/34 loss 1.2123 val acc 0.5769 (0.1s)
    epoch 13/34 loss 1.2171 val acc 0.5385 (0.1s)
    epoch 14/34 loss 1.2065 val acc 0.5769 (0.1s)
    epoch 15/34 loss 1.2143 val acc 0.6154 (0.1s)
    epoch 16/34 loss 1.2036 val acc 0.5769 (0.1s)
    epoch 17/34 loss 1.2030 val acc 0.5385 (0.1s)
    epoch 18/34 loss 1.2111 val acc 0.6923 (0.1s)
    epoch 19/34 loss 1.1935 val acc 0.5769 (0.1s)
    epoch 20/34 loss 1.1889 val acc 0.6538 (0.1s)
    epoch 21/34 loss 1.1862 val acc 0.6154 (0.1s)
    epoch 22/34 loss 1.1865 val acc 0.6538 (0.1s)
    epoch 23/34 loss 1.1860 val acc 0.6154 (0.1s)
    epoch 24/34 loss 1.1812 val acc 0.6538 (0.1s)
    epoch 25/34 loss 1.1837 val acc 0.5385 (0.1s)
    epoch 26/34 loss 1.1731 val acc 0.6538 (0.1s)
    epoch 27/34 loss 1.1817 val acc 0.6154 (0.1s)
    epoch 28/34 loss 1.1752 val acc 0.5769 (0.1s)
    epoch 29/34 loss 1.1727 val acc 0.6538 (0.1s)
    epoch 30/34 loss 1.1751 val acc 0.6538 (0.1s)
    epoch 31/34 loss 1.1774 val acc 0.6538 (0.1s)
    epoch 32/34 loss 1.1741 val acc 0.6538 (0.1s)
    epoch 33/34 loss 1.1752 val acc 0.6538 (0.1s)
    epoch 34/34 loss 1.1743 val acc 0.6538 (0.1s)
  [agent_trace_observability.action] test acc 0.5100 macro-F1 0.3123 ECE 0.092 (T=1.00, 4s, 0.00M params)
  [agent_trace_observability.needs_review] probe split=6, 2 labels, 274 train
    epoch 1/34 loss 0.6964 val acc 0.5000 (0.1s)
    epoch 2/34 loss 0.6978 val acc 0.5000 (0.1s)
    epoch 3/34 loss 0.6942 val acc 0.5000 (0.1s)
    epoch 4/34 loss 0.7076 val acc 0.5000 (0.1s)
    epoch 5/34 loss 0.6835 val acc 0.7308 (0.1s)
    epoch 6/34 loss 0.6884 val acc 0.5769 (0.1s)
    epoch 7/34 loss 0.6700 val acc 0.5000 (0.1s)
    epoch 8/34 loss 0.6666 val acc 0.7308 (0.1s)
    epoch 9/34 loss 0.6575 val acc 0.7308 (0.1s)
    epoch 10/34 loss 0.6663 val acc 0.7692 (0.1s)
    epoch 11/34 loss 0.6712 val acc 0.8077 (0.1s)
    epoch 12/34 loss 0.6830 val acc 0.5000 (0.1s)
    epoch 13/34 loss 0.6657 val acc 0.7692 (0.1s)
    epoch 14/34 loss 0.6498 val acc 0.8077 (0.1s)
    epoch 15/34 loss 0.6422 val acc 0.7308 (0.1s)
    epoch 16/34 loss 0.6432 val acc 0.5769 (0.1s)
    epoch 17/34 loss 0.6408 val acc 0.6538 (0.1s)
    epoch 18/34 loss 0.6427 val acc 0.6923 (0.1s)
    epoch 19/34 loss 0.6308 val acc 0.8077 (0.1s)
    epoch 20/34 loss 0.6264 val acc 0.8462 (0.1s)
    epoch 21/34 loss 0.6253 val acc 0.7308 (0.1s)
    epoch 22/34 loss 0.6269 val acc 0.7692 (0.1s)
    epoch 23/34 loss 0.6247 val acc 0.7692 (0.1s)
    epoch 24/34 loss 0.6252 val acc 0.8077 (0.1s)
    epoch 25/34 loss 0.6348 val acc 0.6154 (0.1s)
    epoch 26/34 loss 0.6186 val acc 0.8462 (0.1s)
    epoch 27/34 loss 0.6318 val acc 0.8077 (0.1s)
    epoch 28/34 loss 0.6220 val acc 0.6923 (0.1s)
    epoch 29/34 loss 0.6218 val acc 0.7692 (0.1s)
    epoch 30/34 loss 0.6209 val acc 0.8077 (0.1s)
    epoch 31/34 loss 0.6261 val acc 0.8077 (0.1s)
    epoch 32/34 loss 0.6202 val acc 0.8462 (0.1s)
    epoch 33/34 loss 0.6229 val acc 0.7692 (0.1s)
    epoch 34/34 loss 0.6195 val acc 0.7692 (0.1s)
  [agent_trace_observability.needs_review] test acc 0.8200 macro-F1 0.8193 ECE 0.217 (T=1.00, 4s, 0.00M params)
  [agent_trace_observability.outcome] probe split=6, 4 labels, 274 train
    epoch 1/34 loss 1.3921 val acc 0.5769 (0.1s)
    epoch 2/34 loss 1.3624 val acc 0.5769 (0.1s)
    epoch 3/34 loss 1.3454 val acc 0.5769 (0.1s)
    epoch 4/34 loss 1.3449 val acc 0.5769 (0.1s)
    epoch 5/34 loss 1.3328 val acc 0.5769 (0.1s)
    epoch 6/34 loss 1.3334 val acc 0.5769 (0.1s)
    epoch 7/34 loss 1.3242 val acc 0.5000 (0.1s)
    epoch 8/34 loss 1.3129 val acc 0.2308 (0.1s)
    epoch 9/34 loss 1.3048 val acc 0.5000 (0.1s)
    epoch 10/34 loss 1.2941 val acc 0.3462 (0.1s)
    epoch 11/34 loss 1.2859 val acc 0.5385 (0.1s)
    epoch 12/34 loss 1.2878 val acc 0.5000 (0.1s)
    epoch 13/34 loss 1.2793 val acc 0.5769 (0.1s)
    epoch 14/34 loss 1.2722 val acc 0.5000 (0.1s)
    epoch 15/34 loss 1.2783 val acc 0.5385 (0.1s)
    epoch 16/34 loss 1.2874 val acc 0.6538 (0.1s)
    epoch 17/34 loss 1.2620 val acc 0.5000 (0.1s)
    epoch 18/34 loss 1.2506 val acc 0.4231 (0.1s)
    epoch 19/34 loss 1.2524 val acc 0.6154 (0.1s)
    epoch 20/34 loss 1.2459 val acc 0.5769 (0.1s)
    epoch 21/34 loss 1.2400 val acc 0.5769 (0.1s)
    epoch 22/34 loss 1.2420 val acc 0.6538 (0.1s)
    epoch 23/34 loss 1.2387 val acc 0.5385 (0.1s)
    epoch 24/34 loss 1.2314 val acc 0.6923 (0.1s)
    epoch 25/34 loss 1.2360 val acc 0.6538 (0.1s)
    epoch 26/34 loss 1.2183 val acc 0.5769 (0.1s)
    epoch 27/34 loss 1.2383 val acc 0.6154 (0.1s)
    epoch 28/34 loss 1.2252 val acc 0.5769 (0.1s)
    epoch 29/34 loss 1.2234 val acc 0.6923 (0.1s)
    epoch 30/34 loss 1.2235 val acc 0.6923 (0.1s)
    epoch 31/34 loss 1.2290 val acc 0.6538 (0.1s)
    epoch 32/34 loss 1.2233 val acc 0.6538 (0.1s)
    epoch 33/34 loss 1.2255 val acc 0.6538 (0.1s)
    epoch 34/34 loss 1.2221 val acc 0.6538 (0.1s)
  [agent_trace_observability.outcome] test acc 0.3700 macro-F1 0.2358 ECE 0.026 (T=1.00, 4s, 0.00M params)
  [agent_trace_observability.risk] probe split=6, 4 labels, 274 train
    epoch 1/34 loss 1.4278 val acc 0.2692 (0.1s)
    epoch 2/34 loss 1.3793 val acc 0.2692 (0.1s)
    epoch 3/34 loss 1.3755 val acc 0.2692 (0.1s)
    epoch 4/34 loss 1.3525 val acc 0.2692 (0.1s)
    epoch 5/34 loss 1.3515 val acc 0.5385 (0.1s)
    epoch 6/34 loss 1.3714 val acc 0.2692 (0.1s)
    epoch 7/34 loss 1.3260 val acc 0.3846 (0.1s)
    epoch 8/34 loss 1.3362 val acc 0.2692 (0.1s)
    epoch 9/34 loss 1.3254 val acc 0.3077 (0.1s)
    epoch 10/34 loss 1.3059 val acc 0.3846 (0.1s)
    epoch 11/34 loss 1.3087 val acc 0.4231 (0.1s)
    epoch 12/34 loss 1.2862 val acc 0.4231 (0.1s)
    epoch 13/34 loss 1.2856 val acc 0.3077 (0.1s)
    epoch 14/34 loss 1.2650 val acc 0.4615 (0.1s)
    epoch 15/34 loss 1.2729 val acc 0.3462 (0.1s)
    epoch 16/34 loss 1.2728 val acc 0.3077 (0.1s)
    epoch 17/34 loss 1.2597 val acc 0.5000 (0.1s)
    epoch 18/34 loss 1.2531 val acc 0.4231 (0.1s)
    epoch 19/34 loss 1.2376 val acc 0.5385 (0.1s)
    epoch 20/34 loss 1.2369 val acc 0.4615 (0.1s)
    epoch 21/34 loss 1.2331 val acc 0.5769 (0.1s)
    epoch 22/34 loss 1.2354 val acc 0.5000 (0.1s)
    epoch 23/34 loss 1.2399 val acc 0.4615 (0.1s)
    epoch 24/34 loss 1.2228 val acc 0.5385 (0.1s)
    epoch 25/34 loss 1.2251 val acc 0.5385 (0.1s)
    epoch 26/34 loss 1.2102 val acc 0.4615 (0.1s)
    epoch 27/34 loss 1.2282 val acc 0.4615 (0.1s)
    epoch 28/34 loss 1.2156 val acc 0.5769 (0.1s)
    epoch 29/34 loss 1.2159 val acc 0.5769 (0.1s)
    epoch 30/34 loss 1.2130 val acc 0.5000 (0.1s)
    epoch 31/34 loss 1.2188 val acc 0.5000 (0.1s)
    epoch 32/34 loss 1.2118 val acc 0.5000 (0.1s)
    epoch 33/34 loss 1.2167 val acc 0.5000 (0.1s)
    epoch 34/34 loss 1.2110 val acc 0.5000 (0.1s)
  [agent_trace_observability.risk] test acc 0.4400 macro-F1 0.3952 ECE 0.069 (T=1.00, 4s, 0.00M params)
  [agent_trace_observability.urgency] probe split=6, 4 labels, 274 train
    epoch 1/34 loss 1.4227 val acc 0.6154 (0.1s)
    epoch 2/34 loss 1.3536 val acc 0.6154 (0.1s)
    epoch 3/34 loss 1.3565 val acc 0.6154 (0.1s)
    epoch 4/34 loss 1.3354 val acc 0.6154 (0.1s)
    epoch 5/34 loss 1.3480 val acc 0.6154 (0.1s)
    epoch 6/34 loss 1.3417 val acc 0.6154 (0.1s)
    epoch 7/34 loss 1.3285 val acc 0.6154 (0.1s)
    epoch 8/34 loss 1.3086 val acc 0.6154 (0.1s)
    epoch 9/34 loss 1.3026 val acc 0.6154 (0.1s)
    epoch 10/34 loss 1.2953 val acc 0.5769 (0.1s)
    epoch 11/34 loss 1.2864 val acc 0.6154 (0.1s)
    epoch 12/34 loss 1.2770 val acc 0.6538 (0.1s)
    epoch 13/34 loss 1.2796 val acc 0.6154 (0.1s)
    epoch 14/34 loss 1.2695 val acc 0.6538 (0.1s)
    epoch 15/34 loss 1.2594 val acc 0.6154 (0.1s)
    epoch 16/34 loss 1.2619 val acc 0.6154 (0.1s)
    epoch 17/34 loss 1.2553 val acc 0.6154 (0.1s)
    epoch 18/34 loss 1.2525 val acc 0.6538 (0.1s)
    epoch 19/34 loss 1.2484 val acc 0.6154 (0.1s)
    epoch 20/34 loss 1.2391 val acc 0.5769 (0.1s)
    epoch 21/34 loss 1.2371 val acc 0.6154 (0.1s)
    epoch 22/34 loss 1.2387 val acc 0.6154 (0.1s)
    epoch 23/34 loss 1.2376 val acc 0.6154 (0.1s)
    epoch 24/34 loss 1.2309 val acc 0.6154 (0.1s)
    epoch 25/34 loss 1.2315 val acc 0.6154 (0.1s)
    epoch 26/34 loss 1.2221 val acc 0.6154 (0.1s)
    epoch 27/34 loss 1.2310 val acc 0.6538 (0.1s)
    epoch 28/34 loss 1.2252 val acc 0.6154 (0.1s)
    epoch 29/34 loss 1.2237 val acc 0.6154 (0.1s)
    epoch 30/34 loss 1.2246 val acc 0.6154 (0.1s)
    epoch 31/34 loss 1.2271 val acc 0.6154 (0.1s)
    epoch 32/34 loss 1.2237 val acc 0.6154 (0.1s)
    epoch 33/34 loss 1.2267 val acc 0.6538 (0.1s)
    epoch 34/34 loss 1.2216 val acc 0.6538 (0.1s)
  [agent_trace_observability.urgency] test acc 0.3900 macro-F1 0.2469 ECE 0.097 (T=1.00, 4s, 0.00M params)
  [customer_service.action] probe split=6, 5 labels, 269 train
    epoch 1/34 loss 1.4403 val acc 0.5484 (0.2s)
    epoch 2/34 loss 1.3174 val acc 0.5484 (0.2s)
    epoch 3/34 loss 1.3066 val acc 0.4516 (0.2s)
    epoch 4/34 loss 1.2824 val acc 0.5484 (0.2s)
    epoch 5/34 loss 1.2622 val acc 0.5484 (0.1s)
    epoch 6/34 loss 1.2620 val acc 0.5484 (0.2s)
    epoch 7/34 loss 1.2478 val acc 0.5161 (0.1s)
    epoch 8/34 loss 1.2473 val acc 0.5484 (0.1s)
    epoch 9/34 loss 1.2409 val acc 0.5161 (0.1s)
    epoch 10/34 loss 1.2707 val acc 0.5484 (0.2s)
    epoch 11/34 loss 1.2453 val acc 0.5161 (0.2s)
    epoch 12/34 loss 1.2057 val acc 0.5484 (0.1s)
    epoch 13/34 loss 1.2041 val acc 0.5806 (0.2s)
    epoch 14/34 loss 1.2087 val acc 0.5161 (0.1s)
    epoch 15/34 loss 1.1929 val acc 0.4839 (0.2s)
    epoch 16/34 loss 1.1885 val acc 0.5161 (0.1s)
    epoch 17/34 loss 1.1786 val acc 0.5484 (0.1s)
    epoch 18/34 loss 1.1698 val acc 0.5161 (0.1s)
    epoch 19/34 loss 1.1821 val acc 0.5806 (0.1s)
    epoch 20/34 loss 1.1681 val acc 0.5484 (0.1s)
    epoch 21/34 loss 1.1646 val acc 0.5484 (0.1s)
    epoch 22/34 loss 1.1666 val acc 0.5806 (0.1s)
    epoch 23/34 loss 1.1677 val acc 0.5806 (0.1s)
    epoch 24/34 loss 1.1619 val acc 0.6129 (0.1s)
    epoch 25/34 loss 1.1605 val acc 0.6129 (0.2s)
    epoch 26/34 loss 1.1602 val acc 0.5806 (0.2s)
    epoch 27/34 loss 1.1603 val acc 0.5806 (0.2s)
    epoch 28/34 loss 1.1554 val acc 0.6129 (0.2s)
    epoch 29/34 loss 1.1566 val acc 0.5484 (0.1s)
    epoch 30/34 loss 1.1571 val acc 0.5484 (0.2s)
    epoch 31/34 loss 1.1551 val acc 0.5484 (0.1s)
    epoch 32/34 loss 1.1549 val acc 0.5484 (0.2s)
    epoch 33/34 loss 1.1549 val acc 0.5484 (0.1s)
    epoch 34/34 loss 1.1524 val acc 0.5484 (0.1s)
  [customer_service.action] test acc 0.6000 macro-F1 0.2711 ECE 0.155 (T=0.91, 5s, 0.01M params)
  [customer_service.category] probe split=6, 5 labels, 269 train
    epoch 1/34 loss 1.6745 val acc 0.2258 (0.2s)
    epoch 2/34 loss 1.5756 val acc 0.1290 (0.1s)
    epoch 3/34 loss 1.5628 val acc 0.2903 (0.2s)
    epoch 4/34 loss 1.5585 val acc 0.1290 (0.1s)
    epoch 5/34 loss 1.5008 val acc 0.4194 (0.1s)
    epoch 6/34 loss 1.4920 val acc 0.4194 (0.1s)
    epoch 7/34 loss 1.4515 val acc 0.3548 (0.2s)
    epoch 8/34 loss 1.4174 val acc 0.4516 (0.1s)
    epoch 9/34 loss 1.3888 val acc 0.5161 (0.1s)
    epoch 10/34 loss 1.3427 val acc 0.5161 (0.1s)
    epoch 11/34 loss 1.3381 val acc 0.4194 (0.2s)
    epoch 12/34 loss 1.3009 val acc 0.3548 (0.1s)
    epoch 13/34 loss 1.2670 val acc 0.5484 (0.1s)
    epoch 14/34 loss 1.2530 val acc 0.6129 (0.1s)
    epoch 15/34 loss 1.2383 val acc 0.5161 (0.1s)
    epoch 16/34 loss 1.2005 val acc 0.4194 (0.1s)
    epoch 17/34 loss 1.1981 val acc 0.5484 (0.1s)
    epoch 18/34 loss 1.1896 val acc 0.3871 (0.1s)
    epoch 19/34 loss 1.1701 val acc 0.5484 (0.1s)
    epoch 20/34 loss 1.1311 val acc 0.5484 (0.2s)
    epoch 21/34 loss 1.1442 val acc 0.5161 (0.2s)
    epoch 22/34 loss 1.1359 val acc 0.5806 (0.1s)
    epoch 23/34 loss 1.1156 val acc 0.4516 (0.1s)
    epoch 24/34 loss 1.1126 val acc 0.5806 (0.1s)
    epoch 25/34 loss 1.1088 val acc 0.5806 (0.1s)
    epoch 26/34 loss 1.1004 val acc 0.5161 (0.1s)
    epoch 27/34 loss 1.0942 val acc 0.5161 (0.1s)
    epoch 28/34 loss 1.0828 val acc 0.5484 (0.1s)
    epoch 29/34 loss 1.0820 val acc 0.5484 (0.1s)
    epoch 30/34 loss 1.0684 val acc 0.5806 (0.1s)
    epoch 31/34 loss 1.0806 val acc 0.5806 (0.1s)
    epoch 32/34 loss 1.0745 val acc 0.5806 (0.1s)
    epoch 33/34 loss 1.0798 val acc 0.5806 (0.1s)
    epoch 34/34 loss 1.0845 val acc 0.5806 (0.1s)
  [customer_service.category] test acc 0.6600 macro-F1 0.5294 ECE 0.117 (T=0.45, 5s, 0.01M params)
  [customer_service.churn_risk] probe split=6, 4 labels, 269 train
    epoch 1/34 loss 1.4042 val acc 0.5161 (0.1s)
    epoch 2/34 loss 1.3273 val acc 0.5161 (0.2s)
    epoch 3/34 loss 1.3023 val acc 0.3871 (0.1s)
    epoch 4/34 loss 1.3015 val acc 0.5484 (0.2s)
    epoch 5/34 loss 1.2935 val acc 0.1613 (0.1s)
    epoch 6/34 loss 1.2879 val acc 0.3226 (0.2s)
    epoch 7/34 loss 1.2632 val acc 0.1613 (0.1s)
    epoch 8/34 loss 1.2569 val acc 0.5161 (0.2s)
    epoch 9/34 loss 1.2441 val acc 0.4839 (0.1s)
    epoch 10/34 loss 1.2409 val acc 0.5161 (0.1s)
    epoch 11/34 loss 1.2406 val acc 0.4839 (0.1s)
    epoch 12/34 loss 1.2353 val acc 0.5484 (0.1s)
    epoch 13/34 loss 1.2215 val acc 0.5484 (0.1s)
    epoch 14/34 loss 1.2148 val acc 0.5484 (0.1s)
    epoch 15/34 loss 1.1968 val acc 0.6452 (0.1s)
    epoch 16/34 loss 1.2017 val acc 0.6774 (0.1s)
    epoch 17/34 loss 1.1878 val acc 0.4516 (0.1s)
    epoch 18/34 loss 1.1817 val acc 0.5161 (0.1s)
    epoch 19/34 loss 1.1889 val acc 0.6129 (0.1s)
    epoch 20/34 loss 1.1774 val acc 0.5806 (0.1s)
    epoch 21/34 loss 1.1728 val acc 0.5161 (0.1s)
    epoch 22/34 loss 1.1674 val acc 0.6129 (0.1s)
    epoch 23/34 loss 1.1636 val acc 0.5161 (0.2s)
    epoch 24/34 loss 1.1673 val acc 0.6452 (0.2s)
    epoch 25/34 loss 1.1607 val acc 0.5161 (0.2s)
    epoch 26/34 loss 1.1615 val acc 0.5806 (0.1s)
    epoch 27/34 loss 1.1562 val acc 0.5484 (0.1s)
    epoch 28/34 loss 1.1608 val acc 0.5484 (0.2s)
    epoch 29/34 loss 1.1608 val acc 0.5484 (0.1s)
    epoch 30/34 loss 1.1594 val acc 0.5484 (0.1s)
    epoch 31/34 loss 1.1536 val acc 0.5484 (0.2s)
    epoch 32/34 loss 1.1527 val acc 0.5484 (0.1s)
    epoch 33/34 loss 1.1505 val acc 0.5484 (0.2s)
    epoch 34/34 loss 1.1561 val acc 0.5484 (0.1s)
  [customer_service.churn_risk] test acc 0.6300 macro-F1 0.4181 ECE 0.175 (T=0.79, 5s, 0.00M params)
  [customer_service.needs_human] probe split=6, 2 labels, 269 train
    epoch 1/34 loss 0.6976 val acc 0.7419 (0.2s)
    epoch 2/34 loss 0.7038 val acc 0.5484 (0.2s)
    epoch 3/34 loss 0.6943 val acc 0.4839 (0.1s)
    epoch 4/34 loss 0.6774 val acc 0.7097 (0.2s)
    epoch 5/34 loss 0.6654 val acc 0.6774 (0.1s)
    epoch 6/34 loss 0.6621 val acc 0.7419 (0.1s)
    epoch 7/34 loss 0.6518 val acc 0.3548 (0.1s)
    epoch 8/34 loss 0.6795 val acc 0.7742 (0.2s)
    epoch 9/34 loss 0.6889 val acc 0.7742 (0.1s)
    epoch 10/34 loss 0.6979 val acc 0.7419 (0.1s)
    epoch 11/34 loss 0.7311 val acc 0.2903 (0.2s)
    epoch 12/34 loss 0.6665 val acc 0.6452 (0.1s)
    epoch 13/34 loss 0.6462 val acc 0.7419 (0.1s)
    epoch 14/34 loss 0.6427 val acc 0.7097 (0.1s)
    epoch 15/34 loss 0.6474 val acc 0.7097 (0.1s)
    epoch 16/34 loss 0.6386 val acc 0.7097 (0.1s)
    epoch 17/34 loss 0.6337 val acc 0.7742 (0.1s)
    epoch 18/34 loss 0.6284 val acc 0.6452 (0.1s)
    epoch 19/34 loss 0.6381 val acc 0.7097 (0.1s)
    epoch 20/34 loss 0.6345 val acc 0.8065 (0.1s)
    epoch 21/34 loss 0.6316 val acc 0.8065 (0.1s)
    epoch 22/34 loss 0.6328 val acc 0.6452 (0.2s)
    epoch 23/34 loss 0.6293 val acc 0.7742 (0.1s)
    epoch 24/34 loss 0.6264 val acc 0.7419 (0.2s)
    epoch 25/34 loss 0.6251 val acc 0.7742 (0.1s)
    epoch 26/34 loss 0.6261 val acc 0.7742 (0.1s)
    epoch 27/34 loss 0.6276 val acc 0.7419 (0.1s)
    epoch 28/34 loss 0.6253 val acc 0.7419 (0.2s)
    epoch 29/34 loss 0.6258 val acc 0.7742 (0.2s)
    epoch 30/34 loss 0.6276 val acc 0.7419 (0.2s)
    epoch 31/34 loss 0.6215 val acc 0.7419 (0.1s)
    epoch 32/34 loss 0.6236 val acc 0.7742 (0.2s)
    epoch 33/34 loss 0.6246 val acc 0.7742 (0.2s)
    epoch 34/34 loss 0.6235 val acc 0.7742 (0.2s)
  [customer_service.needs_human] test acc 0.7400 macro-F1 0.6436 ECE 0.092 (T=0.65, 5s, 0.00M params)
  [customer_service.urgency] probe split=6, 4 labels, 269 train
    epoch 1/34 loss 1.4380 val acc 0.2581 (0.2s)
    epoch 2/34 loss 1.2395 val acc 0.2581 (0.2s)
    epoch 3/34 loss 1.1956 val acc 0.5161 (0.2s)
    epoch 4/34 loss 1.2018 val acc 0.5161 (0.2s)
    epoch 5/34 loss 1.1739 val acc 0.5161 (0.2s)
    epoch 6/34 loss 1.1957 val acc 0.4516 (0.1s)
    epoch 7/34 loss 1.1814 val acc 0.3226 (0.1s)
    epoch 8/34 loss 1.1652 val acc 0.4516 (0.2s)
    epoch 9/34 loss 1.1408 val acc 0.5161 (0.1s)
    epoch 10/34 loss 1.1407 val acc 0.5161 (0.1s)
    epoch 11/34 loss 1.1280 val acc 0.2581 (0.1s)
    epoch 12/34 loss 1.1206 val acc 0.4839 (0.1s)
    epoch 13/34 loss 1.1225 val acc 0.2903 (0.1s)
    epoch 14/34 loss 1.1396 val acc 0.5484 (0.1s)
    epoch 15/34 loss 1.1167 val acc 0.5161 (0.1s)
    epoch 16/34 loss 1.1066 val acc 0.5161 (0.1s)
    epoch 17/34 loss 1.1039 val acc 0.4839 (0.1s)
    epoch 18/34 loss 1.0977 val acc 0.4839 (0.1s)
    epoch 19/34 loss 1.1018 val acc 0.5806 (0.1s)
    epoch 20/34 loss 1.0958 val acc 0.4839 (0.1s)
    epoch 21/34 loss 1.0954 val acc 0.6129 (0.1s)
    epoch 22/34 loss 1.1037 val acc 0.4516 (0.1s)
    epoch 23/34 loss 1.0889 val acc 0.5484 (0.1s)
    epoch 24/34 loss 1.0922 val acc 0.4516 (0.1s)
    epoch 25/34 loss 1.0834 val acc 0.5806 (0.2s)
    epoch 26/34 loss 1.0830 val acc 0.4839 (0.1s)
    epoch 27/34 loss 1.0817 val acc 0.4839 (0.2s)
    epoch 28/34 loss 1.0799 val acc 0.4839 (0.1s)
    epoch 29/34 loss 1.0784 val acc 0.4516 (0.1s)
    epoch 30/34 loss 1.0748 val acc 0.5161 (0.1s)
    epoch 31/34 loss 1.0745 val acc 0.5161 (0.2s)
    epoch 32/34 loss 1.0702 val acc 0.4516 (0.2s)
    epoch 33/34 loss 1.0745 val acc 0.4516 (0.1s)
    epoch 34/34 loss 1.0766 val acc 0.4516 (0.2s)
  [customer_service.urgency] test acc 0.6000 macro-F1 0.3722 ECE 0.188 (T=0.91, 5s, 0.00M params)
  [invoice_processing.discrepancy_severity] probe split=6, 4 labels, 259 train
    epoch 1/34 loss 1.4527 val acc 0.2683 (0.1s)
    epoch 2/34 loss 1.2684 val acc 0.2927 (0.1s)
    epoch 3/34 loss 1.3106 val acc 0.2683 (0.1s)
    epoch 4/34 loss 1.2786 val acc 0.2927 (0.1s)
    epoch 5/34 loss 1.3417 val acc 0.2927 (0.1s)
    epoch 6/34 loss 1.2945 val acc 0.2683 (0.1s)
    epoch 7/34 loss 1.4337 val acc 0.2927 (0.1s)
    epoch 8/34 loss 1.2486 val acc 0.2927 (0.1s)
    epoch 9/34 loss 1.2912 val acc 0.2927 (0.1s)
    epoch 10/34 loss 1.3213 val acc 0.2927 (0.1s)
    epoch 11/34 loss 1.2370 val acc 0.2927 (0.1s)
    epoch 12/34 loss 1.2243 val acc 0.5366 (0.1s)
    epoch 13/34 loss 1.2533 val acc 0.2927 (0.1s)
    epoch 14/34 loss 1.2768 val acc 0.3171 (0.1s)
    epoch 15/34 loss 1.2216 val acc 0.2927 (0.1s)
    epoch 16/34 loss 1.2154 val acc 0.2927 (0.1s)
    epoch 17/34 loss 1.2132 val acc 0.2927 (0.1s)
    epoch 18/34 loss 1.2267 val acc 0.2927 (0.1s)
    epoch 19/34 loss 1.1968 val acc 0.3171 (0.1s)
    epoch 20/34 loss 1.2484 val acc 0.3415 (0.1s)
    epoch 21/34 loss 1.1913 val acc 0.2927 (0.2s)
    epoch 22/34 loss 1.1717 val acc 0.3415 (0.1s)
    epoch 23/34 loss 1.2119 val acc 0.4390 (0.1s)
    epoch 24/34 loss 1.1872 val acc 0.2927 (0.1s)
    epoch 25/34 loss 1.1949 val acc 0.2927 (0.1s)
    epoch 26/34 loss 1.1821 val acc 0.2927 (0.1s)
    epoch 27/34 loss 1.1732 val acc 0.3171 (0.1s)
    epoch 28/34 loss 1.1759 val acc 0.2927 (0.1s)
    epoch 29/34 loss 1.1731 val acc 0.3171 (0.1s)
    epoch 30/34 loss 1.1721 val acc 0.3171 (0.1s)
    epoch 31/34 loss 1.1738 val acc 0.3171 (0.1s)
    epoch 32/34 loss 1.1744 val acc 0.3171 (0.1s)
    epoch 33/34 loss 1.1713 val acc 0.3171 (0.1s)
    epoch 34/34 loss 1.1767 val acc 0.3171 (0.1s)
  [invoice_processing.discrepancy_severity] test acc 0.5100 macro-F1 0.2297 ECE 0.091 (T=1.12, 5s, 0.00M params)
  [invoice_processing.disposition] probe split=6, 4 labels, 259 train
    epoch 1/34 loss 1.3702 val acc 0.4634 (0.1s)
    epoch 2/34 loss 1.2538 val acc 0.2439 (0.1s)
    epoch 3/34 loss 1.2921 val acc 0.4634 (0.1s)
    epoch 4/34 loss 1.2739 val acc 0.2439 (0.1s)
    epoch 5/34 loss 1.3220 val acc 0.2439 (0.1s)
    epoch 6/34 loss 1.2989 val acc 0.4634 (0.1s)
    epoch 7/34 loss 1.4083 val acc 0.2439 (0.1s)
    epoch 8/34 loss 1.2522 val acc 0.2439 (0.1s)
    epoch 9/34 loss 1.2654 val acc 0.2439 (0.1s)
    epoch 10/34 loss 1.2709 val acc 0.2439 (0.1s)
    epoch 11/34 loss 1.2853 val acc 0.5610 (0.1s)
    epoch 12/34 loss 1.2523 val acc 0.4634 (0.1s)
    epoch 13/34 loss 1.2542 val acc 0.2439 (0.1s)
    epoch 14/34 loss 1.2450 val acc 0.3171 (0.1s)
    epoch 15/34 loss 1.2280 val acc 0.4390 (0.1s)
    epoch 16/34 loss 1.2190 val acc 0.2439 (0.1s)
    epoch 17/34 loss 1.1970 val acc 0.5122 (0.1s)
    epoch 18/34 loss 1.2263 val acc 0.2683 (0.1s)
    epoch 19/34 loss 1.2119 val acc 0.3171 (0.1s)
    epoch 20/34 loss 1.2115 val acc 0.2927 (0.1s)
    epoch 21/34 loss 1.2105 val acc 0.2927 (0.1s)
    epoch 22/34 loss 1.1848 val acc 0.4634 (0.1s)
    epoch 23/34 loss 1.2036 val acc 0.4634 (0.1s)
    epoch 24/34 loss 1.1988 val acc 0.2927 (0.1s)
    epoch 25/34 loss 1.1945 val acc 0.3171 (0.1s)
    epoch 26/34 loss 1.1992 val acc 0.2927 (0.1s)
    epoch 27/34 loss 1.1903 val acc 0.3171 (0.1s)
    epoch 28/34 loss 1.1843 val acc 0.3171 (0.1s)
    epoch 29/34 loss 1.1832 val acc 0.3415 (0.1s)
    epoch 30/34 loss 1.1794 val acc 0.3415 (0.1s)
    epoch 31/34 loss 1.1790 val acc 0.3171 (0.1s)
    epoch 32/34 loss 1.1798 val acc 0.3171 (0.1s)
    epoch 33/34 loss 1.1803 val acc 0.3171 (0.1s)
    epoch 34/34 loss 1.1875 val acc 0.3171 (0.1s)
  [invoice_processing.disposition] test acc 0.5600 macro-F1 0.2937 ECE 0.192 (T=1.31, 5s, 0.00M params)
  [invoice_processing.duplicate] probe split=6, 2 labels, 259 train
    epoch 1/34 loss 0.5989 val acc 0.8780 (0.1s)
    epoch 2/34 loss 0.3408 val acc 0.8780 (0.1s)
    epoch 3/34 loss 0.3390 val acc 0.8780 (0.1s)
    epoch 4/34 loss 0.3351 val acc 0.8780 (0.1s)
    epoch 5/34 loss 0.3943 val acc 0.8780 (0.1s)
    epoch 6/34 loss 0.3636 val acc 0.8780 (0.1s)
    epoch 7/34 loss 0.3427 val acc 0.8780 (0.1s)
    epoch 8/34 loss 0.3272 val acc 0.8780 (0.1s)
    epoch 9/34 loss 0.3203 val acc 0.8780 (0.1s)
    epoch 10/34 loss 0.3167 val acc 0.8780 (0.1s)
    epoch 11/34 loss 0.3220 val acc 0.8780 (0.1s)
    epoch 12/34 loss 0.3194 val acc 0.8780 (0.1s)
    epoch 13/34 loss 0.3208 val acc 0.8780 (0.1s)
    epoch 14/34 loss 0.3272 val acc 0.8780 (0.1s)
    epoch 15/34 loss 0.3155 val acc 0.8780 (0.1s)
    epoch 16/34 loss 0.3170 val acc 0.8780 (0.1s)
    epoch 17/34 loss 0.3145 val acc 0.8780 (0.1s)
    epoch 18/34 loss 0.3148 val acc 0.8780 (0.1s)
    epoch 19/34 loss 0.3092 val acc 0.8780 (0.1s)
    epoch 20/34 loss 0.3176 val acc 0.8780 (0.1s)
    epoch 21/34 loss 0.3102 val acc 0.8780 (0.1s)
    epoch 22/34 loss 0.3157 val acc 0.8780 (0.1s)
    epoch 23/34 loss 0.3044 val acc 0.8780 (0.1s)
    epoch 24/34 loss 0.3083 val acc 0.8780 (0.1s)
    epoch 25/34 loss 0.3064 val acc 0.8780 (0.1s)
    epoch 26/34 loss 0.3088 val acc 0.8780 (0.1s)
    epoch 27/34 loss 0.3089 val acc 0.8780 (0.1s)
    epoch 28/34 loss 0.3035 val acc 0.8780 (0.1s)
    epoch 29/34 loss 0.3070 val acc 0.8780 (0.1s)
    epoch 30/34 loss 0.3048 val acc 0.8780 (0.1s)
    epoch 31/34 loss 0.3054 val acc 0.8780 (0.1s)
    epoch 32/34 loss 0.3025 val acc 0.8780 (0.1s)
    epoch 33/34 loss 0.3058 val acc 0.8780 (0.1s)
    epoch 34/34 loss 0.3032 val acc 0.8780 (0.1s)
  [invoice_processing.duplicate] test acc 0.8900 macro-F1 0.4709 ECE 0.005 (T=1.12, 5s, 0.00M params)
  [invoice_processing.matches_order] probe split=6, 2 labels, 259 train
    epoch 1/34 loss 0.7030 val acc 0.6341 (0.1s)
    epoch 2/34 loss 0.6930 val acc 0.3659 (0.1s)
    epoch 3/34 loss 0.7491 val acc 0.6341 (0.1s)
    epoch 4/34 loss 0.7073 val acc 0.3659 (0.1s)
    epoch 5/34 loss 0.7936 val acc 0.3659 (0.1s)
    epoch 6/34 loss 0.7547 val acc 0.6341 (0.1s)
    epoch 7/34 loss 0.8274 val acc 0.4146 (0.1s)
    epoch 8/34 loss 0.6868 val acc 0.7073 (0.1s)
    epoch 9/34 loss 0.7773 val acc 0.3659 (0.1s)
    epoch 10/34 loss 0.7446 val acc 0.3659 (0.1s)
    epoch 11/34 loss 0.6945 val acc 0.7561 (0.1s)
    epoch 12/34 loss 0.6976 val acc 0.7317 (0.1s)
    epoch 13/34 loss 0.7113 val acc 0.3659 (0.1s)
    epoch 14/34 loss 0.7670 val acc 0.6341 (0.1s)
    epoch 15/34 loss 0.6849 val acc 0.4146 (0.1s)
    epoch 16/34 loss 0.6631 val acc 0.4146 (0.1s)
    epoch 17/34 loss 0.6570 val acc 0.7317 (0.1s)
    epoch 18/34 loss 0.6788 val acc 0.6341 (0.1s)
    epoch 19/34 loss 0.6381 val acc 0.6585 (0.1s)
    epoch 20/34 loss 0.7331 val acc 0.6585 (0.1s)
    epoch 21/34 loss 0.6488 val acc 0.3659 (0.1s)
    epoch 22/34 loss 0.6226 val acc 0.6585 (0.1s)
    epoch 23/34 loss 0.6768 val acc 0.6829 (0.1s)
    epoch 24/34 loss 0.6321 val acc 0.4146 (0.1s)
    epoch 25/34 loss 0.6397 val acc 0.4878 (0.1s)
    epoch 26/34 loss 0.6213 val acc 0.6341 (0.1s)
    epoch 27/34 loss 0.6279 val acc 0.6098 (0.1s)
    epoch 28/34 loss 0.6229 val acc 0.4634 (0.1s)
    epoch 29/34 loss 0.6231 val acc 0.5366 (0.1s)
    epoch 30/34 loss 0.6282 val acc 0.6098 (0.1s)
    epoch 31/34 loss 0.6162 val acc 0.6098 (0.1s)
    epoch 32/34 loss 0.6211 val acc 0.6098 (0.1s)
    epoch 33/34 loss 0.6134 val acc 0.6098 (0.1s)
    epoch 34/34 loss 0.6179 val acc 0.6098 (0.2s)
  [invoice_processing.matches_order] test acc 0.7600 macro-F1 0.7576 ECE 0.153 (T=0.73, 5s, 0.00M params)
  [invoice_processing.urgency] probe split=6, 4 labels, 259 train
    epoch 1/34 loss 1.2985 val acc 0.4634 (0.1s)
    epoch 2/34 loss 1.2185 val acc 0.4878 (0.1s)
    epoch 3/34 loss 1.2342 val acc 0.4878 (0.1s)
    epoch 4/34 loss 1.2230 val acc 0.4634 (0.1s)
    epoch 5/34 loss 1.2187 val acc 0.4878 (0.1s)
    epoch 6/34 loss 1.2471 val acc 0.6341 (0.1s)
    epoch 7/34 loss 1.1996 val acc 0.4634 (0.1s)
    epoch 8/34 loss 1.1795 val acc 0.4634 (0.1s)
    epoch 9/34 loss 1.1884 val acc 0.5366 (0.1s)
    epoch 10/34 loss 1.1842 val acc 0.4634 (0.1s)
    epoch 11/34 loss 1.1866 val acc 0.5854 (0.1s)
    epoch 12/34 loss 1.1604 val acc 0.4878 (0.1s)
    epoch 13/34 loss 1.1648 val acc 0.5366 (0.1s)
    epoch 14/34 loss 1.1652 val acc 0.6341 (0.1s)
    epoch 15/34 loss 1.1577 val acc 0.6098 (0.1s)
    epoch 16/34 loss 1.1449 val acc 0.6585 (0.1s)
    epoch 17/34 loss 1.1488 val acc 0.7073 (0.1s)
    epoch 18/34 loss 1.1422 val acc 0.6341 (0.1s)
    epoch 19/34 loss 1.1442 val acc 0.6341 (0.1s)
    epoch 20/34 loss 1.1402 val acc 0.6341 (0.1s)
    epoch 21/34 loss 1.1406 val acc 0.6829 (0.1s)
    epoch 22/34 loss 1.1398 val acc 0.6341 (0.1s)
    epoch 23/34 loss 1.1393 val acc 0.6341 (0.1s)
    epoch 24/34 loss 1.1315 val acc 0.7073 (0.1s)
    epoch 25/34 loss 1.1299 val acc 0.6098 (0.1s)
    epoch 26/34 loss 1.1330 val acc 0.6341 (0.1s)
    epoch 27/34 loss 1.1325 val acc 0.6341 (0.1s)
    epoch 28/34 loss 1.1286 val acc 0.6341 (0.1s)
    epoch 29/34 loss 1.1279 val acc 0.6341 (0.1s)
    epoch 30/34 loss 1.1264 val acc 0.6098 (0.1s)
    epoch 31/34 loss 1.1224 val acc 0.6341 (0.1s)
    epoch 32/34 loss 1.1240 val acc 0.6341 (0.1s)
    epoch 33/34 loss 1.1274 val acc 0.6341 (0.1s)
    epoch 34/34 loss 1.1262 val acc 0.6341 (0.1s)
  [invoice_processing.urgency] test acc 0.5800 macro-F1 0.3184 ECE 0.120 (T=0.90, 5s, 0.00M params)
  [security_incidents.credential_compromise] probe split=6, 2 labels, 278 train
    epoch 1/34 loss 0.6973 val acc 0.5909 (0.1s)
    epoch 2/34 loss 0.6947 val acc 0.5909 (0.1s)
    epoch 3/34 loss 0.7154 val acc 0.5909 (0.1s)
    epoch 4/34 loss 0.7350 val acc 0.5909 (0.1s)
    epoch 5/34 loss 0.7185 val acc 0.5909 (0.1s)
    epoch 6/34 loss 0.7113 val acc 0.5909 (0.1s)
    epoch 7/34 loss 0.7369 val acc 0.5909 (0.1s)
    epoch 8/34 loss 0.6959 val acc 0.5000 (0.1s)
    epoch 9/34 loss 0.7075 val acc 0.4091 (0.1s)
    epoch 10/34 loss 0.6836 val acc 0.5455 (0.1s)
    epoch 11/34 loss 0.6844 val acc 0.5909 (0.1s)
    epoch 12/34 loss 0.7097 val acc 0.4091 (0.1s)
    epoch 13/34 loss 0.7117 val acc 0.4091 (0.1s)
    epoch 14/34 loss 0.6823 val acc 0.5909 (0.1s)
    epoch 15/34 loss 0.6714 val acc 0.5000 (0.1s)
    epoch 16/34 loss 0.6741 val acc 0.5455 (0.1s)
    epoch 17/34 loss 0.6733 val acc 0.5000 (0.1s)
    epoch 18/34 loss 0.6661 val acc 0.5909 (0.1s)
    epoch 19/34 loss 0.6603 val acc 0.5909 (0.1s)
    epoch 20/34 loss 0.6622 val acc 0.5909 (0.1s)
    epoch 21/34 loss 0.6662 val acc 0.5455 (0.1s)
    epoch 22/34 loss 0.6680 val acc 0.5909 (0.1s)
    epoch 23/34 loss 0.6646 val acc 0.5909 (0.1s)
    epoch 24/34 loss 0.6584 val acc 0.5909 (0.1s)
    epoch 25/34 loss 0.6583 val acc 0.6364 (0.1s)
    epoch 26/34 loss 0.6585 val acc 0.5455 (0.1s)
    epoch 27/34 loss 0.6560 val acc 0.5909 (0.1s)
    epoch 28/34 loss 0.6597 val acc 0.6818 (0.1s)
    epoch 29/34 loss 0.6564 val acc 0.5909 (0.1s)
    epoch 30/34 loss 0.6578 val acc 0.5000 (0.1s)
    epoch 31/34 loss 0.6580 val acc 0.5909 (0.1s)
    epoch 32/34 loss 0.6597 val acc 0.6364 (0.1s)
    epoch 33/34 loss 0.6568 val acc 0.6364 (0.1s)
    epoch 34/34 loss 0.6563 val acc 0.6364 (0.1s)
  [security_incidents.credential_compromise] test acc 0.6900 macro-F1 0.6875 ECE 0.136 (T=1.00, 5s, 0.00M params)
  [security_incidents.disposition] probe split=6, 4 labels, 278 train
    epoch 1/34 loss 1.2548 val acc 0.7273 (0.1s)
    epoch 2/34 loss 1.2417 val acc 0.7273 (0.1s)
    epoch 3/34 loss 1.2464 val acc 0.7273 (0.1s)
    epoch 4/34 loss 1.2378 val acc 0.7273 (0.1s)
    epoch 5/34 loss 1.2263 val acc 0.7273 (0.1s)
    epoch 6/34 loss 1.2295 val acc 0.7273 (0.1s)
    epoch 7/34 loss 1.2305 val acc 0.7273 (0.1s)
    epoch 8/34 loss 1.2048 val acc 0.7273 (0.1s)
    epoch 9/34 loss 1.2052 val acc 0.7273 (0.1s)
    epoch 10/34 loss 1.2090 val acc 0.7273 (0.1s)
    epoch 11/34 loss 1.2064 val acc 0.7273 (0.1s)
    epoch 12/34 loss 1.1915 val acc 0.7273 (0.1s)
    epoch 13/34 loss 1.1977 val acc 0.7273 (0.1s)
    epoch 14/34 loss 1.1918 val acc 0.7273 (0.1s)
    epoch 15/34 loss 1.1905 val acc 0.7273 (0.1s)
    epoch 16/34 loss 1.1935 val acc 0.7273 (0.1s)
    epoch 17/34 loss 1.1797 val acc 0.7273 (0.1s)
    epoch 18/34 loss 1.1772 val acc 0.7273 (0.1s)
    epoch 19/34 loss 1.1804 val acc 0.7273 (0.1s)
    epoch 20/34 loss 1.1741 val acc 0.7273 (0.1s)
    epoch 21/34 loss 1.1721 val acc 0.7273 (0.1s)
    epoch 22/34 loss 1.1687 val acc 0.7273 (0.1s)
    epoch 23/34 loss 1.1676 val acc 0.7273 (0.1s)
    epoch 24/34 loss 1.1580 val acc 0.7273 (0.1s)
    epoch 25/34 loss 1.1600 val acc 0.7273 (0.1s)
    epoch 26/34 loss 1.1602 val acc 0.7273 (0.1s)
    epoch 27/34 loss 1.1599 val acc 0.7273 (0.1s)
    epoch 28/34 loss 1.1618 val acc 0.7273 (0.1s)
    epoch 29/34 loss 1.1569 val acc 0.7273 (0.1s)
    epoch 30/34 loss 1.1595 val acc 0.7273 (0.1s)
    epoch 31/34 loss 1.1568 val acc 0.7273 (0.1s)
    epoch 32/34 loss 1.1611 val acc 0.7273 (0.1s)
    epoch 33/34 loss 1.1568 val acc 0.7273 (0.1s)
    epoch 34/34 loss 1.1577 val acc 0.7273 (0.1s)
  [security_incidents.disposition] test acc 0.7400 macro-F1 0.2126 ECE 0.236 (T=1.00, 4s, 0.00M params)
  [security_incidents.severity] probe split=6, 5 labels, 278 train
    epoch 1/34 loss 1.6544 val acc 0.4091 (0.1s)
    epoch 2/34 loss 1.4771 val acc 0.3636 (0.1s)
    epoch 3/34 loss 1.4905 val acc 0.5909 (0.1s)
    epoch 4/34 loss 1.4635 val acc 0.5909 (0.1s)
    epoch 5/34 loss 1.4536 val acc 0.5909 (0.1s)
    epoch 6/34 loss 1.4447 val acc 0.6364 (0.1s)
    epoch 7/34 loss 1.4530 val acc 0.4545 (0.1s)
    epoch 8/34 loss 1.4393 val acc 0.5455 (0.1s)
    epoch 9/34 loss 1.4261 val acc 0.5909 (0.1s)
    epoch 10/34 loss 1.4394 val acc 0.5909 (0.1s)
    epoch 11/34 loss 1.4356 val acc 0.4091 (0.1s)
    epoch 12/34 loss 1.4307 val acc 0.6364 (0.1s)
    epoch 13/34 loss 1.4073 val acc 0.5909 (0.2s)
    epoch 14/34 loss 1.4061 val acc 0.5909 (0.1s)
    epoch 15/34 loss 1.4259 val acc 0.5909 (0.1s)
    epoch 16/34 loss 1.4063 val acc 0.5909 (0.1s)
    epoch 17/34 loss 1.3863 val acc 0.5909 (0.1s)
    epoch 18/34 loss 1.3876 val acc 0.6364 (0.1s)
    epoch 19/34 loss 1.3803 val acc 0.6818 (0.1s)
    epoch 20/34 loss 1.3743 val acc 0.5909 (0.1s)
    epoch 21/34 loss 1.3815 val acc 0.5455 (0.1s)
    epoch 22/34 loss 1.3795 val acc 0.6818 (0.1s)
    epoch 23/34 loss 1.3770 val acc 0.5455 (0.1s)
    epoch 24/34 loss 1.3715 val acc 0.6364 (0.1s)
    epoch 25/34 loss 1.3712 val acc 0.6364 (0.1s)
    epoch 26/34 loss 1.3659 val acc 0.6364 (0.1s)
    epoch 27/34 loss 1.3670 val acc 0.5909 (0.1s)
    epoch 28/34 loss 1.3624 val acc 0.6364 (0.1s)
    epoch 29/34 loss 1.3626 val acc 0.6818 (0.1s)
    epoch 30/34 loss 1.3596 val acc 0.6818 (0.1s)
    epoch 31/34 loss 1.3641 val acc 0.6364 (0.1s)
    epoch 32/34 loss 1.3631 val acc 0.6364 (0.1s)
    epoch 33/34 loss 1.3587 val acc 0.6364 (0.1s)
    epoch 34/34 loss 1.3579 val acc 0.6364 (0.1s)
  [security_incidents.severity] test acc 0.5000 macro-F1 0.2000 ECE 0.135 (T=1.00, 5s, 0.01M params)
  [security_incidents.true_positive] probe split=6, 2 labels, 278 train
    epoch 1/34 loss 0.6833 val acc 0.6364 (0.1s)
    epoch 2/34 loss 0.6844 val acc 0.6364 (0.1s)
    epoch 3/34 loss 0.6787 val acc 0.6364 (0.1s)
    epoch 4/34 loss 0.6629 val acc 0.6364 (0.1s)
    epoch 5/34 loss 0.6655 val acc 0.7273 (0.1s)
    epoch 6/34 loss 0.6541 val acc 0.6364 (0.1s)
    epoch 7/34 loss 0.6518 val acc 0.6818 (0.1s)
    epoch 8/34 loss 0.6449 val acc 0.6818 (0.1s)
    epoch 9/34 loss 0.6442 val acc 0.7273 (0.1s)
    epoch 10/34 loss 0.6604 val acc 0.7273 (0.1s)
    epoch 11/34 loss 0.6347 val acc 0.6364 (0.1s)
    epoch 12/34 loss 0.6390 val acc 0.6818 (0.1s)
    epoch 13/34 loss 0.6338 val acc 0.7273 (0.1s)
    epoch 14/34 loss 0.6333 val acc 0.7273 (0.1s)
    epoch 15/34 loss 0.6302 val acc 0.7273 (0.1s)
    epoch 16/34 loss 0.6244 val acc 0.6818 (0.1s)
    epoch 17/34 loss 0.6378 val acc 0.7273 (0.1s)
    epoch 18/34 loss 0.6260 val acc 0.7273 (0.1s)
    epoch 19/34 loss 0.6250 val acc 0.6818 (0.1s)
    epoch 20/34 loss 0.6250 val acc 0.7273 (0.1s)
    epoch 21/34 loss 0.6277 val acc 0.6818 (0.1s)
    epoch 22/34 loss 0.6255 val acc 0.6818 (0.1s)
    epoch 23/34 loss 0.6249 val acc 0.7273 (0.1s)
    epoch 24/34 loss 0.6185 val acc 0.6818 (0.1s)
    epoch 25/34 loss 0.6199 val acc 0.7273 (0.1s)
    epoch 26/34 loss 0.6203 val acc 0.6818 (0.1s)
    epoch 27/34 loss 0.6177 val acc 0.7273 (0.1s)
    epoch 28/34 loss 0.6235 val acc 0.6818 (0.1s)
    epoch 29/34 loss 0.6186 val acc 0.7273 (0.1s)
    epoch 30/34 loss 0.6217 val acc 0.6818 (0.1s)
    epoch 31/34 loss 0.6200 val acc 0.7273 (0.1s)
    epoch 32/34 loss 0.6221 val acc 0.7273 (0.1s)
    epoch 33/34 loss 0.6199 val acc 0.7273 (0.1s)
    epoch 34/34 loss 0.6187 val acc 0.7273 (0.1s)
  [security_incidents.true_positive] test acc 0.7900 macro-F1 0.7080 ECE 0.159 (T=1.00, 4s, 0.00M params)
  [security_incidents.urgency] probe split=6, 4 labels, 278 train
    epoch 1/34 loss 1.4702 val acc 0.3182 (0.1s)
    epoch 2/34 loss 1.2603 val acc 0.5909 (0.1s)
    epoch 3/34 loss 1.2744 val acc 0.5909 (0.1s)
    epoch 4/34 loss 1.2615 val acc 0.5909 (0.1s)
    epoch 5/34 loss 1.2518 val acc 0.5909 (0.1s)
    epoch 6/34 loss 1.2437 val acc 0.5909 (0.1s)
    epoch 7/34 loss 1.2310 val acc 0.5909 (0.1s)
    epoch 8/34 loss 1.2276 val acc 0.7273 (0.1s)
    epoch 9/34 loss 1.2108 val acc 0.7273 (0.1s)
    epoch 10/34 loss 1.2117 val acc 0.6818 (0.1s)
    epoch 11/34 loss 1.2038 val acc 0.5909 (0.1s)
    epoch 12/34 loss 1.1919 val acc 0.5000 (0.1s)
    epoch 13/34 loss 1.1974 val acc 0.5909 (0.1s)
    epoch 14/34 loss 1.1977 val acc 0.5909 (0.1s)
    epoch 15/34 loss 1.1944 val acc 0.7273 (0.1s)
    epoch 16/34 loss 1.1864 val acc 0.5455 (0.1s)
    epoch 17/34 loss 1.1823 val acc 0.5000 (0.1s)
    epoch 18/34 loss 1.1758 val acc 0.5909 (0.1s)
    epoch 19/34 loss 1.1786 val acc 0.5909 (0.1s)
    epoch 20/34 loss 1.1715 val acc 0.6818 (0.1s)
    epoch 21/34 loss 1.1695 val acc 0.5455 (0.1s)
    epoch 22/34 loss 1.1688 val acc 0.6818 (0.1s)
    epoch 23/34 loss 1.1699 val acc 0.5909 (0.1s)
    epoch 24/34 loss 1.1597 val acc 0.6364 (0.1s)
    epoch 25/34 loss 1.1645 val acc 0.5909 (0.1s)
    epoch 26/34 loss 1.1663 val acc 0.4545 (0.1s)
    epoch 27/34 loss 1.1621 val acc 0.5909 (0.1s)
    epoch 28/34 loss 1.1644 val acc 0.5909 (0.1s)
    epoch 29/34 loss 1.1607 val acc 0.5909 (0.1s)
    epoch 30/34 loss 1.1617 val acc 0.5455 (0.1s)
    epoch 31/34 loss 1.1618 val acc 0.5455 (0.1s)
    epoch 32/34 loss 1.1631 val acc 0.5909 (0.1s)
    epoch 33/34 loss 1.1571 val acc 0.5909 (0.1s)
    epoch 34/34 loss 1.1572 val acc 0.5909 (0.1s)
  [security_incidents.urgency] test acc 0.5200 macro-F1 0.2488 ECE 0.125 (T=1.00, 5s, 0.00M params)
   probe@6 mean: {"acc": 0.615, "macro_f1": 0.4186, "ece": 0.129, "nll": 0.8959}
-- probe@11
  cached trunk depth 11 for 1600 messages in 5.0s (559 MB)
  [agent_trace_observability.action] probe split=11, 4 labels, 274 train
    epoch 1/34 loss 1.2873 val acc 0.5385 (0.1s)
    epoch 2/34 loss 1.2850 val acc 0.5385 (0.1s)
    epoch 3/34 loss 1.2726 val acc 0.5385 (0.1s)
    epoch 4/34 loss 1.2560 val acc 0.5385 (0.1s)
    epoch 5/34 loss 1.2423 val acc 0.5385 (0.1s)
    epoch 6/34 loss 1.2552 val acc 0.5769 (0.1s)
    epoch 7/34 loss 1.2367 val acc 0.5385 (0.1s)
    epoch 8/34 loss 1.2352 val acc 0.5385 (0.1s)
    epoch 9/34 loss 1.2224 val acc 0.5769 (0.1s)
    epoch 10/34 loss 1.2240 val acc 0.5385 (0.1s)
    epoch 11/34 loss 1.2108 val acc 0.6538 (0.1s)
    epoch 12/34 loss 1.2043 val acc 0.6154 (0.1s)
    epoch 13/34 loss 1.2114 val acc 0.6154 (0.1s)
    epoch 14/34 loss 1.1976 val acc 0.6538 (0.1s)
    epoch 15/34 loss 1.1993 val acc 0.6923 (0.1s)
    epoch 16/34 loss 1.1890 val acc 0.6154 (0.1s)
    epoch 17/34 loss 1.1930 val acc 0.5385 (0.1s)
    epoch 18/34 loss 1.1971 val acc 0.7308 (0.1s)
    epoch 19/34 loss 1.1806 val acc 0.6154 (0.1s)
    epoch 20/34 loss 1.1778 val acc 0.6923 (0.1s)
    epoch 21/34 loss 1.1765 val acc 0.7308 (0.1s)
    epoch 22/34 loss 1.1702 val acc 0.6923 (0.1s)
    epoch 23/34 loss 1.1703 val acc 0.6538 (0.1s)
    epoch 24/34 loss 1.1689 val acc 0.6538 (0.1s)
    epoch 25/34 loss 1.1664 val acc 0.6538 (0.1s)
    epoch 26/34 loss 1.1665 val acc 0.6538 (0.1s)
    epoch 27/34 loss 1.1693 val acc 0.6923 (0.1s)
    epoch 28/34 loss 1.1619 val acc 0.6923 (0.1s)
    epoch 29/34 loss 1.1639 val acc 0.6923 (0.1s)
    epoch 30/34 loss 1.1631 val acc 0.6923 (0.1s)
    epoch 31/34 loss 1.1649 val acc 0.6923 (0.1s)
    epoch 32/34 loss 1.1631 val acc 0.6923 (0.1s)
    epoch 33/34 loss 1.1615 val acc 0.6923 (0.1s)
    epoch 34/34 loss 1.1604 val acc 0.6923 (0.1s)
  [agent_trace_observability.action] test acc 0.5500 macro-F1 0.3504 ECE 0.131 (T=1.00, 4s, 0.00M params)
  [agent_trace_observability.needs_review] probe split=11, 2 labels, 274 train
    epoch 1/34 loss 0.6958 val acc 0.5385 (0.1s)
    epoch 2/34 loss 0.6948 val acc 0.5000 (0.1s)
    epoch 3/34 loss 0.6945 val acc 0.7308 (0.1s)
    epoch 4/34 loss 0.6804 val acc 0.5000 (0.1s)
    epoch 5/34 loss 0.6726 val acc 0.5000 (0.1s)
    epoch 6/34 loss 0.6814 val acc 0.6154 (0.1s)
    epoch 7/34 loss 0.6615 val acc 0.5000 (0.1s)
    epoch 8/34 loss 0.6669 val acc 0.5000 (0.1s)
    epoch 9/34 loss 0.6572 val acc 0.7308 (0.1s)
    epoch 10/34 loss 0.6582 val acc 0.7308 (0.1s)
    epoch 11/34 loss 0.6417 val acc 0.6923 (0.1s)
    epoch 12/34 loss 0.6440 val acc 0.6538 (0.1s)
    epoch 13/34 loss 0.6557 val acc 0.8462 (0.1s)
    epoch 14/34 loss 0.6362 val acc 0.7692 (0.1s)
    epoch 15/34 loss 0.6279 val acc 0.5769 (0.1s)
    epoch 16/34 loss 0.6396 val acc 0.8462 (0.1s)
    epoch 17/34 loss 0.6289 val acc 0.7692 (0.1s)
    epoch 18/34 loss 0.6251 val acc 0.6923 (0.1s)
    epoch 19/34 loss 0.6309 val acc 0.8462 (0.1s)
    epoch 20/34 loss 0.6234 val acc 0.8846 (0.1s)
    epoch 21/34 loss 0.6251 val acc 0.7308 (0.1s)
    epoch 22/34 loss 0.6159 val acc 0.8077 (0.1s)
    epoch 23/34 loss 0.6146 val acc 0.7308 (0.1s)
    epoch 24/34 loss 0.6146 val acc 0.8077 (0.1s)
    epoch 25/34 loss 0.6178 val acc 0.7308 (0.1s)
    epoch 26/34 loss 0.6112 val acc 0.8462 (0.1s)
    epoch 27/34 loss 0.6189 val acc 0.7308 (0.1s)
    epoch 28/34 loss 0.6121 val acc 0.7692 (0.1s)
    epoch 29/34 loss 0.6127 val acc 0.7308 (0.1s)
    epoch 30/34 loss 0.6119 val acc 0.8077 (0.1s)
    epoch 31/34 loss 0.6131 val acc 0.8077 (0.1s)
    epoch 32/34 loss 0.6112 val acc 0.7692 (0.1s)
    epoch 33/34 loss 0.6100 val acc 0.7308 (0.1s)
    epoch 34/34 loss 0.6083 val acc 0.7308 (0.1s)
  [agent_trace_observability.needs_review] test acc 0.8100 macro-F1 0.8091 ECE 0.223 (T=1.00, 4s, 0.00M params)
  [agent_trace_observability.outcome] probe split=11, 4 labels, 274 train
    epoch 1/34 loss 1.4329 val acc 0.5769 (0.1s)
    epoch 2/34 loss 1.3533 val acc 0.5385 (0.1s)
    epoch 3/34 loss 1.3368 val acc 0.4231 (0.1s)
    epoch 4/34 loss 1.3326 val acc 0.5769 (0.1s)
    epoch 5/34 loss 1.3208 val acc 0.6154 (0.1s)
    epoch 6/34 loss 1.3242 val acc 0.5769 (0.1s)
    epoch 7/34 loss 1.3077 val acc 0.5000 (0.1s)
    epoch 8/34 loss 1.3135 val acc 0.2308 (0.1s)
    epoch 9/34 loss 1.2985 val acc 0.4231 (0.1s)
    epoch 10/34 loss 1.2869 val acc 0.3462 (0.1s)
    epoch 11/34 loss 1.2777 val acc 0.5769 (0.1s)
    epoch 12/34 loss 1.2711 val acc 0.5769 (0.1s)
    epoch 13/34 loss 1.2705 val acc 0.5769 (0.1s)
    epoch 14/34 loss 1.2629 val acc 0.6538 (0.1s)
    epoch 15/34 loss 1.2682 val acc 0.5769 (0.1s)
    epoch 16/34 loss 1.2675 val acc 0.6538 (0.1s)
    epoch 17/34 loss 1.2524 val acc 0.4231 (0.1s)
    epoch 18/34 loss 1.2442 val acc 0.6154 (0.1s)
    epoch 19/34 loss 1.2420 val acc 0.6154 (0.1s)
    epoch 20/34 loss 1.2373 val acc 0.6538 (0.1s)
    epoch 21/34 loss 1.2280 val acc 0.6538 (0.1s)
    epoch 22/34 loss 1.2272 val acc 0.7308 (0.1s)
    epoch 23/34 loss 1.2262 val acc 0.6154 (0.1s)
    epoch 24/34 loss 1.2258 val acc 0.6538 (0.1s)
    epoch 25/34 loss 1.2222 val acc 0.6923 (0.1s)
    epoch 26/34 loss 1.2160 val acc 0.6154 (0.1s)
    epoch 27/34 loss 1.2243 val acc 0.6538 (0.1s)
    epoch 28/34 loss 1.2160 val acc 0.6538 (0.1s)
    epoch 29/34 loss 1.2141 val acc 0.6538 (0.1s)
    epoch 30/34 loss 1.2123 val acc 0.6923 (0.1s)
    epoch 31/34 loss 1.2159 val acc 0.6923 (0.1s)
    epoch 32/34 loss 1.2127 val acc 0.6923 (0.1s)
    epoch 33/34 loss 1.2132 val acc 0.6923 (0.1s)
    epoch 34/34 loss 1.2101 val acc 0.6923 (0.1s)
  [agent_trace_observability.outcome] test acc 0.3900 macro-F1 0.2676 ECE 0.014 (T=1.00, 4s, 0.00M params)
  [agent_trace_observability.risk] probe split=11, 4 labels, 274 train
    epoch 1/34 loss 1.3941 val acc 0.2692 (0.1s)
    epoch 2/34 loss 1.3694 val acc 0.2692 (0.1s)
    epoch 3/34 loss 1.3737 val acc 0.2692 (0.1s)
    epoch 4/34 loss 1.3478 val acc 0.2692 (0.1s)
    epoch 5/34 loss 1.3365 val acc 0.3462 (0.1s)
    epoch 6/34 loss 1.3610 val acc 0.3077 (0.1s)
    epoch 7/34 loss 1.3201 val acc 0.3846 (0.1s)
    epoch 8/34 loss 1.3079 val acc 0.3077 (0.1s)
    epoch 9/34 loss 1.3011 val acc 0.3077 (0.1s)
    epoch 10/34 loss 1.2980 val acc 0.4615 (0.1s)
    epoch 11/34 loss 1.2869 val acc 0.4231 (0.1s)
    epoch 12/34 loss 1.2712 val acc 0.4615 (0.1s)
    epoch 13/34 loss 1.2622 val acc 0.4231 (0.1s)
    epoch 14/34 loss 1.2533 val acc 0.4615 (0.1s)
    epoch 15/34 loss 1.2622 val acc 0.3846 (0.1s)
    epoch 16/34 loss 1.2535 val acc 0.5000 (0.1s)
    epoch 17/34 loss 1.2427 val acc 0.5385 (0.1s)
    epoch 18/34 loss 1.2362 val acc 0.5000 (0.1s)
    epoch 19/34 loss 1.2299 val acc 0.4615 (0.1s)
    epoch 20/34 loss 1.2219 val acc 0.4615 (0.1s)
    epoch 21/34 loss 1.2189 val acc 0.4231 (0.1s)
    epoch 22/34 loss 1.2115 val acc 0.5000 (0.1s)
    epoch 23/34 loss 1.2098 val acc 0.5000 (0.1s)
    epoch 24/34 loss 1.2039 val acc 0.5385 (0.1s)
    epoch 25/34 loss 1.2034 val acc 0.5769 (0.1s)
    epoch 26/34 loss 1.1978 val acc 0.5000 (0.1s)
    epoch 27/34 loss 1.2041 val acc 0.5000 (0.1s)
    epoch 28/34 loss 1.1997 val acc 0.5769 (0.1s)
    epoch 29/34 loss 1.1981 val acc 0.5385 (0.1s)
    epoch 30/34 loss 1.1978 val acc 0.5769 (0.1s)
    epoch 31/34 loss 1.1943 val acc 0.5769 (0.1s)
    epoch 32/34 loss 1.1937 val acc 0.5769 (0.1s)
    epoch 33/34 loss 1.1922 val acc 0.5769 (0.1s)
    epoch 34/34 loss 1.1911 val acc 0.5769 (0.1s)
  [agent_trace_observability.risk] test acc 0.4400 macro-F1 0.3916 ECE 0.098 (T=1.00, 4s, 0.00M params)
  [agent_trace_observability.urgency] probe split=11, 4 labels, 274 train
    epoch 1/34 loss 1.3749 val acc 0.6154 (0.1s)
    epoch 2/34 loss 1.3441 val acc 0.6154 (0.1s)
    epoch 3/34 loss 1.3484 val acc 0.6154 (0.1s)
    epoch 4/34 loss 1.3293 val acc 0.5769 (0.1s)
    epoch 5/34 loss 1.3374 val acc 0.5000 (0.1s)
    epoch 6/34 loss 1.3300 val acc 0.6154 (0.1s)
    epoch 7/34 loss 1.3127 val acc 0.5769 (0.1s)
    epoch 8/34 loss 1.2972 val acc 0.6154 (0.1s)
    epoch 9/34 loss 1.2879 val acc 0.6154 (0.1s)
    epoch 10/34 loss 1.2844 val acc 0.5769 (0.1s)
    epoch 11/34 loss 1.2771 val acc 0.6154 (0.1s)
    epoch 12/34 loss 1.2613 val acc 0.6154 (0.1s)
    epoch 13/34 loss 1.2673 val acc 0.6154 (0.1s)
    epoch 14/34 loss 1.2583 val acc 0.6154 (0.1s)
    epoch 15/34 loss 1.2602 val acc 0.6154 (0.1s)
    epoch 16/34 loss 1.2568 val acc 0.6923 (0.1s)
    epoch 17/34 loss 1.2454 val acc 0.6154 (0.1s)
    epoch 18/34 loss 1.2404 val acc 0.5769 (0.1s)
    epoch 19/34 loss 1.2407 val acc 0.5769 (0.1s)
    epoch 20/34 loss 1.2322 val acc 0.6538 (0.1s)
    epoch 21/34 loss 1.2305 val acc 0.5769 (0.1s)
    epoch 22/34 loss 1.2205 val acc 0.5769 (0.1s)
    epoch 23/34 loss 1.2220 val acc 0.5769 (0.1s)
    epoch 24/34 loss 1.2182 val acc 0.6154 (0.1s)
    epoch 25/34 loss 1.2172 val acc 0.5769 (0.1s)
    epoch 26/34 loss 1.2144 val acc 0.5769 (0.1s)
    epoch 27/34 loss 1.2180 val acc 0.5769 (0.1s)
    epoch 28/34 loss 1.2151 val acc 0.5769 (0.1s)
    epoch 29/34 loss 1.2108 val acc 0.5769 (0.1s)
    epoch 30/34 loss 1.2135 val acc 0.6154 (0.1s)
    epoch 31/34 loss 1.2112 val acc 0.6154 (0.1s)
    epoch 32/34 loss 1.2104 val acc 0.6154 (0.1s)
    epoch 33/34 loss 1.2128 val acc 0.5769 (0.1s)
    epoch 34/34 loss 1.2091 val acc 0.5769 (0.1s)
  [agent_trace_observability.urgency] test acc 0.3900 macro-F1 0.2386 ECE 0.086 (T=1.00, 4s, 0.00M params)
  [customer_service.action] probe split=11, 5 labels, 269 train
    epoch 1/34 loss 1.4343 val acc 0.5484 (0.2s)
    epoch 2/34 loss 1.3080 val acc 0.5484 (0.2s)
    epoch 3/34 loss 1.2739 val acc 0.5161 (0.2s)
    epoch 4/34 loss 1.2631 val acc 0.5161 (0.2s)
    epoch 5/34 loss 1.2355 val acc 0.5484 (0.2s)
    epoch 6/34 loss 1.2331 val acc 0.5484 (0.2s)
    epoch 7/34 loss 1.2174 val acc 0.4839 (0.2s)
    epoch 8/34 loss 1.2171 val acc 0.5484 (0.2s)
    epoch 9/34 loss 1.2201 val acc 0.5484 (0.2s)
    epoch 10/34 loss 1.2035 val acc 0.5484 (0.2s)
    epoch 11/34 loss 1.1997 val acc 0.5484 (0.2s)
    epoch 12/34 loss 1.1876 val acc 0.4516 (0.2s)
    epoch 13/34 loss 1.1807 val acc 0.4839 (0.2s)
    epoch 14/34 loss 1.1977 val acc 0.5161 (0.2s)
    epoch 15/34 loss 1.1842 val acc 0.4516 (0.2s)
    epoch 16/34 loss 1.1711 val acc 0.4516 (0.2s)
    epoch 17/34 loss 1.1641 val acc 0.5806 (0.2s)
    epoch 18/34 loss 1.1565 val acc 0.5484 (0.2s)
    epoch 19/34 loss 1.1541 val acc 0.5484 (0.2s)
    epoch 20/34 loss 1.1496 val acc 0.5484 (0.2s)
    epoch 21/34 loss 1.1502 val acc 0.5806 (0.2s)
    epoch 22/34 loss 1.1471 val acc 0.5161 (0.2s)
    epoch 23/34 loss 1.1496 val acc 0.5806 (0.2s)
    epoch 24/34 loss 1.1467 val acc 0.5806 (0.2s)
    epoch 25/34 loss 1.1428 val acc 0.5161 (0.2s)
    epoch 26/34 loss 1.1434 val acc 0.5806 (0.2s)
    epoch 27/34 loss 1.1419 val acc 0.5806 (0.2s)
    epoch 28/34 loss 1.1388 val acc 0.5806 (0.2s)
    epoch 29/34 loss 1.1407 val acc 0.5806 (0.2s)
    epoch 30/34 loss 1.1362 val acc 0.5806 (0.2s)
    epoch 31/34 loss 1.1401 val acc 0.5806 (0.2s)
    epoch 32/34 loss 1.1394 val acc 0.5806 (0.2s)
    epoch 33/34 loss 1.1410 val acc 0.5806 (0.2s)
    epoch 34/34 loss 1.1341 val acc 0.5806 (0.2s)
  [customer_service.action] test acc 0.6100 macro-F1 0.2859 ECE 0.101 (T=0.91, 6s, 0.01M params)
  [customer_service.category] probe split=11, 5 labels, 269 train
    epoch 1/34 loss 1.6255 val acc 0.3226 (0.2s)
    epoch 2/34 loss 1.5657 val acc 0.1290 (0.2s)
    epoch 3/34 loss 1.5491 val acc 0.3226 (0.2s)
    epoch 4/34 loss 1.5333 val acc 0.1290 (0.2s)
    epoch 5/34 loss 1.4840 val acc 0.5161 (0.2s)
    epoch 6/34 loss 1.4638 val acc 0.4194 (0.2s)
    epoch 7/34 loss 1.4122 val acc 0.1935 (0.2s)
    epoch 8/34 loss 1.3783 val acc 0.4839 (0.2s)
    epoch 9/34 loss 1.3521 val acc 0.5806 (0.2s)
    epoch 10/34 loss 1.3090 val acc 0.4839 (0.2s)
    epoch 11/34 loss 1.2847 val acc 0.4194 (0.2s)
    epoch 12/34 loss 1.2557 val acc 0.3548 (0.2s)
    epoch 13/34 loss 1.2173 val acc 0.5484 (0.2s)
    epoch 14/34 loss 1.2098 val acc 0.5161 (0.2s)
    epoch 15/34 loss 1.1872 val acc 0.5484 (0.2s)
    epoch 16/34 loss 1.1426 val acc 0.4194 (0.2s)
    epoch 17/34 loss 1.1372 val acc 0.5484 (0.2s)
    epoch 18/34 loss 1.1153 val acc 0.4194 (0.2s)
    epoch 19/34 loss 1.1022 val acc 0.5484 (0.2s)
    epoch 20/34 loss 1.0639 val acc 0.4839 (0.2s)
    epoch 21/34 loss 1.0784 val acc 0.5806 (0.2s)
    epoch 22/34 loss 1.0642 val acc 0.5806 (0.2s)
    epoch 23/34 loss 1.0488 val acc 0.4839 (0.2s)
    epoch 24/34 loss 1.0368 val acc 0.5161 (0.2s)
    epoch 25/34 loss 1.0339 val acc 0.6129 (0.2s)
    epoch 26/34 loss 1.0146 val acc 0.5806 (0.2s)
    epoch 27/34 loss 1.0266 val acc 0.4194 (0.2s)
    epoch 28/34 loss 1.0111 val acc 0.5161 (0.2s)
    epoch 29/34 loss 1.0017 val acc 0.4839 (0.2s)
    epoch 30/34 loss 1.0079 val acc 0.5161 (0.2s)
    epoch 31/34 loss 0.9987 val acc 0.5806 (0.1s)
    epoch 32/34 loss 1.0067 val acc 0.5806 (0.1s)
    epoch 33/34 loss 1.0111 val acc 0.5806 (0.2s)
    epoch 34/34 loss 1.0082 val acc 0.5806 (0.1s)
  [customer_service.category] test acc 0.6900 macro-F1 0.5392 ECE 0.139 (T=0.48, 6s, 0.01M params)
  [customer_service.churn_risk] probe split=11, 4 labels, 269 train
    epoch 1/34 loss 1.4674 val acc 0.5161 (0.1s)
    epoch 2/34 loss 1.3247 val acc 0.1935 (0.2s)
    epoch 3/34 loss 1.3049 val acc 0.4516 (0.1s)
    epoch 4/34 loss 1.2774 val acc 0.4516 (0.1s)
    epoch 5/34 loss 1.2606 val acc 0.4516 (0.1s)
    epoch 6/34 loss 1.2577 val acc 0.1935 (0.2s)
    epoch 7/34 loss 1.2416 val acc 0.2258 (0.2s)
    epoch 8/34 loss 1.2355 val acc 0.4839 (0.1s)
    epoch 9/34 loss 1.2392 val acc 0.5161 (0.1s)
    epoch 10/34 loss 1.2161 val acc 0.4839 (0.1s)
    epoch 11/34 loss 1.2150 val acc 0.4839 (0.2s)
    epoch 12/34 loss 1.1952 val acc 0.3548 (0.1s)
    epoch 13/34 loss 1.1868 val acc 0.5484 (0.1s)
    epoch 14/34 loss 1.1745 val acc 0.5484 (0.1s)
    epoch 15/34 loss 1.1663 val acc 0.5806 (0.1s)
    epoch 16/34 loss 1.1634 val acc 0.5484 (0.1s)
    epoch 17/34 loss 1.1546 val acc 0.4839 (0.2s)
    epoch 18/34 loss 1.1543 val acc 0.6129 (0.2s)
    epoch 19/34 loss 1.1514 val acc 0.5161 (0.1s)
    epoch 20/34 loss 1.1411 val acc 0.4839 (0.1s)
    epoch 21/34 loss 1.1353 val acc 0.5161 (0.2s)
    epoch 22/34 loss 1.1306 val acc 0.5484 (0.1s)
    epoch 23/34 loss 1.1268 val acc 0.5161 (0.1s)
    epoch 24/34 loss 1.1289 val acc 0.5161 (0.1s)
    epoch 25/34 loss 1.1234 val acc 0.5161 (0.1s)
    epoch 26/34 loss 1.1271 val acc 0.5161 (0.1s)
    epoch 27/34 loss 1.1206 val acc 0.5161 (0.2s)
    epoch 28/34 loss 1.1188 val acc 0.5484 (0.1s)
    epoch 29/34 loss 1.1186 val acc 0.5161 (0.1s)
    epoch 30/34 loss 1.1225 val acc 0.5161 (0.1s)
    epoch 31/34 loss 1.1226 val acc 0.5161 (0.2s)
    epoch 32/34 loss 1.1211 val acc 0.5161 (0.1s)
    epoch 33/34 loss 1.1202 val acc 0.5161 (0.2s)
    epoch 34/34 loss 1.1165 val acc 0.5161 (0.1s)
  [customer_service.churn_risk] test acc 0.6600 macro-F1 0.4729 ECE 0.213 (T=0.91, 5s, 0.00M params)
  [customer_service.needs_human] probe split=11, 2 labels, 269 train
    epoch 1/34 loss 0.6914 val acc 0.7419 (0.2s)
    epoch 2/34 loss 0.6975 val acc 0.7419 (0.2s)
    epoch 3/34 loss 0.6778 val acc 0.4839 (0.2s)
    epoch 4/34 loss 0.6670 val acc 0.6452 (0.2s)
    epoch 5/34 loss 0.6604 val acc 0.7419 (0.1s)
    epoch 6/34 loss 0.6578 val acc 0.7742 (0.1s)
    epoch 7/34 loss 0.6513 val acc 0.5484 (0.1s)
    epoch 8/34 loss 0.6640 val acc 0.7419 (0.2s)
    epoch 9/34 loss 0.6731 val acc 0.7419 (0.2s)
    epoch 10/34 loss 0.6490 val acc 0.7419 (0.1s)
    epoch 11/34 loss 0.6570 val acc 0.7419 (0.1s)
    epoch 12/34 loss 0.6451 val acc 0.4516 (0.1s)
    epoch 13/34 loss 0.6467 val acc 0.4516 (0.2s)
    epoch 14/34 loss 0.6707 val acc 0.7419 (0.1s)
    epoch 15/34 loss 0.6552 val acc 0.4516 (0.2s)
    epoch 16/34 loss 0.6326 val acc 0.7097 (0.1s)
    epoch 17/34 loss 0.6286 val acc 0.7742 (0.2s)
    epoch 18/34 loss 0.6259 val acc 0.6774 (0.2s)
    epoch 19/34 loss 0.6288 val acc 0.7097 (0.2s)
    epoch 20/34 loss 0.6231 val acc 0.7419 (0.2s)
    epoch 21/34 loss 0.6279 val acc 0.7097 (0.2s)
    epoch 22/34 loss 0.6207 val acc 0.7419 (0.1s)
    epoch 23/34 loss 0.6215 val acc 0.7419 (0.2s)
    epoch 24/34 loss 0.6207 val acc 0.7419 (0.1s)
    epoch 25/34 loss 0.6215 val acc 0.7419 (0.2s)
    epoch 26/34 loss 0.6219 val acc 0.7742 (0.1s)
    epoch 27/34 loss 0.6195 val acc 0.7742 (0.2s)
    epoch 28/34 loss 0.6186 val acc 0.7742 (0.2s)
    epoch 29/34 loss 0.6188 val acc 0.7742 (0.1s)
    epoch 30/34 loss 0.6176 val acc 0.7097 (0.1s)
    epoch 31/34 loss 0.6180 val acc 0.7097 (0.1s)
    epoch 32/34 loss 0.6197 val acc 0.7419 (0.2s)
    epoch 33/34 loss 0.6191 val acc 0.7419 (0.2s)
    epoch 34/34 loss 0.6164 val acc 0.7419 (0.2s)
  [customer_service.needs_human] test acc 0.7400 macro-F1 0.6330 ECE 0.122 (T=0.67, 5s, 0.00M params)
  [customer_service.urgency] probe split=11, 4 labels, 269 train
    epoch 1/34 loss 1.5585 val acc 0.2581 (0.2s)
    epoch 2/34 loss 1.2773 val acc 0.5161 (0.2s)
    epoch 3/34 loss 1.1910 val acc 0.5484 (0.2s)
    epoch 4/34 loss 1.1806 val acc 0.5161 (0.1s)
    epoch 5/34 loss 1.1722 val acc 0.5161 (0.1s)
    epoch 6/34 loss 1.1535 val acc 0.4839 (0.2s)
    epoch 7/34 loss 1.1369 val acc 0.5161 (0.2s)
    epoch 8/34 loss 1.1358 val acc 0.5484 (0.2s)
    epoch 9/34 loss 1.1321 val acc 0.5806 (0.2s)
    epoch 10/34 loss 1.1507 val acc 0.2581 (0.2s)
    epoch 11/34 loss 1.1846 val acc 0.5484 (0.2s)
    epoch 12/34 loss 1.1292 val acc 0.4516 (0.1s)
    epoch 13/34 loss 1.1050 val acc 0.2903 (0.2s)
    epoch 14/34 loss 1.1017 val acc 0.5161 (0.2s)
    epoch 15/34 loss 1.0941 val acc 0.6129 (0.1s)
    epoch 16/34 loss 1.0867 val acc 0.5484 (0.2s)
    epoch 17/34 loss 1.0827 val acc 0.3871 (0.2s)
    epoch 18/34 loss 1.0812 val acc 0.5806 (0.1s)
    epoch 19/34 loss 1.0742 val acc 0.5161 (0.1s)
    epoch 20/34 loss 1.0703 val acc 0.5806 (0.1s)
    epoch 21/34 loss 1.0748 val acc 0.5484 (0.2s)
    epoch 22/34 loss 1.0746 val acc 0.4839 (0.2s)
    epoch 23/34 loss 1.0655 val acc 0.5161 (0.1s)
    epoch 24/34 loss 1.0672 val acc 0.5161 (0.1s)
    epoch 25/34 loss 1.0608 val acc 0.4839 (0.2s)
    epoch 26/34 loss 1.0623 val acc 0.5161 (0.1s)
    epoch 27/34 loss 1.0551 val acc 0.5806 (0.2s)
    epoch 28/34 loss 1.0640 val acc 0.5484 (0.2s)
    epoch 29/34 loss 1.0573 val acc 0.5484 (0.2s)
    epoch 30/34 loss 1.0514 val acc 0.5161 (0.2s)
    epoch 31/34 loss 1.0558 val acc 0.5161 (0.2s)
    epoch 32/34 loss 1.0549 val acc 0.5161 (0.1s)
    epoch 33/34 loss 1.0539 val acc 0.5161 (0.1s)
    epoch 34/34 loss 1.0561 val acc 0.5161 (0.2s)
  [customer_service.urgency] test acc 0.6500 macro-F1 0.4624 ECE 0.175 (T=0.87, 5s, 0.00M params)
  [invoice_processing.discrepancy_severity] probe split=11, 4 labels, 259 train
    epoch 1/34 loss 1.4464 val acc 0.3171 (0.1s)
    epoch 2/34 loss 1.2766 val acc 0.2927 (0.1s)
    epoch 3/34 loss 1.2922 val acc 0.2927 (0.1s)
    epoch 4/34 loss 1.2576 val acc 0.2927 (0.1s)
    epoch 5/34 loss 1.3105 val acc 0.2927 (0.1s)
    epoch 6/34 loss 1.2866 val acc 0.4390 (0.1s)
    epoch 7/34 loss 1.2938 val acc 0.2927 (0.1s)
    epoch 8/34 loss 1.2373 val acc 0.3171 (0.2s)
    epoch 9/34 loss 1.2988 val acc 0.2927 (0.1s)
    epoch 10/34 loss 1.2806 val acc 0.2927 (0.1s)
    epoch 11/34 loss 1.2148 val acc 0.2927 (0.1s)
    epoch 12/34 loss 1.2097 val acc 0.5122 (0.1s)
    epoch 13/34 loss 1.2406 val acc 0.2927 (0.1s)
    epoch 14/34 loss 1.2714 val acc 0.4634 (0.1s)
    epoch 15/34 loss 1.2084 val acc 0.2927 (0.1s)
    epoch 16/34 loss 1.2155 val acc 0.3659 (0.1s)
    epoch 17/34 loss 1.1880 val acc 0.2927 (0.1s)
    epoch 18/34 loss 1.1913 val acc 0.3171 (0.1s)
    epoch 19/34 loss 1.1797 val acc 0.2927 (0.1s)
    epoch 20/34 loss 1.1839 val acc 0.3171 (0.1s)
    epoch 21/34 loss 1.1649 val acc 0.3171 (0.1s)
    epoch 22/34 loss 1.1522 val acc 0.3659 (0.1s)
    epoch 23/34 loss 1.1773 val acc 0.4390 (0.1s)
    epoch 24/34 loss 1.1597 val acc 0.2927 (0.1s)
    epoch 25/34 loss 1.1657 val acc 0.3171 (0.1s)
    epoch 26/34 loss 1.1563 val acc 0.3415 (0.1s)
    epoch 27/34 loss 1.1479 val acc 0.3171 (0.1s)
    epoch 28/34 loss 1.1533 val acc 0.3171 (0.1s)
    epoch 29/34 loss 1.1498 val acc 0.3171 (0.1s)
    epoch 30/34 loss 1.1511 val acc 0.3171 (0.1s)
    epoch 31/34 loss 1.1498 val acc 0.3171 (0.1s)
    epoch 32/34 loss 1.1478 val acc 0.3171 (0.1s)
    epoch 33/34 loss 1.1435 val acc 0.3171 (0.1s)
    epoch 34/34 loss 1.1515 val acc 0.3171 (0.1s)
  [invoice_processing.discrepancy_severity] test acc 0.5200 macro-F1 0.2735 ECE 0.092 (T=1.05, 5s, 0.00M params)
  [invoice_processing.disposition] probe split=11, 4 labels, 259 train
    epoch 1/34 loss 1.2981 val acc 0.4634 (0.1s)
    epoch 2/34 loss 1.2521 val acc 0.2439 (0.1s)
    epoch 3/34 loss 1.2701 val acc 0.4634 (0.1s)
    epoch 4/34 loss 1.2548 val acc 0.2439 (0.1s)
    epoch 5/34 loss 1.2830 val acc 0.2439 (0.1s)
    epoch 6/34 loss 1.2850 val acc 0.4634 (0.1s)
    epoch 7/34 loss 1.2818 val acc 0.5610 (0.1s)
    epoch 8/34 loss 1.2498 val acc 0.2683 (0.1s)
    epoch 9/34 loss 1.2765 val acc 0.2439 (0.1s)
    epoch 10/34 loss 1.2763 val acc 0.2683 (0.1s)
    epoch 11/34 loss 1.2236 val acc 0.4390 (0.1s)
    epoch 12/34 loss 1.2257 val acc 0.4390 (0.1s)
    epoch 13/34 loss 1.2284 val acc 0.2439 (0.1s)
    epoch 14/34 loss 1.2113 val acc 0.3415 (0.1s)
    epoch 15/34 loss 1.2094 val acc 0.5366 (0.1s)
    epoch 16/34 loss 1.1935 val acc 0.2439 (0.1s)
    epoch 17/34 loss 1.1753 val acc 0.5122 (0.1s)
    epoch 18/34 loss 1.2219 val acc 0.2927 (0.1s)
    epoch 19/34 loss 1.1819 val acc 0.5366 (0.1s)
    epoch 20/34 loss 1.2394 val acc 0.5854 (0.1s)
    epoch 21/34 loss 1.1899 val acc 0.2439 (0.1s)
    epoch 22/34 loss 1.1733 val acc 0.5854 (0.1s)
    epoch 23/34 loss 1.2251 val acc 0.5854 (0.1s)
    epoch 24/34 loss 1.1904 val acc 0.3659 (0.1s)
    epoch 25/34 loss 1.1655 val acc 0.3171 (0.1s)
    epoch 26/34 loss 1.1794 val acc 0.2927 (0.1s)
    epoch 27/34 loss 1.1648 val acc 0.4146 (0.1s)
    epoch 28/34 loss 1.1694 val acc 0.4634 (0.1s)
    epoch 29/34 loss 1.1686 val acc 0.4146 (0.1s)
    epoch 30/34 loss 1.1646 val acc 0.3902 (0.1s)
    epoch 31/34 loss 1.1644 val acc 0.3659 (0.1s)
    epoch 32/34 loss 1.1612 val acc 0.3659 (0.1s)
    epoch 33/34 loss 1.1610 val acc 0.3659 (0.1s)
    epoch 34/34 loss 1.1685 val acc 0.3659 (0.1s)
  [invoice_processing.disposition] test acc 0.5600 macro-F1 0.2918 ECE 0.166 (T=1.23, 5s, 0.00M params)
  [invoice_processing.duplicate] probe split=11, 2 labels, 259 train
    epoch 1/34 loss 0.5912 val acc 0.8780 (0.1s)
    epoch 2/34 loss 0.3471 val acc 0.8780 (0.1s)
    epoch 3/34 loss 0.3484 val acc 0.8780 (0.1s)
    epoch 4/34 loss 0.3229 val acc 0.8780 (0.1s)
    epoch 5/34 loss 0.3433 val acc 0.8780 (0.1s)
    epoch 6/34 loss 0.3325 val acc 0.8780 (0.1s)
    epoch 7/34 loss 0.3240 val acc 0.8780 (0.1s)
    epoch 8/34 loss 0.3204 val acc 0.8780 (0.1s)
    epoch 9/34 loss 0.3176 val acc 0.8780 (0.1s)
    epoch 10/34 loss 0.3139 val acc 0.8780 (0.1s)
    epoch 11/34 loss 0.3177 val acc 0.8780 (0.1s)
    epoch 12/34 loss 0.3156 val acc 0.8780 (0.1s)
    epoch 13/34 loss 0.3223 val acc 0.8780 (0.1s)
    epoch 14/34 loss 0.3290 val acc 0.8780 (0.1s)
    epoch 15/34 loss 0.3343 val acc 0.8780 (0.1s)
    epoch 16/34 loss 0.3396 val acc 0.8780 (0.1s)
    epoch 17/34 loss 0.3106 val acc 0.8780 (0.1s)
    epoch 18/34 loss 0.3314 val acc 0.8780 (0.1s)
    epoch 19/34 loss 0.3096 val acc 0.8780 (0.1s)
    epoch 20/34 loss 0.3206 val acc 0.8780 (0.1s)
    epoch 21/34 loss 0.3139 val acc 0.8780 (0.1s)
    epoch 22/34 loss 0.3131 val acc 0.8780 (0.1s)
    epoch 23/34 loss 0.3081 val acc 0.8780 (0.1s)
    epoch 24/34 loss 0.3059 val acc 0.8780 (0.1s)
    epoch 25/34 loss 0.3037 val acc 0.8780 (0.1s)
    epoch 26/34 loss 0.3050 val acc 0.8780 (0.1s)
    epoch 27/34 loss 0.3077 val acc 0.8780 (0.1s)
    epoch 28/34 loss 0.3040 val acc 0.8780 (0.1s)
    epoch 29/34 loss 0.3011 val acc 0.8780 (0.1s)
    epoch 30/34 loss 0.2995 val acc 0.8780 (0.1s)
    epoch 31/34 loss 0.3014 val acc 0.8780 (0.1s)
    epoch 32/34 loss 0.3013 val acc 0.8780 (0.1s)
    epoch 33/34 loss 0.3025 val acc 0.8780 (0.1s)
    epoch 34/34 loss 0.3008 val acc 0.8780 (0.1s)
  [invoice_processing.duplicate] test acc 0.8900 macro-F1 0.4709 ECE 0.026 (T=1.08, 5s, 0.00M params)
  [invoice_processing.matches_order] probe split=11, 2 labels, 259 train
    epoch 1/34 loss 0.7006 val acc 0.6341 (0.1s)
    epoch 2/34 loss 0.6905 val acc 0.3659 (0.1s)
    epoch 3/34 loss 0.7096 val acc 0.6341 (0.1s)
    epoch 4/34 loss 0.7226 val acc 0.3659 (0.1s)
    epoch 5/34 loss 0.7443 val acc 0.4878 (0.1s)
    epoch 6/34 loss 0.7093 val acc 0.6341 (0.1s)
    epoch 7/34 loss 0.8351 val acc 0.3902 (0.1s)
    epoch 8/34 loss 0.6770 val acc 0.7561 (0.1s)
    epoch 9/34 loss 0.7111 val acc 0.3659 (0.1s)
    epoch 10/34 loss 0.7177 val acc 0.3902 (0.1s)
    epoch 11/34 loss 0.6605 val acc 0.3659 (0.1s)
    epoch 12/34 loss 0.6585 val acc 0.6341 (0.1s)
    epoch 13/34 loss 0.6944 val acc 0.3659 (0.1s)
    epoch 14/34 loss 0.7005 val acc 0.7073 (0.1s)
    epoch 15/34 loss 0.6451 val acc 0.7073 (0.1s)
    epoch 16/34 loss 0.6297 val acc 0.4146 (0.1s)
    epoch 17/34 loss 0.6192 val acc 0.6829 (0.1s)
    epoch 18/34 loss 0.6516 val acc 0.4390 (0.1s)
    epoch 19/34 loss 0.6159 val acc 0.7317 (0.1s)
    epoch 20/34 loss 0.6842 val acc 0.7317 (0.1s)
    epoch 21/34 loss 0.6222 val acc 0.4146 (0.1s)
    epoch 22/34 loss 0.6070 val acc 0.7317 (0.1s)
    epoch 23/34 loss 0.6420 val acc 0.7317 (0.1s)
    epoch 24/34 loss 0.6151 val acc 0.4634 (0.1s)
    epoch 25/34 loss 0.6156 val acc 0.5610 (0.1s)
    epoch 26/34 loss 0.6091 val acc 0.7073 (0.1s)
    epoch 27/34 loss 0.6033 val acc 0.6341 (0.1s)
    epoch 28/34 loss 0.6080 val acc 0.5610 (0.1s)
    epoch 29/34 loss 0.6024 val acc 0.5610 (0.1s)
    epoch 30/34 loss 0.6052 val acc 0.7073 (0.1s)
    epoch 31/34 loss 0.6036 val acc 0.6829 (0.1s)
    epoch 32/34 loss 0.6032 val acc 0.6585 (0.1s)
    epoch 33/34 loss 0.5972 val acc 0.6585 (0.1s)
    epoch 34/34 loss 0.6046 val acc 0.6585 (0.1s)
  [invoice_processing.matches_order] test acc 0.7800 macro-F1 0.7768 ECE 0.139 (T=0.61, 5s, 0.00M params)
  [invoice_processing.urgency] probe split=11, 4 labels, 259 train
    epoch 1/34 loss 1.3397 val acc 0.4634 (0.1s)
    epoch 2/34 loss 1.2175 val acc 0.4878 (0.1s)
    epoch 3/34 loss 1.2231 val acc 0.4878 (0.1s)
    epoch 4/34 loss 1.2028 val acc 0.4634 (0.1s)
    epoch 5/34 loss 1.2102 val acc 0.4878 (0.1s)
    epoch 6/34 loss 1.2161 val acc 0.4878 (0.1s)
    epoch 7/34 loss 1.1842 val acc 0.5610 (0.1s)
    epoch 8/34 loss 1.1747 val acc 0.4634 (0.1s)
    epoch 9/34 loss 1.1869 val acc 0.6585 (0.1s)
    epoch 10/34 loss 1.1728 val acc 0.4634 (0.1s)
    epoch 11/34 loss 1.1718 val acc 0.6585 (0.1s)
    epoch 12/34 loss 1.1599 val acc 0.5122 (0.1s)
    epoch 13/34 loss 1.1649 val acc 0.6585 (0.1s)
    epoch 14/34 loss 1.1573 val acc 0.7073 (0.1s)
    epoch 15/34 loss 1.1496 val acc 0.5366 (0.1s)
    epoch 16/34 loss 1.1433 val acc 0.6585 (0.1s)
    epoch 17/34 loss 1.1439 val acc 0.7073 (0.1s)
    epoch 18/34 loss 1.1400 val acc 0.6341 (0.1s)
    epoch 19/34 loss 1.1424 val acc 0.6585 (0.1s)
    epoch 20/34 loss 1.1386 val acc 0.6585 (0.1s)
    epoch 21/34 loss 1.1422 val acc 0.6829 (0.1s)
    epoch 22/34 loss 1.1404 val acc 0.6829 (0.1s)
    epoch 23/34 loss 1.1355 val acc 0.6829 (0.1s)
    epoch 24/34 loss 1.1304 val acc 0.7073 (0.1s)
    epoch 25/34 loss 1.1246 val acc 0.6585 (0.1s)
    epoch 26/34 loss 1.1302 val acc 0.6585 (0.1s)
    epoch 27/34 loss 1.1284 val acc 0.6585 (0.1s)
    epoch 28/34 loss 1.1262 val acc 0.6585 (0.1s)
    epoch 29/34 loss 1.1277 val acc 0.6585 (0.1s)
    epoch 30/34 loss 1.1245 val acc 0.6585 (0.1s)
    epoch 31/34 loss 1.1214 val acc 0.6585 (0.1s)
    epoch 32/34 loss 1.1252 val acc 0.6585 (0.1s)
    epoch 33/34 loss 1.1260 val acc 0.6829 (0.1s)
    epoch 34/34 loss 1.1283 val acc 0.6829 (0.1s)
  [invoice_processing.urgency] test acc 0.5700 macro-F1 0.3121 ECE 0.106 (T=0.89, 5s, 0.00M params)
  [security_incidents.credential_compromise] probe split=11, 2 labels, 278 train
    epoch 1/34 loss 0.6931 val acc 0.5909 (0.2s)
    epoch 2/34 loss 0.6948 val acc 0.5909 (0.1s)
    epoch 3/34 loss 0.6963 val acc 0.5909 (0.2s)
    epoch 4/34 loss 0.6900 val acc 0.5909 (0.2s)
    epoch 5/34 loss 0.6991 val acc 0.5909 (0.1s)
    epoch 6/34 loss 0.6822 val acc 0.6364 (0.1s)
    epoch 7/34 loss 0.6950 val acc 0.5909 (0.1s)
    epoch 8/34 loss 0.7036 val acc 0.5909 (0.1s)
    epoch 9/34 loss 0.7117 val acc 0.6364 (0.1s)
    epoch 10/34 loss 0.6816 val acc 0.6364 (0.1s)
    epoch 11/34 loss 0.7000 val acc 0.4091 (0.1s)
    epoch 12/34 loss 0.6840 val acc 0.4545 (0.2s)
    epoch 13/34 loss 0.6706 val acc 0.5000 (0.1s)
    epoch 14/34 loss 0.6644 val acc 0.6364 (0.1s)
    epoch 15/34 loss 0.6693 val acc 0.6818 (0.1s)
    epoch 16/34 loss 0.6618 val acc 0.5000 (0.1s)
    epoch 17/34 loss 0.6663 val acc 0.5000 (0.2s)
    epoch 18/34 loss 0.6641 val acc 0.6818 (0.1s)
    epoch 19/34 loss 0.6548 val acc 0.6818 (0.1s)
    epoch 20/34 loss 0.6603 val acc 0.5455 (0.2s)
    epoch 21/34 loss 0.6565 val acc 0.5455 (0.1s)
    epoch 22/34 loss 0.6557 val acc 0.6818 (0.2s)
    epoch 23/34 loss 0.6551 val acc 0.5000 (0.1s)
    epoch 24/34 loss 0.6526 val acc 0.6818 (0.2s)
    epoch 25/34 loss 0.6507 val acc 0.5000 (0.1s)
    epoch 26/34 loss 0.6487 val acc 0.5000 (0.1s)
    epoch 27/34 loss 0.6497 val acc 0.5000 (0.1s)
    epoch 28/34 loss 0.6520 val acc 0.5909 (0.1s)
    epoch 29/34 loss 0.6490 val acc 0.5000 (0.1s)
    epoch 30/34 loss 0.6496 val acc 0.5000 (0.1s)
    epoch 31/34 loss 0.6506 val acc 0.5455 (0.1s)
    epoch 32/34 loss 0.6508 val acc 0.5455 (0.1s)
    epoch 33/34 loss 0.6509 val acc 0.5909 (0.1s)
    epoch 34/34 loss 0.6492 val acc 0.5455 (0.1s)
  [security_incidents.credential_compromise] test acc 0.6500 macro-F1 0.6491 ECE 0.139 (T=1.00, 5s, 0.00M params)
  [security_incidents.disposition] probe split=11, 4 labels, 278 train
    epoch 1/34 loss 1.2902 val acc 0.7273 (0.1s)
    epoch 2/34 loss 1.2487 val acc 0.7273 (0.1s)
    epoch 3/34 loss 1.2387 val acc 0.7273 (0.1s)
    epoch 4/34 loss 1.2222 val acc 0.7273 (0.1s)
    epoch 5/34 loss 1.2137 val acc 0.7273 (0.1s)
    epoch 6/34 loss 1.2110 val acc 0.7273 (0.1s)
    epoch 7/34 loss 1.2156 val acc 0.7273 (0.1s)
    epoch 8/34 loss 1.1901 val acc 0.7273 (0.2s)
    epoch 9/34 loss 1.1916 val acc 0.7273 (0.1s)
    epoch 10/34 loss 1.1868 val acc 0.7273 (0.2s)
    epoch 11/34 loss 1.1833 val acc 0.7273 (0.1s)
    epoch 12/34 loss 1.1783 val acc 0.7273 (0.1s)
    epoch 13/34 loss 1.1890 val acc 0.7273 (0.1s)
    epoch 14/34 loss 1.1821 val acc 0.7273 (0.1s)
    epoch 15/34 loss 1.1688 val acc 0.7273 (0.1s)
    epoch 16/34 loss 1.1812 val acc 0.7273 (0.1s)
    epoch 17/34 loss 1.1599 val acc 0.7273 (0.1s)
    epoch 18/34 loss 1.1588 val acc 0.7273 (0.1s)
    epoch 19/34 loss 1.1619 val acc 0.7273 (0.1s)
    epoch 20/34 loss 1.1603 val acc 0.7273 (0.1s)
    epoch 21/34 loss 1.1547 val acc 0.7273 (0.1s)
    epoch 22/34 loss 1.1535 val acc 0.7273 (0.1s)
    epoch 23/34 loss 1.1526 val acc 0.7273 (0.1s)
    epoch 24/34 loss 1.1506 val acc 0.7273 (0.2s)
    epoch 25/34 loss 1.1485 val acc 0.7273 (0.1s)
    epoch 26/34 loss 1.1444 val acc 0.7273 (0.2s)
    epoch 27/34 loss 1.1461 val acc 0.7273 (0.1s)
    epoch 28/34 loss 1.1444 val acc 0.7273 (0.1s)
    epoch 29/34 loss 1.1433 val acc 0.7273 (0.1s)
    epoch 30/34 loss 1.1442 val acc 0.7273 (0.1s)
    epoch 31/34 loss 1.1434 val acc 0.7273 (0.1s)
    epoch 32/34 loss 1.1444 val acc 0.7273 (0.1s)
    epoch 33/34 loss 1.1430 val acc 0.7273 (0.1s)
    epoch 34/34 loss 1.1419 val acc 0.7273 (0.1s)
  [security_incidents.disposition] test acc 0.7700 macro-F1 0.2997 ECE 0.271 (T=1.00, 5s, 0.00M params)
  [security_incidents.severity] probe split=11, 5 labels, 278 train
    epoch 1/34 loss 1.7241 val acc 0.3182 (0.1s)
    epoch 2/34 loss 1.4927 val acc 0.5909 (0.1s)
    epoch 3/34 loss 1.4946 val acc 0.5909 (0.1s)
    epoch 4/34 loss 1.4597 val acc 0.5909 (0.1s)
    epoch 5/34 loss 1.4460 val acc 0.5909 (0.1s)
    epoch 6/34 loss 1.4411 val acc 0.5909 (0.1s)
    epoch 7/34 loss 1.4215 val acc 0.5909 (0.1s)
    epoch 8/34 loss 1.4153 val acc 0.5909 (0.1s)
    epoch 9/34 loss 1.4034 val acc 0.5455 (0.1s)
    epoch 10/34 loss 1.4049 val acc 0.5909 (0.1s)
    epoch 11/34 loss 1.3972 val acc 0.6818 (0.1s)
    epoch 12/34 loss 1.3841 val acc 0.6818 (0.1s)
    epoch 13/34 loss 1.3726 val acc 0.5909 (0.1s)
    epoch 14/34 loss 1.3868 val acc 0.5909 (0.1s)
    epoch 15/34 loss 1.4016 val acc 0.5909 (0.1s)
    epoch 16/34 loss 1.3740 val acc 0.7727 (0.1s)
    epoch 17/34 loss 1.3586 val acc 0.7727 (0.2s)
    epoch 18/34 loss 1.3541 val acc 0.7727 (0.1s)
    epoch 19/34 loss 1.3522 val acc 0.5909 (0.1s)
    epoch 20/34 loss 1.3483 val acc 0.5909 (0.1s)
    epoch 21/34 loss 1.3523 val acc 0.6818 (0.1s)
    epoch 22/34 loss 1.3439 val acc 0.6818 (0.1s)
    epoch 23/34 loss 1.3403 val acc 0.5909 (0.1s)
    epoch 24/34 loss 1.3408 val acc 0.7727 (0.1s)
    epoch 25/34 loss 1.3351 val acc 0.5909 (0.1s)
    epoch 26/34 loss 1.3322 val acc 0.6818 (0.2s)
    epoch 27/34 loss 1.3347 val acc 0.6818 (0.1s)
    epoch 28/34 loss 1.3306 val acc 0.6818 (0.2s)
    epoch 29/34 loss 1.3306 val acc 0.6818 (0.1s)
    epoch 30/34 loss 1.3268 val acc 0.6818 (0.1s)
    epoch 31/34 loss 1.3308 val acc 0.6818 (0.1s)
    epoch 32/34 loss 1.3291 val acc 0.6818 (0.1s)
    epoch 33/34 loss 1.3299 val acc 0.6818 (0.1s)
    epoch 34/34 loss 1.3292 val acc 0.6818 (0.1s)
  [security_incidents.severity] test acc 0.5300 macro-F1 0.2647 ECE 0.185 (T=1.00, 5s, 0.01M params)
  [security_incidents.true_positive] probe split=11, 2 labels, 278 train
    epoch 1/34 loss 0.6803 val acc 0.6364 (0.1s)
    epoch 2/34 loss 0.6869 val acc 0.6818 (0.1s)
    epoch 3/34 loss 0.6664 val acc 0.6364 (0.1s)
    epoch 4/34 loss 0.6582 val acc 0.6364 (0.1s)
    epoch 5/34 loss 0.6565 val acc 0.6364 (0.1s)
    epoch 6/34 loss 0.6719 val acc 0.6364 (0.2s)
    epoch 7/34 loss 0.6883 val acc 0.6364 (0.2s)
    epoch 8/34 loss 0.6456 val acc 0.6818 (0.1s)
    epoch 9/34 loss 0.6358 val acc 0.6818 (0.1s)
    epoch 10/34 loss 0.6404 val acc 0.6818 (0.1s)
    epoch 11/34 loss 0.6301 val acc 0.6818 (0.1s)
    epoch 12/34 loss 0.6309 val acc 0.6818 (0.2s)
    epoch 13/34 loss 0.6279 val acc 0.7273 (0.1s)
    epoch 14/34 loss 0.6261 val acc 0.7727 (0.1s)
    epoch 15/34 loss 0.6241 val acc 0.7273 (0.1s)
    epoch 16/34 loss 0.6298 val acc 0.7273 (0.1s)
    epoch 17/34 loss 0.6344 val acc 0.6818 (0.1s)
    epoch 18/34 loss 0.6225 val acc 0.7727 (0.1s)
    epoch 19/34 loss 0.6166 val acc 0.7273 (0.2s)
    epoch 20/34 loss 0.6254 val acc 0.7273 (0.1s)
    epoch 21/34 loss 0.6218 val acc 0.7273 (0.1s)
    epoch 22/34 loss 0.6231 val acc 0.7273 (0.2s)
    epoch 23/34 loss 0.6192 val acc 0.7273 (0.1s)
    epoch 24/34 loss 0.6157 val acc 0.7273 (0.1s)
    epoch 25/34 loss 0.6144 val acc 0.7273 (0.1s)
    epoch 26/34 loss 0.6125 val acc 0.7273 (0.1s)
    epoch 27/34 loss 0.6132 val acc 0.7273 (0.1s)
    epoch 28/34 loss 0.6156 val acc 0.7727 (0.1s)
    epoch 29/34 loss 0.6129 val acc 0.7727 (0.1s)
    epoch 30/34 loss 0.6145 val acc 0.7273 (0.1s)
    epoch 31/34 loss 0.6144 val acc 0.7727 (0.2s)
    epoch 32/34 loss 0.6158 val acc 0.7273 (0.2s)
    epoch 33/34 loss 0.6160 val acc 0.7273 (0.1s)
    epoch 34/34 loss 0.6124 val acc 0.7273 (0.1s)
  [security_incidents.true_positive] test acc 0.7800 macro-F1 0.7141 ECE 0.155 (T=1.00, 5s, 0.00M params)
  [security_incidents.urgency] probe split=11, 4 labels, 278 train
    epoch 1/34 loss 1.5587 val acc 0.2273 (0.1s)
    epoch 2/34 loss 1.2807 val acc 0.5909 (0.1s)
    epoch 3/34 loss 1.2767 val acc 0.5909 (0.1s)
    epoch 4/34 loss 1.2384 val acc 0.5909 (0.1s)
    epoch 5/34 loss 1.2356 val acc 0.5455 (0.1s)
    epoch 6/34 loss 1.2312 val acc 0.5909 (0.1s)
    epoch 7/34 loss 1.2178 val acc 0.5909 (0.1s)
    epoch 8/34 loss 1.2164 val acc 0.5909 (0.1s)
    epoch 9/34 loss 1.2008 val acc 0.5909 (0.1s)
    epoch 10/34 loss 1.2025 val acc 0.4545 (0.1s)
    epoch 11/34 loss 1.2002 val acc 0.5455 (0.2s)
    epoch 12/34 loss 1.1842 val acc 0.5000 (0.1s)
    epoch 13/34 loss 1.1807 val acc 0.5000 (0.1s)
    epoch 14/34 loss 1.1851 val acc 0.5000 (0.1s)
    epoch 15/34 loss 1.1790 val acc 0.5000 (0.1s)
    epoch 16/34 loss 1.1838 val acc 0.5455 (0.1s)
    epoch 17/34 loss 1.1629 val acc 0.5000 (0.1s)
    epoch 18/34 loss 1.1610 val acc 0.5909 (0.1s)
    epoch 19/34 loss 1.1608 val acc 0.5000 (0.1s)
    epoch 20/34 loss 1.1608 val acc 0.5000 (0.1s)
    epoch 21/34 loss 1.1543 val acc 0.4545 (0.1s)
    epoch 22/34 loss 1.1538 val acc 0.5000 (0.1s)
    epoch 23/34 loss 1.1516 val acc 0.5000 (0.1s)
    epoch 24/34 loss 1.1487 val acc 0.5000 (0.1s)
    epoch 25/34 loss 1.1475 val acc 0.5000 (0.1s)
    epoch 26/34 loss 1.1461 val acc 0.4545 (0.1s)
    epoch 27/34 loss 1.1489 val acc 0.5000 (0.1s)
    epoch 28/34 loss 1.1461 val acc 0.5000 (0.1s)
    epoch 29/34 loss 1.1459 val acc 0.5000 (0.1s)
    epoch 30/34 loss 1.1458 val acc 0.5000 (0.1s)
    epoch 31/34 loss 1.1444 val acc 0.5000 (0.1s)
    epoch 32/34 loss 1.1464 val acc 0.5000 (0.1s)
    epoch 33/34 loss 1.1450 val acc 0.5000 (0.1s)
    epoch 34/34 loss 1.1437 val acc 0.5000 (0.1s)
  [security_incidents.urgency] test acc 0.5600 macro-F1 0.2892 ECE 0.145 (T=1.00, 5s, 0.00M params)
   probe@11 mean: {"acc": 0.627, "macro_f1": 0.4396, "ece": 0.1363, "nll": 0.8767}
-- probe@16
  cached trunk depth 16 for 1600 messages in 7.5s (559 MB)
  [agent_trace_observability.action] probe split=16, 4 labels, 274 train
    epoch 1/34 loss 1.2834 val acc 0.5385 (0.1s)
    epoch 2/34 loss 1.2766 val acc 0.5000 (0.1s)
    epoch 3/34 loss 1.2717 val acc 0.5385 (0.1s)
    epoch 4/34 loss 1.2503 val acc 0.5769 (0.1s)
    epoch 5/34 loss 1.2408 val acc 0.6538 (0.1s)
    epoch 6/34 loss 1.2472 val acc 0.5769 (0.1s)
    epoch 7/34 loss 1.2341 val acc 0.5385 (0.1s)
    epoch 8/34 loss 1.2250 val acc 0.5385 (0.1s)
    epoch 9/34 loss 1.2163 val acc 0.6154 (0.1s)
    epoch 10/34 loss 1.2218 val acc 0.5769 (0.1s)
    epoch 11/34 loss 1.2067 val acc 0.5385 (0.1s)
    epoch 12/34 loss 1.2037 val acc 0.5769 (0.1s)
    epoch 13/34 loss 1.2022 val acc 0.6538 (0.1s)
    epoch 14/34 loss 1.1912 val acc 0.7692 (0.1s)
    epoch 15/34 loss 1.1920 val acc 0.6538 (0.1s)
    epoch 16/34 loss 1.1866 val acc 0.5769 (0.1s)
    epoch 17/34 loss 1.1827 val acc 0.5769 (0.1s)
    epoch 18/34 loss 1.1902 val acc 0.7692 (0.1s)
    epoch 19/34 loss 1.1810 val acc 0.6923 (0.1s)
    epoch 20/34 loss 1.1733 val acc 0.6538 (0.1s)
    epoch 21/34 loss 1.1739 val acc 0.7692 (0.1s)
    epoch 22/34 loss 1.1668 val acc 0.6923 (0.1s)
    epoch 23/34 loss 1.1681 val acc 0.6923 (0.1s)
    epoch 24/34 loss 1.1612 val acc 0.6923 (0.1s)
    epoch 25/34 loss 1.1635 val acc 0.6923 (0.1s)
    epoch 26/34 loss 1.1619 val acc 0.7308 (0.1s)
    epoch 27/34 loss 1.1652 val acc 0.7308 (0.1s)
    epoch 28/34 loss 1.1601 val acc 0.6923 (0.1s)
    epoch 29/34 loss 1.1626 val acc 0.7308 (0.1s)
    epoch 30/34 loss 1.1620 val acc 0.7308 (0.1s)
    epoch 31/34 loss 1.1593 val acc 0.7308 (0.1s)
    epoch 32/34 loss 1.1617 val acc 0.7308 (0.1s)
    epoch 33/34 loss 1.1604 val acc 0.7308 (0.1s)
    epoch 34/34 loss 1.1598 val acc 0.7308 (0.1s)
  [agent_trace_observability.action] test acc 0.5200 macro-F1 0.3198 ECE 0.112 (T=1.00, 4s, 0.00M params)
  [agent_trace_observability.needs_review] probe split=16, 2 labels, 274 train
    epoch 1/34 loss 0.6952 val acc 0.6154 (0.1s)
    epoch 2/34 loss 0.6953 val acc 0.5000 (0.1s)
    epoch 3/34 loss 0.6938 val acc 0.6923 (0.1s)
    epoch 4/34 loss 0.6764 val acc 0.5385 (0.1s)
    epoch 5/34 loss 0.6724 val acc 0.5769 (0.1s)
    epoch 6/34 loss 0.6835 val acc 0.5385 (0.1s)
    epoch 7/34 loss 0.6615 val acc 0.5000 (0.1s)
    epoch 8/34 loss 0.6702 val acc 0.5000 (0.1s)
    epoch 9/34 loss 0.6635 val acc 0.5000 (0.1s)
    epoch 10/34 loss 0.6631 val acc 0.6923 (0.1s)
    epoch 11/34 loss 0.6450 val acc 0.6923 (0.1s)
    epoch 12/34 loss 0.6395 val acc 0.7692 (0.1s)
    epoch 13/34 loss 0.6503 val acc 0.7692 (0.1s)
    epoch 14/34 loss 0.6350 val acc 0.7692 (0.1s)
    epoch 15/34 loss 0.6262 val acc 0.8077 (0.1s)
    epoch 16/34 loss 0.6305 val acc 0.7692 (0.1s)
    epoch 17/34 loss 0.6224 val acc 0.8077 (0.1s)
    epoch 18/34 loss 0.6232 val acc 0.7308 (0.1s)
    epoch 19/34 loss 0.6243 val acc 0.8462 (0.1s)
    epoch 20/34 loss 0.6167 val acc 0.8077 (0.1s)
    epoch 21/34 loss 0.6176 val acc 0.8077 (0.1s)
    epoch 22/34 loss 0.6153 val acc 0.8846 (0.1s)
    epoch 23/34 loss 0.6163 val acc 0.7692 (0.1s)
    epoch 24/34 loss 0.6105 val acc 0.8077 (0.1s)
    epoch 25/34 loss 0.6173 val acc 0.7692 (0.1s)
    epoch 26/34 loss 0.6093 val acc 0.9231 (0.1s)
    epoch 27/34 loss 0.6149 val acc 0.7692 (0.1s)
    epoch 28/34 loss 0.6109 val acc 0.7692 (0.1s)
    epoch 29/34 loss 0.6124 val acc 0.8077 (0.1s)
    epoch 30/34 loss 0.6126 val acc 0.8077 (0.1s)
    epoch 31/34 loss 0.6087 val acc 0.8077 (0.1s)
    epoch 32/34 loss 0.6110 val acc 0.7692 (0.1s)
    epoch 33/34 loss 0.6100 val acc 0.7692 (0.1s)
    epoch 34/34 loss 0.6089 val acc 0.7692 (0.1s)
  [agent_trace_observability.needs_review] test acc 0.8200 macro-F1 0.8197 ECE 0.195 (T=1.00, 4s, 0.00M params)
  [agent_trace_observability.outcome] probe split=16, 4 labels, 274 train
    epoch 1/34 loss 1.4207 val acc 0.5769 (0.1s)
    epoch 2/34 loss 1.3567 val acc 0.5769 (0.1s)
    epoch 3/34 loss 1.3398 val acc 0.5769 (0.1s)
    epoch 4/34 loss 1.3359 val acc 0.5769 (0.1s)
    epoch 5/34 loss 1.3234 val acc 0.5769 (0.1s)
    epoch 6/34 loss 1.3226 val acc 0.5769 (0.1s)
    epoch 7/34 loss 1.3100 val acc 0.4231 (0.1s)
    epoch 8/34 loss 1.3133 val acc 0.2308 (0.1s)
    epoch 9/34 loss 1.2955 val acc 0.4231 (0.1s)
    epoch 10/34 loss 1.2890 val acc 0.4231 (0.1s)
    epoch 11/34 loss 1.2758 val acc 0.5769 (0.1s)
    epoch 12/34 loss 1.2726 val acc 0.6154 (0.1s)
    epoch 13/34 loss 1.2694 val acc 0.6154 (0.1s)
    epoch 14/34 loss 1.2650 val acc 0.6538 (0.1s)
    epoch 15/34 loss 1.2671 val acc 0.5769 (0.1s)
    epoch 16/34 loss 1.2680 val acc 0.6923 (0.1s)
    epoch 17/34 loss 1.2549 val acc 0.5385 (0.1s)
    epoch 18/34 loss 1.2427 val acc 0.6154 (0.1s)
    epoch 19/34 loss 1.2413 val acc 0.6154 (0.1s)
    epoch 20/34 loss 1.2353 val acc 0.6538 (0.1s)
    epoch 21/34 loss 1.2302 val acc 0.6538 (0.1s)
    epoch 22/34 loss 1.2249 val acc 0.6923 (0.1s)
    epoch 23/34 loss 1.2187 val acc 0.6154 (0.1s)
    epoch 24/34 loss 1.2200 val acc 0.6923 (0.1s)
    epoch 25/34 loss 1.2218 val acc 0.6923 (0.1s)
    epoch 26/34 loss 1.2136 val acc 0.6923 (0.1s)
    epoch 27/34 loss 1.2208 val acc 0.6538 (0.1s)
    epoch 28/34 loss 1.2148 val acc 0.6538 (0.1s)
    epoch 29/34 loss 1.2131 val acc 0.6923 (0.1s)
    epoch 30/34 loss 1.2111 val acc 0.6923 (0.1s)
    epoch 31/34 loss 1.2092 val acc 0.6923 (0.1s)
    epoch 32/34 loss 1.2142 val acc 0.6923 (0.1s)
    epoch 33/34 loss 1.2130 val acc 0.6923 (0.1s)
    epoch 34/34 loss 1.2119 val acc 0.6923 (0.1s)
  [agent_trace_observability.outcome] test acc 0.3700 macro-F1 0.2536 ECE 0.085 (T=1.00, 4s, 0.00M params)
  [agent_trace_observability.risk] probe split=16, 4 labels, 274 train
    epoch 1/34 loss 1.4030 val acc 0.2692 (0.1s)
    epoch 2/34 loss 1.3690 val acc 0.2692 (0.1s)
    epoch 3/34 loss 1.3722 val acc 0.2692 (0.1s)
    epoch 4/34 loss 1.3448 val acc 0.2692 (0.1s)
    epoch 5/34 loss 1.3394 val acc 0.4615 (0.1s)
    epoch 6/34 loss 1.3655 val acc 0.3077 (0.1s)
    epoch 7/34 loss 1.3155 val acc 0.4615 (0.1s)
    epoch 8/34 loss 1.3038 val acc 0.4231 (0.1s)
    epoch 9/34 loss 1.2861 val acc 0.3462 (0.1s)
    epoch 10/34 loss 1.2945 val acc 0.3846 (0.1s)
    epoch 11/34 loss 1.2830 val acc 0.4231 (0.1s)
    epoch 12/34 loss 1.2693 val acc 0.4615 (0.1s)
    epoch 13/34 loss 1.2525 val acc 0.4231 (0.1s)
    epoch 14/34 loss 1.2457 val acc 0.4615 (0.1s)
    epoch 15/34 loss 1.2448 val acc 0.4615 (0.1s)
    epoch 16/34 loss 1.2430 val acc 0.3462 (0.1s)
    epoch 17/34 loss 1.2280 val acc 0.6154 (0.1s)
    epoch 18/34 loss 1.2243 val acc 0.5385 (0.1s)
    epoch 19/34 loss 1.2211 val acc 0.6154 (0.1s)
    epoch 20/34 loss 1.2074 val acc 0.4615 (0.1s)
    epoch 21/34 loss 1.2091 val acc 0.5769 (0.1s)
    epoch 22/34 loss 1.2000 val acc 0.5385 (0.1s)
    epoch 23/34 loss 1.1988 val acc 0.6154 (0.1s)
    epoch 24/34 loss 1.1886 val acc 0.5769 (0.1s)
    epoch 25/34 loss 1.1956 val acc 0.5385 (0.1s)
    epoch 26/34 loss 1.1872 val acc 0.5769 (0.1s)
    epoch 27/34 loss 1.1918 val acc 0.5769 (0.1s)
    epoch 28/34 loss 1.1875 val acc 0.5769 (0.1s)
    epoch 29/34 loss 1.1897 val acc 0.5769 (0.1s)
    epoch 30/34 loss 1.1888 val acc 0.5769 (0.1s)
    epoch 31/34 loss 1.1789 val acc 0.5769 (0.1s)
    epoch 32/34 loss 1.1856 val acc 0.5769 (0.1s)
    epoch 33/34 loss 1.1837 val acc 0.5769 (0.1s)
    epoch 34/34 loss 1.1831 val acc 0.5769 (0.1s)
  [agent_trace_observability.risk] test acc 0.4100 macro-F1 0.3481 ECE 0.120 (T=1.00, 4s, 0.00M params)
  [agent_trace_observability.urgency] probe split=16, 4 labels, 274 train
    epoch 1/34 loss 1.3850 val acc 0.6154 (0.1s)
    epoch 2/34 loss 1.3440 val acc 0.6154 (0.1s)
    epoch 3/34 loss 1.3497 val acc 0.5385 (0.1s)
    epoch 4/34 loss 1.3329 val acc 0.5769 (0.1s)
    epoch 5/34 loss 1.3395 val acc 0.5769 (0.1s)
    epoch 6/34 loss 1.3293 val acc 0.5769 (0.1s)
    epoch 7/34 loss 1.3132 val acc 0.5385 (0.1s)
    epoch 8/34 loss 1.2960 val acc 0.6154 (0.1s)
    epoch 9/34 loss 1.2846 val acc 0.6154 (0.1s)
    epoch 10/34 loss 1.2834 val acc 0.5769 (0.1s)
    epoch 11/34 loss 1.2739 val acc 0.5769 (0.1s)
    epoch 12/34 loss 1.2639 val acc 0.6154 (0.1s)
    epoch 13/34 loss 1.2630 val acc 0.6154 (0.1s)
    epoch 14/34 loss 1.2550 val acc 0.6538 (0.1s)
    epoch 15/34 loss 1.2457 val acc 0.5769 (0.1s)
    epoch 16/34 loss 1.2504 val acc 0.6538 (0.1s)
    epoch 17/34 loss 1.2340 val acc 0.5769 (0.1s)
    epoch 18/34 loss 1.2374 val acc 0.5769 (0.1s)
    epoch 19/34 loss 1.2327 val acc 0.6538 (0.1s)
    epoch 20/34 loss 1.2242 val acc 0.6154 (0.1s)
    epoch 21/34 loss 1.2261 val acc 0.5769 (0.1s)
    epoch 22/34 loss 1.2156 val acc 0.5385 (0.1s)
    epoch 23/34 loss 1.2131 val acc 0.5769 (0.1s)
    epoch 24/34 loss 1.2064 val acc 0.5769 (0.1s)
    epoch 25/34 loss 1.2140 val acc 0.6923 (0.1s)
    epoch 26/34 loss 1.2065 val acc 0.5769 (0.1s)
    epoch 27/34 loss 1.2099 val acc 0.5769 (0.1s)
    epoch 28/34 loss 1.2095 val acc 0.5385 (0.1s)
    epoch 29/34 loss 1.2080 val acc 0.5769 (0.1s)
    epoch 30/34 loss 1.2102 val acc 0.6154 (0.1s)
    epoch 31/34 loss 1.2024 val acc 0.6538 (0.1s)
    epoch 32/34 loss 1.2057 val acc 0.6154 (0.1s)
    epoch 33/34 loss 1.2066 val acc 0.6154 (0.1s)
    epoch 34/34 loss 1.2040 val acc 0.6154 (0.1s)
  [agent_trace_observability.urgency] test acc 0.4100 macro-F1 0.2877 ECE 0.106 (T=1.00, 4s, 0.00M params)
  [customer_service.action] probe split=16, 5 labels, 269 train
    epoch 1/34 loss 1.4245 val acc 0.5484 (0.1s)
    epoch 2/34 loss 1.3039 val acc 0.5484 (0.2s)
    epoch 3/34 loss 1.2766 val acc 0.4839 (0.2s)
    epoch 4/34 loss 1.2655 val acc 0.4516 (0.2s)
    epoch 5/34 loss 1.2394 val acc 0.5161 (0.1s)
    epoch 6/34 loss 1.2441 val acc 0.5484 (0.1s)
    epoch 7/34 loss 1.2237 val acc 0.4516 (0.1s)
    epoch 8/34 loss 1.2159 val acc 0.4516 (0.2s)
    epoch 9/34 loss 1.2304 val acc 0.5484 (0.1s)
    epoch 10/34 loss 1.2187 val acc 0.5484 (0.1s)
    epoch 11/34 loss 1.2049 val acc 0.5484 (0.1s)
    epoch 12/34 loss 1.1907 val acc 0.5806 (0.1s)
    epoch 13/34 loss 1.1821 val acc 0.5484 (0.2s)
    epoch 14/34 loss 1.1795 val acc 0.4839 (0.1s)
    epoch 15/34 loss 1.1748 val acc 0.5484 (0.1s)
    epoch 16/34 loss 1.1655 val acc 0.5161 (0.2s)
    epoch 17/34 loss 1.1627 val acc 0.5806 (0.1s)
    epoch 18/34 loss 1.1553 val acc 0.5484 (0.1s)
    epoch 19/34 loss 1.1562 val acc 0.5806 (0.1s)
    epoch 20/34 loss 1.1491 val acc 0.5806 (0.2s)
    epoch 21/34 loss 1.1474 val acc 0.5484 (0.1s)
    epoch 22/34 loss 1.1512 val acc 0.5484 (0.1s)
    epoch 23/34 loss 1.1507 val acc 0.5806 (0.1s)
    epoch 24/34 loss 1.1495 val acc 0.5806 (0.2s)
    epoch 25/34 loss 1.1427 val acc 0.5484 (0.1s)
    epoch 26/34 loss 1.1417 val acc 0.5484 (0.2s)
    epoch 27/34 loss 1.1399 val acc 0.5484 (0.2s)
    epoch 28/34 loss 1.1380 val acc 0.5806 (0.2s)
    epoch 29/34 loss 1.1436 val acc 0.5484 (0.1s)
    epoch 30/34 loss 1.1354 val acc 0.5806 (0.2s)
    epoch 31/34 loss 1.1403 val acc 0.5806 (0.2s)
    epoch 32/34 loss 1.1383 val acc 0.5806 (0.1s)
    epoch 33/34 loss 1.1386 val acc 0.5806 (0.2s)
    epoch 34/34 loss 1.1371 val acc 0.5806 (0.1s)
  [customer_service.action] test acc 0.6100 macro-F1 0.2804 ECE 0.110 (T=0.93, 5s, 0.01M params)
  [customer_service.category] probe split=16, 5 labels, 269 train
    epoch 1/34 loss 1.6485 val acc 0.2581 (0.2s)
    epoch 2/34 loss 1.5694 val acc 0.1290 (0.2s)
    epoch 3/34 loss 1.5536 val acc 0.2581 (0.2s)
    epoch 4/34 loss 1.5351 val acc 0.1290 (0.2s)
    epoch 5/34 loss 1.4847 val acc 0.4839 (0.2s)
    epoch 6/34 loss 1.4664 val acc 0.4516 (0.1s)
    epoch 7/34 loss 1.4193 val acc 0.2903 (0.1s)
    epoch 8/34 loss 1.3827 val acc 0.4516 (0.2s)
    epoch 9/34 loss 1.3626 val acc 0.6129 (0.2s)
    epoch 10/34 loss 1.3102 val acc 0.6129 (0.1s)
    epoch 11/34 loss 1.2845 val acc 0.6129 (0.2s)
    epoch 12/34 loss 1.2595 val acc 0.3871 (0.2s)
    epoch 13/34 loss 1.2362 val acc 0.5484 (0.2s)
    epoch 14/34 loss 1.2290 val acc 0.6452 (0.2s)
    epoch 15/34 loss 1.1978 val acc 0.5484 (0.2s)
    epoch 16/34 loss 1.1589 val acc 0.4839 (0.1s)
    epoch 17/34 loss 1.1602 val acc 0.6452 (0.2s)
    epoch 18/34 loss 1.1402 val acc 0.4194 (0.2s)
    epoch 19/34 loss 1.1191 val acc 0.6452 (0.2s)
    epoch 20/34 loss 1.0978 val acc 0.5161 (0.2s)
    epoch 21/34 loss 1.0988 val acc 0.6452 (0.1s)
    epoch 22/34 loss 1.0942 val acc 0.5806 (0.2s)
    epoch 23/34 loss 1.0692 val acc 0.5161 (0.2s)
    epoch 24/34 loss 1.0617 val acc 0.6129 (0.2s)
    epoch 25/34 loss 1.0627 val acc 0.6129 (0.2s)
    epoch 26/34 loss 1.0421 val acc 0.6452 (0.2s)
    epoch 27/34 loss 1.0470 val acc 0.6452 (0.2s)
    epoch 28/34 loss 1.0353 val acc 0.5806 (0.1s)
    epoch 29/34 loss 1.0377 val acc 0.6452 (0.2s)
    epoch 30/34 loss 1.0468 val acc 0.6129 (0.1s)
    epoch 31/34 loss 1.0319 val acc 0.6452 (0.1s)
    epoch 32/34 loss 1.0272 val acc 0.6452 (0.2s)
    epoch 33/34 loss 1.0331 val acc 0.6452 (0.2s)
    epoch 34/34 loss 1.0366 val acc 0.6452 (0.2s)
  [customer_service.category] test acc 0.6700 macro-F1 0.5271 ECE 0.096 (T=0.50, 5s, 0.01M params)
  [customer_service.churn_risk] probe split=16, 4 labels, 269 train
    epoch 1/34 loss 1.4441 val acc 0.5161 (0.1s)
    epoch 2/34 loss 1.3199 val acc 0.5161 (0.2s)
    epoch 3/34 loss 1.2987 val acc 0.5484 (0.2s)
    epoch 4/34 loss 1.2778 val acc 0.4516 (0.2s)
    epoch 5/34 loss 1.2652 val acc 0.4839 (0.1s)
    epoch 6/34 loss 1.2596 val acc 0.3226 (0.1s)
    epoch 7/34 loss 1.2456 val acc 0.2903 (0.1s)
    epoch 8/34 loss 1.2320 val acc 0.4194 (0.1s)
    epoch 9/34 loss 1.2531 val acc 0.4839 (0.1s)
    epoch 10/34 loss 1.2237 val acc 0.4516 (0.2s)
    epoch 11/34 loss 1.2172 val acc 0.4839 (0.1s)
    epoch 12/34 loss 1.2059 val acc 0.6452 (0.1s)
    epoch 13/34 loss 1.1994 val acc 0.5161 (0.2s)
    epoch 14/34 loss 1.1812 val acc 0.5806 (0.1s)
    epoch 15/34 loss 1.1737 val acc 0.5806 (0.1s)
    epoch 16/34 loss 1.1680 val acc 0.5806 (0.1s)
    epoch 17/34 loss 1.1608 val acc 0.5161 (0.1s)
    epoch 18/34 loss 1.1619 val acc 0.6129 (0.1s)
    epoch 19/34 loss 1.1580 val acc 0.4839 (0.1s)
    epoch 20/34 loss 1.1517 val acc 0.4516 (0.2s)
    epoch 21/34 loss 1.1449 val acc 0.5806 (0.2s)
    epoch 22/34 loss 1.1357 val acc 0.5484 (0.2s)
    epoch 23/34 loss 1.1346 val acc 0.5484 (0.2s)
    epoch 24/34 loss 1.1303 val acc 0.5806 (0.2s)
    epoch 25/34 loss 1.1276 val acc 0.5484 (0.2s)
    epoch 26/34 loss 1.1356 val acc 0.5484 (0.2s)
    epoch 27/34 loss 1.1323 val acc 0.5806 (0.1s)
    epoch 28/34 loss 1.1276 val acc 0.5484 (0.2s)
    epoch 29/34 loss 1.1279 val acc 0.5484 (0.1s)
    epoch 30/34 loss 1.1305 val acc 0.5484 (0.2s)
    epoch 31/34 loss 1.1291 val acc 0.5484 (0.1s)
    epoch 32/34 loss 1.1253 val acc 0.5484 (0.2s)
    epoch 33/34 loss 1.1273 val acc 0.5484 (0.2s)
    epoch 34/34 loss 1.1223 val acc 0.5484 (0.2s)
  [customer_service.churn_risk] test acc 0.6100 macro-F1 0.4090 ECE 0.186 (T=1.00, 5s, 0.00M params)
  [customer_service.needs_human] probe split=16, 2 labels, 269 train
    epoch 1/34 loss 0.6934 val acc 0.7419 (0.2s)
    epoch 2/34 loss 0.6987 val acc 0.7419 (0.2s)
    epoch 3/34 loss 0.6729 val acc 0.5161 (0.2s)
    epoch 4/34 loss 0.6660 val acc 0.4839 (0.1s)
    epoch 5/34 loss 0.6551 val acc 0.7097 (0.1s)
    epoch 6/34 loss 0.6509 val acc 0.7097 (0.2s)
    epoch 7/34 loss 0.6415 val acc 0.3871 (0.1s)
    epoch 8/34 loss 0.6771 val acc 0.7419 (0.2s)
    epoch 9/34 loss 0.7330 val acc 0.7742 (0.1s)
    epoch 10/34 loss 0.6570 val acc 0.7742 (0.1s)
    epoch 11/34 loss 0.6576 val acc 0.6129 (0.2s)
    epoch 12/34 loss 0.6347 val acc 0.7097 (0.1s)
    epoch 13/34 loss 0.6369 val acc 0.8065 (0.1s)
    epoch 14/34 loss 0.6335 val acc 0.7419 (0.1s)
    epoch 15/34 loss 0.6301 val acc 0.6452 (0.1s)
    epoch 16/34 loss 0.6251 val acc 0.6129 (0.1s)
    epoch 17/34 loss 0.6260 val acc 0.7419 (0.2s)
    epoch 18/34 loss 0.6237 val acc 0.6452 (0.1s)
    epoch 19/34 loss 0.6265 val acc 0.6774 (0.1s)
    epoch 20/34 loss 0.6201 val acc 0.7419 (0.1s)
    epoch 21/34 loss 0.6229 val acc 0.7419 (0.1s)
    epoch 22/34 loss 0.6207 val acc 0.6452 (0.2s)
    epoch 23/34 loss 0.6199 val acc 0.7419 (0.1s)
    epoch 24/34 loss 0.6234 val acc 0.7742 (0.1s)
    epoch 25/34 loss 0.6165 val acc 0.6774 (0.1s)
    epoch 26/34 loss 0.6163 val acc 0.7419 (0.1s)
    epoch 27/34 loss 0.6167 val acc 0.7097 (0.2s)
    epoch 28/34 loss 0.6166 val acc 0.7742 (0.1s)
    epoch 29/34 loss 0.6190 val acc 0.7742 (0.1s)
    epoch 30/34 loss 0.6155 val acc 0.8065 (0.1s)
    epoch 31/34 loss 0.6157 val acc 0.8065 (0.1s)
    epoch 32/34 loss 0.6164 val acc 0.8065 (0.1s)
    epoch 33/34 loss 0.6166 val acc 0.8065 (0.2s)
    epoch 34/34 loss 0.6151 val acc 0.8065 (0.1s)
  [customer_service.needs_human] test acc 0.7700 macro-F1 0.6703 ECE 0.108 (T=0.72, 5s, 0.00M params)
  [customer_service.urgency] probe split=16, 4 labels, 269 train
    epoch 1/34 loss 1.5216 val acc 0.2581 (0.1s)
    epoch 2/34 loss 1.2624 val acc 0.5161 (0.1s)
    epoch 3/34 loss 1.1953 val acc 0.5161 (0.1s)
    epoch 4/34 loss 1.1783 val acc 0.5484 (0.1s)
    epoch 5/34 loss 1.1788 val acc 0.4839 (0.1s)
    epoch 6/34 loss 1.1688 val acc 0.4194 (0.1s)
    epoch 7/34 loss 1.1527 val acc 0.3871 (0.1s)
    epoch 8/34 loss 1.1413 val acc 0.5161 (0.1s)
    epoch 9/34 loss 1.1291 val acc 0.5484 (0.1s)
    epoch 10/34 loss 1.1199 val acc 0.4194 (0.1s)
    epoch 11/34 loss 1.1105 val acc 0.2581 (0.2s)
    epoch 12/34 loss 1.1411 val acc 0.5484 (0.2s)
    epoch 13/34 loss 1.1083 val acc 0.4516 (0.1s)
    epoch 14/34 loss 1.0959 val acc 0.5806 (0.1s)
    epoch 15/34 loss 1.0970 val acc 0.4839 (0.1s)
    epoch 16/34 loss 1.0888 val acc 0.5484 (0.1s)
    epoch 17/34 loss 1.0863 val acc 0.4516 (0.1s)
    epoch 18/34 loss 1.0901 val acc 0.5484 (0.1s)
    epoch 19/34 loss 1.0798 val acc 0.5806 (0.2s)
    epoch 20/34 loss 1.0780 val acc 0.5161 (0.1s)
    epoch 21/34 loss 1.0780 val acc 0.5806 (0.1s)
    epoch 22/34 loss 1.0815 val acc 0.5806 (0.2s)
    epoch 23/34 loss 1.0661 val acc 0.5484 (0.2s)
    epoch 24/34 loss 1.0734 val acc 0.4516 (0.2s)
    epoch 25/34 loss 1.0687 val acc 0.5484 (0.2s)
    epoch 26/34 loss 1.0680 val acc 0.5806 (0.2s)
    epoch 27/34 loss 1.0632 val acc 0.5484 (0.1s)
    epoch 28/34 loss 1.0658 val acc 0.5161 (0.2s)
    epoch 29/34 loss 1.0639 val acc 0.5806 (0.1s)
    epoch 30/34 loss 1.0591 val acc 0.5806 (0.2s)
    epoch 31/34 loss 1.0598 val acc 0.5806 (0.2s)
    epoch 32/34 loss 1.0603 val acc 0.5806 (0.1s)
    epoch 33/34 loss 1.0586 val acc 0.5806 (0.1s)
    epoch 34/34 loss 1.0630 val acc 0.5806 (0.2s)
  [customer_service.urgency] test acc 0.6100 macro-F1 0.3986 ECE 0.135 (T=0.90, 5s, 0.00M params)
  [invoice_processing.discrepancy_severity] probe split=16, 4 labels, 259 train
    epoch 1/34 loss 1.4985 val acc 0.2683 (0.1s)
    epoch 2/34 loss 1.2761 val acc 0.2927 (0.1s)
    epoch 3/34 loss 1.2977 val acc 0.3415 (0.1s)
    epoch 4/34 loss 1.2577 val acc 0.2927 (0.1s)
    epoch 5/34 loss 1.3047 val acc 0.2927 (0.1s)
    epoch 6/34 loss 1.2774 val acc 0.4390 (0.1s)
    epoch 7/34 loss 1.3102 val acc 0.3415 (0.1s)
    epoch 8/34 loss 1.2287 val acc 0.3659 (0.1s)
    epoch 9/34 loss 1.2865 val acc 0.2927 (0.1s)
    epoch 10/34 loss 1.2663 val acc 0.2927 (0.1s)
    epoch 11/34 loss 1.2078 val acc 0.2927 (0.1s)
    epoch 12/34 loss 1.2018 val acc 0.5366 (0.1s)
    epoch 13/34 loss 1.2166 val acc 0.2927 (0.1s)
    epoch 14/34 loss 1.2273 val acc 0.4390 (0.1s)
    epoch 15/34 loss 1.1809 val acc 0.2927 (0.1s)
    epoch 16/34 loss 1.1917 val acc 0.3902 (0.1s)
    epoch 17/34 loss 1.1682 val acc 0.3171 (0.1s)
    epoch 18/34 loss 1.1710 val acc 0.3171 (0.1s)
    epoch 19/34 loss 1.1527 val acc 0.3902 (0.1s)
    epoch 20/34 loss 1.1895 val acc 0.4146 (0.1s)
    epoch 21/34 loss 1.1482 val acc 0.3415 (0.1s)
    epoch 22/34 loss 1.1285 val acc 0.4390 (0.1s)
    epoch 23/34 loss 1.1617 val acc 0.4390 (0.1s)
    epoch 24/34 loss 1.1407 val acc 0.3171 (0.1s)
    epoch 25/34 loss 1.1469 val acc 0.3415 (0.1s)
    epoch 26/34 loss 1.1339 val acc 0.3659 (0.1s)
    epoch 27/34 loss 1.1266 val acc 0.3902 (0.1s)
    epoch 28/34 loss 1.1298 val acc 0.3659 (0.1s)
    epoch 29/34 loss 1.1302 val acc 0.3659 (0.1s)
    epoch 30/34 loss 1.1279 val acc 0.3902 (0.1s)
    epoch 31/34 loss 1.1300 val acc 0.3659 (0.1s)
    epoch 32/34 loss 1.1285 val acc 0.3659 (0.1s)
    epoch 33/34 loss 1.1214 val acc 0.3659 (0.1s)
    epoch 34/34 loss 1.1308 val acc 0.3659 (0.1s)
  [invoice_processing.discrepancy_severity] test acc 0.5900 macro-F1 0.3215 ECE 0.131 (T=0.98, 5s, 0.00M params)
  [invoice_processing.disposition] probe split=16, 4 labels, 259 train
    epoch 1/34 loss 1.3395 val acc 0.4634 (0.1s)
    epoch 2/34 loss 1.2514 val acc 0.2439 (0.1s)
    epoch 3/34 loss 1.2784 val acc 0.4634 (0.1s)
    epoch 4/34 loss 1.2562 val acc 0.2439 (0.1s)
    epoch 5/34 loss 1.2756 val acc 0.2439 (0.1s)
    epoch 6/34 loss 1.2661 val acc 0.4634 (0.1s)
    epoch 7/34 loss 1.2872 val acc 0.4634 (0.1s)
    epoch 8/34 loss 1.2388 val acc 0.3902 (0.1s)
    epoch 9/34 loss 1.2809 val acc 0.2439 (0.1s)
    epoch 10/34 loss 1.2637 val acc 0.3659 (0.1s)
    epoch 11/34 loss 1.2132 val acc 0.2683 (0.1s)
    epoch 12/34 loss 1.2202 val acc 0.5610 (0.1s)
    epoch 13/34 loss 1.2324 val acc 0.2439 (0.1s)
    epoch 14/34 loss 1.1998 val acc 0.4634 (0.1s)
    epoch 15/34 loss 1.1890 val acc 0.6098 (0.1s)
    epoch 16/34 loss 1.1775 val acc 0.2683 (0.1s)
    epoch 17/34 loss 1.1635 val acc 0.5366 (0.1s)
    epoch 18/34 loss 1.2217 val acc 0.3902 (0.1s)
    epoch 19/34 loss 1.1661 val acc 0.4878 (0.1s)
    epoch 20/34 loss 1.2126 val acc 0.6098 (0.1s)
    epoch 21/34 loss 1.1692 val acc 0.2683 (0.1s)
    epoch 22/34 loss 1.1448 val acc 0.5854 (0.1s)
    epoch 23/34 loss 1.1902 val acc 0.6098 (0.1s)
    epoch 24/34 loss 1.1592 val acc 0.3902 (0.1s)
    epoch 25/34 loss 1.1497 val acc 0.3902 (0.1s)
    epoch 26/34 loss 1.1534 val acc 0.3902 (0.1s)
    epoch 27/34 loss 1.1442 val acc 0.4878 (0.1s)
    epoch 28/34 loss 1.1434 val acc 0.5122 (0.1s)
    epoch 29/34 loss 1.1463 val acc 0.4878 (0.1s)
    epoch 30/34 loss 1.1416 val acc 0.5122 (0.1s)
    epoch 31/34 loss 1.1445 val acc 0.4878 (0.1s)
    epoch 32/34 loss 1.1392 val acc 0.4634 (0.1s)
    epoch 33/34 loss 1.1375 val acc 0.4634 (0.1s)
    epoch 34/34 loss 1.1459 val acc 0.4634 (0.1s)
  [invoice_processing.disposition] test acc 0.6000 macro-F1 0.3278 ECE 0.190 (T=1.14, 5s, 0.00M params)
  [invoice_processing.duplicate] probe split=16, 2 labels, 259 train
    epoch 1/34 loss 0.6249 val acc 0.8780 (0.1s)
    epoch 2/34 loss 0.3517 val acc 0.8780 (0.1s)
    epoch 3/34 loss 0.3499 val acc 0.8780 (0.1s)
    epoch 4/34 loss 0.3223 val acc 0.8780 (0.1s)
    epoch 5/34 loss 0.3416 val acc 0.8780 (0.1s)
    epoch 6/34 loss 0.3356 val acc 0.8780 (0.1s)
    epoch 7/34 loss 0.3256 val acc 0.8780 (0.1s)
    epoch 8/34 loss 0.3152 val acc 0.8780 (0.1s)
    epoch 9/34 loss 0.3158 val acc 0.8780 (0.1s)
    epoch 10/34 loss 0.3141 val acc 0.8780 (0.1s)
    epoch 11/34 loss 0.3161 val acc 0.8780 (0.1s)
    epoch 12/34 loss 0.3094 val acc 0.8780 (0.1s)
    epoch 13/34 loss 0.3099 val acc 0.8780 (0.1s)
    epoch 14/34 loss 0.3097 val acc 0.8780 (0.1s)
    epoch 15/34 loss 0.3036 val acc 0.8780 (0.1s)
    epoch 16/34 loss 0.3044 val acc 0.8780 (0.1s)
    epoch 17/34 loss 0.3005 val acc 0.8780 (0.1s)
    epoch 18/34 loss 0.3039 val acc 0.8780 (0.1s)
    epoch 19/34 loss 0.2956 val acc 0.8780 (0.1s)
    epoch 20/34 loss 0.2981 val acc 0.8780 (0.1s)
    epoch 21/34 loss 0.2983 val acc 0.8780 (0.1s)
    epoch 22/34 loss 0.3003 val acc 0.8780 (0.1s)
    epoch 23/34 loss 0.2918 val acc 0.8780 (0.1s)
    epoch 24/34 loss 0.2951 val acc 0.8780 (0.1s)
    epoch 25/34 loss 0.2943 val acc 0.8780 (0.1s)
    epoch 26/34 loss 0.2948 val acc 0.8780 (0.1s)
    epoch 27/34 loss 0.2918 val acc 0.8780 (0.1s)
    epoch 28/34 loss 0.2952 val acc 0.8780 (0.1s)
    epoch 29/34 loss 0.2922 val acc 0.8780 (0.1s)
    epoch 30/34 loss 0.2912 val acc 0.8780 (0.1s)
    epoch 31/34 loss 0.2897 val acc 0.8780 (0.1s)
    epoch 32/34 loss 0.2918 val acc 0.8780 (0.1s)
    epoch 33/34 loss 0.2922 val acc 0.8780 (0.1s)
    epoch 34/34 loss 0.2930 val acc 0.8780 (0.1s)
  [invoice_processing.duplicate] test acc 0.8900 macro-F1 0.4709 ECE 0.017 (T=1.08, 5s, 0.00M params)
  [invoice_processing.matches_order] probe split=16, 2 labels, 259 train
    epoch 1/34 loss 0.7028 val acc 0.4878 (0.1s)
    epoch 2/34 loss 0.6943 val acc 0.3659 (0.1s)
    epoch 3/34 loss 0.7184 val acc 0.6341 (0.1s)
    epoch 4/34 loss 0.7262 val acc 0.3659 (0.1s)
    epoch 5/34 loss 0.7644 val acc 0.7317 (0.1s)
    epoch 6/34 loss 0.7128 val acc 0.6341 (0.1s)
    epoch 7/34 loss 0.8144 val acc 0.3659 (0.1s)
    epoch 8/34 loss 0.6603 val acc 0.6341 (0.1s)
    epoch 9/34 loss 0.7741 val acc 0.3659 (0.1s)
    epoch 10/34 loss 0.7324 val acc 0.7561 (0.1s)
    epoch 11/34 loss 0.6473 val acc 0.5122 (0.1s)
    epoch 12/34 loss 0.6333 val acc 0.7805 (0.1s)
    epoch 13/34 loss 0.6551 val acc 0.3659 (0.1s)
    epoch 14/34 loss 0.6682 val acc 0.7561 (0.1s)
    epoch 15/34 loss 0.6195 val acc 0.6098 (0.1s)
    epoch 16/34 loss 0.6145 val acc 0.5122 (0.1s)
    epoch 17/34 loss 0.6163 val acc 0.7317 (0.1s)
    epoch 18/34 loss 0.6507 val acc 0.7317 (0.1s)
    epoch 19/34 loss 0.6057 val acc 0.5854 (0.1s)
    epoch 20/34 loss 0.6101 val acc 0.6098 (0.1s)
    epoch 21/34 loss 0.5839 val acc 0.6341 (0.1s)
    epoch 22/34 loss 0.5834 val acc 0.6829 (0.1s)
    epoch 23/34 loss 0.5889 val acc 0.6341 (0.1s)
    epoch 24/34 loss 0.5836 val acc 0.6585 (0.1s)
    epoch 25/34 loss 0.5806 val acc 0.6585 (0.1s)
    epoch 26/34 loss 0.5864 val acc 0.5854 (0.1s)
    epoch 27/34 loss 0.5782 val acc 0.6341 (0.1s)
    epoch 28/34 loss 0.5767 val acc 0.6341 (0.1s)
    epoch 29/34 loss 0.5773 val acc 0.6098 (0.1s)
    epoch 30/34 loss 0.5740 val acc 0.6098 (0.1s)
    epoch 31/34 loss 0.5754 val acc 0.6341 (0.1s)
    epoch 32/34 loss 0.5793 val acc 0.6341 (0.1s)
    epoch 33/34 loss 0.5695 val acc 0.6341 (0.1s)
    epoch 34/34 loss 0.5733 val acc 0.6341 (0.1s)
  [invoice_processing.matches_order] test acc 0.7800 macro-F1 0.7742 ECE 0.123 (T=0.66, 5s, 0.00M params)
  [invoice_processing.urgency] probe split=16, 4 labels, 259 train
    epoch 1/34 loss 1.3308 val acc 0.4634 (0.1s)
    epoch 2/34 loss 1.2254 val acc 0.4878 (0.1s)
    epoch 3/34 loss 1.2233 val acc 0.4878 (0.1s)
    epoch 4/34 loss 1.2050 val acc 0.4634 (0.1s)
    epoch 5/34 loss 1.2031 val acc 0.5854 (0.1s)
    epoch 6/34 loss 1.2254 val acc 0.4878 (0.1s)
    epoch 7/34 loss 1.1809 val acc 0.6341 (0.1s)
    epoch 8/34 loss 1.1724 val acc 0.4634 (0.1s)
    epoch 9/34 loss 1.1732 val acc 0.7073 (0.1s)
    epoch 10/34 loss 1.2011 val acc 0.4634 (0.1s)
    epoch 11/34 loss 1.2154 val acc 0.4878 (0.1s)
    epoch 12/34 loss 1.1714 val acc 0.6585 (0.1s)
    epoch 13/34 loss 1.1575 val acc 0.6829 (0.1s)
    epoch 14/34 loss 1.1539 val acc 0.6585 (0.1s)
    epoch 15/34 loss 1.1500 val acc 0.5854 (0.1s)
    epoch 16/34 loss 1.1431 val acc 0.6829 (0.1s)
    epoch 17/34 loss 1.1403 val acc 0.7073 (0.1s)
    epoch 18/34 loss 1.1389 val acc 0.6829 (0.1s)
    epoch 19/34 loss 1.1380 val acc 0.7561 (0.1s)
    epoch 20/34 loss 1.1356 val acc 0.6585 (0.1s)
    epoch 21/34 loss 1.1389 val acc 0.6829 (0.1s)
    epoch 22/34 loss 1.1404 val acc 0.6829 (0.1s)
    epoch 23/34 loss 1.1330 val acc 0.7073 (0.1s)
    epoch 24/34 loss 1.1264 val acc 0.7073 (0.1s)
    epoch 25/34 loss 1.1260 val acc 0.6829 (0.1s)
    epoch 26/34 loss 1.1276 val acc 0.7317 (0.1s)
    epoch 27/34 loss 1.1273 val acc 0.7073 (0.1s)
    epoch 28/34 loss 1.1254 val acc 0.6829 (0.1s)
    epoch 29/34 loss 1.1247 val acc 0.7073 (0.1s)
    epoch 30/34 loss 1.1229 val acc 0.7561 (0.1s)
    epoch 31/34 loss 1.1212 val acc 0.7073 (0.1s)
    epoch 32/34 loss 1.1239 val acc 0.7073 (0.1s)
    epoch 33/34 loss 1.1248 val acc 0.6829 (0.1s)
    epoch 34/34 loss 1.1222 val acc 0.6829 (0.1s)
  [invoice_processing.urgency] test acc 0.5800 macro-F1 0.3177 ECE 0.122 (T=0.88, 5s, 0.00M params)
  [security_incidents.credential_compromise] probe split=16, 2 labels, 278 train
    epoch 1/34 loss 0.6930 val acc 0.5909 (0.1s)
    epoch 2/34 loss 0.6889 val acc 0.6364 (0.1s)
    epoch 3/34 loss 0.7080 val acc 0.5909 (0.1s)
    epoch 4/34 loss 0.7017 val acc 0.5909 (0.1s)
    epoch 5/34 loss 0.7273 val acc 0.5909 (0.1s)
    epoch 6/34 loss 0.7791 val acc 0.4091 (0.1s)
    epoch 7/34 loss 0.6856 val acc 0.5000 (0.1s)
    epoch 8/34 loss 0.6919 val acc 0.4091 (0.1s)
    epoch 9/34 loss 0.7339 val acc 0.6364 (0.1s)
    epoch 10/34 loss 0.6960 val acc 0.5909 (0.1s)
    epoch 11/34 loss 0.7021 val acc 0.5000 (0.1s)
    epoch 12/34 loss 0.6694 val acc 0.5000 (0.1s)
    epoch 13/34 loss 0.6688 val acc 0.5000 (0.1s)
    epoch 14/34 loss 0.6691 val acc 0.6818 (0.2s)
    epoch 15/34 loss 0.6729 val acc 0.7727 (0.1s)
    epoch 16/34 loss 0.6655 val acc 0.5000 (0.1s)
    epoch 17/34 loss 0.6647 val acc 0.5000 (0.1s)
    epoch 18/34 loss 0.6630 val acc 0.5000 (0.1s)
    epoch 19/34 loss 0.6558 val acc 0.6364 (0.1s)
    epoch 20/34 loss 0.6620 val acc 0.5000 (0.1s)
    epoch 21/34 loss 0.6587 val acc 0.5455 (0.1s)
    epoch 22/34 loss 0.6613 val acc 0.7273 (0.1s)
    epoch 23/34 loss 0.6577 val acc 0.5000 (0.1s)
    epoch 24/34 loss 0.6541 val acc 0.5000 (0.1s)
    epoch 25/34 loss 0.6559 val acc 0.5000 (0.1s)
    epoch 26/34 loss 0.6541 val acc 0.5000 (0.2s)
    epoch 27/34 loss 0.6535 val acc 0.5000 (0.1s)
    epoch 28/34 loss 0.6555 val acc 0.5000 (0.1s)
    epoch 29/34 loss 0.6551 val acc 0.5000 (0.1s)
    epoch 30/34 loss 0.6546 val acc 0.5000 (0.1s)
    epoch 31/34 loss 0.6544 val acc 0.5000 (0.1s)
    epoch 32/34 loss 0.6520 val acc 0.5000 (0.1s)
    epoch 33/34 loss 0.6515 val acc 0.5000 (0.1s)
    epoch 34/34 loss 0.6508 val acc 0.5000 (0.1s)
  [security_incidents.credential_compromise] test acc 0.6500 macro-F1 0.6491 ECE 0.087 (T=1.00, 5s, 0.00M params)
  [security_incidents.disposition] probe split=16, 4 labels, 278 train
    epoch 1/34 loss 1.2644 val acc 0.7273 (0.1s)
    epoch 2/34 loss 1.2435 val acc 0.7273 (0.1s)
    epoch 3/34 loss 1.2390 val acc 0.7273 (0.1s)
    epoch 4/34 loss 1.2256 val acc 0.7273 (0.1s)
    epoch 5/34 loss 1.2177 val acc 0.7273 (0.1s)
    epoch 6/34 loss 1.2102 val acc 0.7273 (0.1s)
    epoch 7/34 loss 1.2149 val acc 0.7273 (0.1s)
    epoch 8/34 loss 1.1963 val acc 0.7273 (0.1s)
    epoch 9/34 loss 1.2015 val acc 0.7273 (0.1s)
    epoch 10/34 loss 1.1882 val acc 0.7273 (0.1s)
    epoch 11/34 loss 1.1862 val acc 0.7273 (0.1s)
    epoch 12/34 loss 1.1790 val acc 0.7273 (0.1s)
    epoch 13/34 loss 1.1832 val acc 0.7273 (0.1s)
    epoch 14/34 loss 1.1855 val acc 0.7273 (0.1s)
    epoch 15/34 loss 1.1717 val acc 0.7273 (0.1s)
    epoch 16/34 loss 1.1831 val acc 0.7273 (0.1s)
    epoch 17/34 loss 1.1631 val acc 0.7273 (0.1s)
    epoch 18/34 loss 1.1656 val acc 0.7273 (0.1s)
    epoch 19/34 loss 1.1658 val acc 0.7273 (0.1s)
    epoch 20/34 loss 1.1598 val acc 0.7273 (0.1s)
    epoch 21/34 loss 1.1548 val acc 0.7273 (0.1s)
    epoch 22/34 loss 1.1586 val acc 0.7273 (0.1s)
    epoch 23/34 loss 1.1549 val acc 0.7273 (0.1s)
    epoch 24/34 loss 1.1533 val acc 0.7273 (0.2s)
    epoch 25/34 loss 1.1522 val acc 0.7273 (0.1s)
    epoch 26/34 loss 1.1502 val acc 0.7273 (0.1s)
    epoch 27/34 loss 1.1486 val acc 0.7273 (0.1s)
    epoch 28/34 loss 1.1502 val acc 0.7273 (0.1s)
    epoch 29/34 loss 1.1499 val acc 0.7273 (0.1s)
    epoch 30/34 loss 1.1461 val acc 0.7273 (0.1s)
    epoch 31/34 loss 1.1496 val acc 0.7273 (0.1s)
    epoch 32/34 loss 1.1473 val acc 0.7273 (0.1s)
    epoch 33/34 loss 1.1433 val acc 0.7273 (0.1s)
    epoch 34/34 loss 1.1431 val acc 0.7273 (0.1s)
  [security_incidents.disposition] test acc 0.7700 macro-F1 0.2997 ECE 0.262 (T=1.00, 5s, 0.00M params)
  [security_incidents.severity] probe split=16, 5 labels, 278 train
    epoch 1/34 loss 1.6932 val acc 0.3182 (0.1s)
    epoch 2/34 loss 1.4883 val acc 0.5909 (0.1s)
    epoch 3/34 loss 1.4973 val acc 0.5909 (0.1s)
    epoch 4/34 loss 1.4634 val acc 0.5909 (0.1s)
    epoch 5/34 loss 1.4443 val acc 0.5909 (0.1s)
    epoch 6/34 loss 1.4410 val acc 0.5455 (0.1s)
    epoch 7/34 loss 1.4273 val acc 0.5455 (0.1s)
    epoch 8/34 loss 1.4178 val acc 0.5909 (0.1s)
    epoch 9/34 loss 1.4075 val acc 0.5909 (0.1s)
    epoch 10/34 loss 1.4074 val acc 0.6364 (0.1s)
    epoch 11/34 loss 1.3997 val acc 0.6818 (0.1s)
    epoch 12/34 loss 1.3925 val acc 0.6818 (0.1s)
    epoch 13/34 loss 1.3795 val acc 0.5455 (0.1s)
    epoch 14/34 loss 1.3859 val acc 0.5455 (0.1s)
    epoch 15/34 loss 1.3992 val acc 0.6818 (0.1s)
    epoch 16/34 loss 1.3799 val acc 0.7273 (0.1s)
    epoch 17/34 loss 1.3619 val acc 0.7273 (0.1s)
    epoch 18/34 loss 1.3573 val acc 0.6818 (0.1s)
    epoch 19/34 loss 1.3545 val acc 0.5909 (0.1s)
    epoch 20/34 loss 1.3516 val acc 0.5909 (0.1s)
    epoch 21/34 loss 1.3594 val acc 0.7273 (0.1s)
    epoch 22/34 loss 1.3491 val acc 0.7273 (0.1s)
    epoch 23/34 loss 1.3438 val acc 0.5909 (0.1s)
    epoch 24/34 loss 1.3433 val acc 0.7273 (0.1s)
    epoch 25/34 loss 1.3399 val acc 0.6364 (0.1s)
    epoch 26/34 loss 1.3375 val acc 0.7273 (0.1s)
    epoch 27/34 loss 1.3364 val acc 0.7273 (0.1s)
    epoch 28/34 loss 1.3351 val acc 0.6818 (0.1s)
    epoch 29/34 loss 1.3379 val acc 0.6364 (0.1s)
    epoch 30/34 loss 1.3308 val acc 0.6818 (0.1s)
    epoch 31/34 loss 1.3355 val acc 0.6818 (0.1s)
    epoch 32/34 loss 1.3319 val acc 0.6818 (0.1s)
    epoch 33/34 loss 1.3323 val acc 0.6818 (0.1s)
    epoch 34/34 loss 1.3338 val acc 0.6818 (0.1s)
  [security_incidents.severity] test acc 0.5600 macro-F1 0.2760 ECE 0.171 (T=1.00, 5s, 0.01M params)
  [security_incidents.true_positive] probe split=16, 2 labels, 278 train
    epoch 1/34 loss 0.6764 val acc 0.6364 (0.1s)
    epoch 2/34 loss 0.6733 val acc 0.6364 (0.1s)
    epoch 3/34 loss 0.6746 val acc 0.6364 (0.1s)
    epoch 4/34 loss 0.6774 val acc 0.6364 (0.1s)
    epoch 5/34 loss 0.6732 val acc 0.6364 (0.1s)
    epoch 6/34 loss 0.6640 val acc 0.6364 (0.1s)
    epoch 7/34 loss 0.6653 val acc 0.6364 (0.1s)
    epoch 8/34 loss 0.6470 val acc 0.6364 (0.1s)
    epoch 9/34 loss 0.6604 val acc 0.7273 (0.1s)
    epoch 10/34 loss 0.6403 val acc 0.7727 (0.1s)
    epoch 11/34 loss 0.6372 val acc 0.6364 (0.1s)
    epoch 12/34 loss 0.6416 val acc 0.6364 (0.1s)
    epoch 13/34 loss 0.6439 val acc 0.7727 (0.1s)
    epoch 14/34 loss 0.6386 val acc 0.6818 (0.1s)
    epoch 15/34 loss 0.6376 val acc 0.7273 (0.1s)
    epoch 16/34 loss 0.6281 val acc 0.6364 (0.1s)
    epoch 17/34 loss 0.6343 val acc 0.6818 (0.1s)
    epoch 18/34 loss 0.6266 val acc 0.7727 (0.1s)
    epoch 19/34 loss 0.6219 val acc 0.7727 (0.1s)
    epoch 20/34 loss 0.6266 val acc 0.7273 (0.1s)
    epoch 21/34 loss 0.6224 val acc 0.6364 (0.1s)
    epoch 22/34 loss 0.6275 val acc 0.7727 (0.1s)
    epoch 23/34 loss 0.6221 val acc 0.7273 (0.1s)
    epoch 24/34 loss 0.6191 val acc 0.7273 (0.1s)
    epoch 25/34 loss 0.6214 val acc 0.8636 (0.1s)
    epoch 26/34 loss 0.6197 val acc 0.6818 (0.1s)
    epoch 27/34 loss 0.6188 val acc 0.7273 (0.1s)
    epoch 28/34 loss 0.6226 val acc 0.8182 (0.1s)
    epoch 29/34 loss 0.6210 val acc 0.7273 (0.1s)
    epoch 30/34 loss 0.6199 val acc 0.7273 (0.1s)
    epoch 31/34 loss 0.6208 val acc 0.7273 (0.1s)
    epoch 32/34 loss 0.6183 val acc 0.7273 (0.1s)
    epoch 33/34 loss 0.6173 val acc 0.7273 (0.1s)
    epoch 34/34 loss 0.6154 val acc 0.7273 (0.1s)
  [security_incidents.true_positive] test acc 0.7400 macro-F1 0.6330 ECE 0.120 (T=1.00, 5s, 0.00M params)
  [security_incidents.urgency] probe split=16, 4 labels, 278 train
    epoch 1/34 loss 1.5221 val acc 0.2273 (0.1s)
    epoch 2/34 loss 1.2693 val acc 0.5909 (0.1s)
    epoch 3/34 loss 1.2730 val acc 0.5909 (0.1s)
    epoch 4/34 loss 1.2385 val acc 0.5909 (0.1s)
    epoch 5/34 loss 1.2334 val acc 0.6364 (0.1s)
    epoch 6/34 loss 1.2371 val acc 0.5909 (0.1s)
    epoch 7/34 loss 1.2206 val acc 0.5909 (0.1s)
    epoch 8/34 loss 1.2210 val acc 0.5909 (0.2s)
    epoch 9/34 loss 1.2032 val acc 0.5909 (0.1s)
    epoch 10/34 loss 1.2059 val acc 0.5000 (0.1s)
    epoch 11/34 loss 1.2024 val acc 0.5909 (0.1s)
    epoch 12/34 loss 1.1862 val acc 0.5455 (0.1s)
    epoch 13/34 loss 1.1889 val acc 0.5909 (0.1s)
    epoch 14/34 loss 1.1862 val acc 0.5455 (0.1s)
    epoch 15/34 loss 1.1806 val acc 0.5455 (0.2s)
    epoch 16/34 loss 1.1904 val acc 0.5909 (0.1s)
    epoch 17/34 loss 1.1668 val acc 0.5455 (0.1s)
    epoch 18/34 loss 1.1660 val acc 0.5455 (0.1s)
    epoch 19/34 loss 1.1669 val acc 0.5455 (0.1s)
    epoch 20/34 loss 1.1618 val acc 0.5909 (0.1s)
    epoch 21/34 loss 1.1550 val acc 0.6364 (0.1s)
    epoch 22/34 loss 1.1579 val acc 0.6364 (0.2s)
    epoch 23/34 loss 1.1566 val acc 0.6364 (0.1s)
    epoch 24/34 loss 1.1545 val acc 0.6364 (0.1s)
    epoch 25/34 loss 1.1532 val acc 0.5909 (0.1s)
    epoch 26/34 loss 1.1526 val acc 0.5455 (0.1s)
    epoch 27/34 loss 1.1516 val acc 0.5909 (0.1s)
    epoch 28/34 loss 1.1514 val acc 0.5909 (0.1s)
    epoch 29/34 loss 1.1541 val acc 0.6364 (0.2s)
    epoch 30/34 loss 1.1513 val acc 0.5909 (0.1s)
    epoch 31/34 loss 1.1495 val acc 0.6364 (0.1s)
    epoch 32/34 loss 1.1496 val acc 0.6364 (0.1s)
    epoch 33/34 loss 1.1458 val acc 0.6364 (0.1s)
    epoch 34/34 loss 1.1462 val acc 0.6364 (0.1s)
  [security_incidents.urgency] test acc 0.6000 macro-F1 0.3344 ECE 0.166 (T=1.00, 5s, 0.00M params)
   probe@16 mean: {"acc": 0.628, "macro_f1": 0.4359, "ece": 0.132, "nll": 0.8759}
-- probe@22
  cached trunk depth 22 for 1600 messages in 10.0s (559 MB)
  [agent_trace_observability.action] probe split=22, 4 labels, 274 train
    epoch 1/34 loss 1.2852 val acc 0.5385 (0.1s)
    epoch 2/34 loss 1.2735 val acc 0.5769 (0.1s)
    epoch 3/34 loss 1.2767 val acc 0.5385 (0.1s)
    epoch 4/34 loss 1.2513 val acc 0.5385 (0.1s)
    epoch 5/34 loss 1.2354 val acc 0.6154 (0.1s)
    epoch 6/34 loss 1.2481 val acc 0.5385 (0.1s)
    epoch 7/34 loss 1.2207 val acc 0.5385 (0.1s)
    epoch 8/34 loss 1.2182 val acc 0.5385 (0.1s)
    epoch 9/34 loss 1.2073 val acc 0.6154 (0.1s)
    epoch 10/34 loss 1.2113 val acc 0.5385 (0.1s)
    epoch 11/34 loss 1.1921 val acc 0.6154 (0.1s)
    epoch 12/34 loss 1.1847 val acc 0.6538 (0.1s)
    epoch 13/34 loss 1.1913 val acc 0.6538 (0.1s)
    epoch 14/34 loss 1.1789 val acc 0.6538 (0.1s)
    epoch 15/34 loss 1.1823 val acc 0.6154 (0.1s)
    epoch 16/34 loss 1.1757 val acc 0.5769 (0.1s)
    epoch 17/34 loss 1.1687 val acc 0.5769 (0.1s)
    epoch 18/34 loss 1.1692 val acc 0.6538 (0.1s)
    epoch 19/34 loss 1.1633 val acc 0.6538 (0.1s)
    epoch 20/34 loss 1.1595 val acc 0.6923 (0.1s)
    epoch 21/34 loss 1.1566 val acc 0.7308 (0.1s)
    epoch 22/34 loss 1.1526 val acc 0.7308 (0.1s)
    epoch 23/34 loss 1.1522 val acc 0.8077 (0.1s)
    epoch 24/34 loss 1.1489 val acc 0.7308 (0.1s)
    epoch 25/34 loss 1.1471 val acc 0.7692 (0.1s)
    epoch 26/34 loss 1.1474 val acc 0.8077 (0.1s)
    epoch 27/34 loss 1.1463 val acc 0.7308 (0.1s)
    epoch 28/34 loss 1.1407 val acc 0.7308 (0.1s)
    epoch 29/34 loss 1.1468 val acc 0.7692 (0.1s)
    epoch 30/34 loss 1.1431 val acc 0.8077 (0.1s)
    epoch 31/34 loss 1.1446 val acc 0.8077 (0.1s)
    epoch 32/34 loss 1.1409 val acc 0.7692 (0.1s)
    epoch 33/34 loss 1.1405 val acc 0.7692 (0.1s)
    epoch 34/34 loss 1.1426 val acc 0.7692 (0.1s)
  [agent_trace_observability.action] test acc 0.5000 macro-F1 0.3216 ECE 0.110 (T=1.00, 4s, 0.00M params)
  [agent_trace_observability.needs_review] probe split=22, 2 labels, 274 train
    epoch 1/34 loss 0.6973 val acc 0.5769 (0.1s)
    epoch 2/34 loss 0.6962 val acc 0.5000 (0.1s)
    epoch 3/34 loss 0.6858 val acc 0.5000 (0.1s)
    epoch 4/34 loss 0.6806 val acc 0.5769 (0.1s)
    epoch 5/34 loss 0.6683 val acc 0.7308 (0.1s)
    epoch 6/34 loss 0.6637 val acc 0.5000 (0.1s)
    epoch 7/34 loss 0.6611 val acc 0.5000 (0.1s)
    epoch 8/34 loss 0.6587 val acc 0.5000 (0.1s)
    epoch 9/34 loss 0.6474 val acc 0.7308 (0.1s)
    epoch 10/34 loss 0.6612 val acc 0.7308 (0.1s)
    epoch 11/34 loss 0.6256 val acc 0.6923 (0.1s)
    epoch 12/34 loss 0.6358 val acc 0.7692 (0.1s)
    epoch 13/34 loss 0.6406 val acc 0.8077 (0.1s)
    epoch 14/34 loss 0.6190 val acc 0.7692 (0.1s)
    epoch 15/34 loss 0.6221 val acc 0.7692 (0.1s)
    epoch 16/34 loss 0.6128 val acc 0.7308 (0.1s)
    epoch 17/34 loss 0.6176 val acc 0.6538 (0.1s)
    epoch 18/34 loss 0.6241 val acc 0.7308 (0.1s)
    epoch 19/34 loss 0.6093 val acc 0.7692 (0.1s)
    epoch 20/34 loss 0.6046 val acc 0.7692 (0.1s)
    epoch 21/34 loss 0.6061 val acc 0.7692 (0.1s)
    epoch 22/34 loss 0.6036 val acc 0.7308 (0.1s)
    epoch 23/34 loss 0.6024 val acc 0.8077 (0.1s)
    epoch 24/34 loss 0.6008 val acc 0.7692 (0.1s)
    epoch 25/34 loss 0.5992 val acc 0.7308 (0.1s)
    epoch 26/34 loss 0.6027 val acc 0.7308 (0.1s)
    epoch 27/34 loss 0.5999 val acc 0.7692 (0.1s)
    epoch 28/34 loss 0.5958 val acc 0.7692 (0.1s)
    epoch 29/34 loss 0.6003 val acc 0.7308 (0.1s)
    epoch 30/34 loss 0.5974 val acc 0.8077 (0.1s)
    epoch 31/34 loss 0.5979 val acc 0.7692 (0.1s)
    epoch 32/34 loss 0.5945 val acc 0.7692 (0.1s)
    epoch 33/34 loss 0.5964 val acc 0.8077 (0.1s)
    epoch 34/34 loss 0.5968 val acc 0.8077 (0.1s)
  [agent_trace_observability.needs_review] test acc 0.8100 macro-F1 0.8091 ECE 0.161 (T=1.00, 4s, 0.00M params)
  [agent_trace_observability.outcome] probe split=22, 4 labels, 274 train
    epoch 1/34 loss 1.3981 val acc 0.5769 (0.1s)
    epoch 2/34 loss 1.3572 val acc 0.5769 (0.1s)
    epoch 3/34 loss 1.3414 val acc 0.5385 (0.1s)
    epoch 4/34 loss 1.3380 val acc 0.5769 (0.1s)
    epoch 5/34 loss 1.3196 val acc 0.6538 (0.1s)
    epoch 6/34 loss 1.3124 val acc 0.5769 (0.1s)
    epoch 7/34 loss 1.3033 val acc 0.4231 (0.1s)
    epoch 8/34 loss 1.2924 val acc 0.2692 (0.1s)
    epoch 9/34 loss 1.2812 val acc 0.4615 (0.1s)
    epoch 10/34 loss 1.2695 val acc 0.5385 (0.1s)
    epoch 11/34 loss 1.2565 val acc 0.6154 (0.1s)
    epoch 12/34 loss 1.2587 val acc 0.6538 (0.1s)
    epoch 13/34 loss 1.2491 val acc 0.6154 (0.1s)
    epoch 14/34 loss 1.2419 val acc 0.5769 (0.1s)
    epoch 15/34 loss 1.2384 val acc 0.6154 (0.1s)
    epoch 16/34 loss 1.2338 val acc 0.6538 (0.1s)
    epoch 17/34 loss 1.2157 val acc 0.5000 (0.1s)
    epoch 18/34 loss 1.2119 val acc 0.6923 (0.1s)
    epoch 19/34 loss 1.2041 val acc 0.6923 (0.1s)
    epoch 20/34 loss 1.1984 val acc 0.6538 (0.1s)
    epoch 21/34 loss 1.1934 val acc 0.6923 (0.1s)
    epoch 22/34 loss 1.1915 val acc 0.6538 (0.1s)
    epoch 23/34 loss 1.1886 val acc 0.6923 (0.1s)
    epoch 24/34 loss 1.1975 val acc 0.6923 (0.1s)
    epoch 25/34 loss 1.1856 val acc 0.7692 (0.1s)
    epoch 26/34 loss 1.1839 val acc 0.7308 (0.1s)
    epoch 27/34 loss 1.1833 val acc 0.7308 (0.1s)
    epoch 28/34 loss 1.1747 val acc 0.8077 (0.1s)
    epoch 29/34 loss 1.1791 val acc 0.7308 (0.1s)
    epoch 30/34 loss 1.1794 val acc 0.7308 (0.1s)
    epoch 31/34 loss 1.1764 val acc 0.7308 (0.1s)
    epoch 32/34 loss 1.1729 val acc 0.7308 (0.1s)
    epoch 33/34 loss 1.1738 val acc 0.7308 (0.1s)
    epoch 34/34 loss 1.1771 val acc 0.7308 (0.1s)
  [agent_trace_observability.outcome] test acc 0.4400 macro-F1 0.3449 ECE 0.078 (T=1.00, 4s, 0.00M params)
  [agent_trace_observability.risk] probe split=22, 4 labels, 274 train
    epoch 1/34 loss 1.3766 val acc 0.2692 (0.1s)
    epoch 2/34 loss 1.3653 val acc 0.3077 (0.1s)
    epoch 3/34 loss 1.3662 val acc 0.3846 (0.1s)
    epoch 4/34 loss 1.3337 val acc 0.2692 (0.1s)
    epoch 5/34 loss 1.3319 val acc 0.4231 (0.1s)
    epoch 6/34 loss 1.3509 val acc 0.3077 (0.1s)
    epoch 7/34 loss 1.2995 val acc 0.4231 (0.1s)
    epoch 8/34 loss 1.2769 val acc 0.4615 (0.1s)
    epoch 9/34 loss 1.2635 val acc 0.3846 (0.1s)
    epoch 10/34 loss 1.2634 val acc 0.3846 (0.1s)
    epoch 11/34 loss 1.2597 val acc 0.5000 (0.1s)
    epoch 12/34 loss 1.2315 val acc 0.5000 (0.1s)
    epoch 13/34 loss 1.2311 val acc 0.3846 (0.1s)
    epoch 14/34 loss 1.2024 val acc 0.6154 (0.1s)
    epoch 15/34 loss 1.2111 val acc 0.4615 (0.1s)
    epoch 16/34 loss 1.2006 val acc 0.5385 (0.1s)
    epoch 17/34 loss 1.1923 val acc 0.5769 (0.1s)
    epoch 18/34 loss 1.1847 val acc 0.5385 (0.1s)
    epoch 19/34 loss 1.1776 val acc 0.5769 (0.1s)
    epoch 20/34 loss 1.1647 val acc 0.5000 (0.1s)
    epoch 21/34 loss 1.1619 val acc 0.5385 (0.1s)
    epoch 22/34 loss 1.1538 val acc 0.5385 (0.1s)
    epoch 23/34 loss 1.1536 val acc 0.5769 (0.1s)
    epoch 24/34 loss 1.1536 val acc 0.5385 (0.1s)
    epoch 25/34 loss 1.1455 val acc 0.6154 (0.1s)
    epoch 26/34 loss 1.1419 val acc 0.5385 (0.1s)
    epoch 27/34 loss 1.1430 val acc 0.5769 (0.1s)
    epoch 28/34 loss 1.1347 val acc 0.5385 (0.1s)
    epoch 29/34 loss 1.1441 val acc 0.5769 (0.1s)
    epoch 30/34 loss 1.1400 val acc 0.5769 (0.1s)
    epoch 31/34 loss 1.1392 val acc 0.5769 (0.1s)
    epoch 32/34 loss 1.1363 val acc 0.5769 (0.1s)
    epoch 33/34 loss 1.1343 val acc 0.5769 (0.1s)
    epoch 34/34 loss 1.1351 val acc 0.5769 (0.1s)
  [agent_trace_observability.risk] test acc 0.5200 macro-F1 0.4964 ECE 0.128 (T=1.00, 4s, 0.00M params)
  [agent_trace_observability.urgency] probe split=22, 4 labels, 274 train
    epoch 1/34 loss 1.3570 val acc 0.6154 (0.1s)
    epoch 2/34 loss 1.3418 val acc 0.5385 (0.1s)
    epoch 3/34 loss 1.3533 val acc 0.5769 (0.1s)
    epoch 4/34 loss 1.3254 val acc 0.6154 (0.1s)
    epoch 5/34 loss 1.3364 val acc 0.5769 (0.1s)
    epoch 6/34 loss 1.3236 val acc 0.6538 (0.1s)
    epoch 7/34 loss 1.2989 val acc 0.5000 (0.1s)
    epoch 8/34 loss 1.2741 val acc 0.6154 (0.1s)
    epoch 9/34 loss 1.2690 val acc 0.5769 (0.1s)
    epoch 10/34 loss 1.2642 val acc 0.5000 (0.1s)
    epoch 11/34 loss 1.2489 val acc 0.5769 (0.1s)
    epoch 12/34 loss 1.2389 val acc 0.6154 (0.1s)
    epoch 13/34 loss 1.2464 val acc 0.5769 (0.1s)
    epoch 14/34 loss 1.2230 val acc 0.5385 (0.1s)
    epoch 15/34 loss 1.2235 val acc 0.5769 (0.1s)
    epoch 16/34 loss 1.2178 val acc 0.5769 (0.1s)
    epoch 17/34 loss 1.2130 val acc 0.5769 (0.1s)
    epoch 18/34 loss 1.2095 val acc 0.6154 (0.1s)
    epoch 19/34 loss 1.2050 val acc 0.5385 (0.1s)
    epoch 20/34 loss 1.1943 val acc 0.5769 (0.1s)
    epoch 21/34 loss 1.1994 val acc 0.5000 (0.1s)
    epoch 22/34 loss 1.1871 val acc 0.5769 (0.1s)
    epoch 23/34 loss 1.1881 val acc 0.5769 (0.1s)
    epoch 24/34 loss 1.1851 val acc 0.5769 (0.1s)
    epoch 25/34 loss 1.1816 val acc 0.6154 (0.1s)
    epoch 26/34 loss 1.1798 val acc 0.5385 (0.1s)
    epoch 27/34 loss 1.1800 val acc 0.5769 (0.1s)
    epoch 28/34 loss 1.1750 val acc 0.5385 (0.1s)
    epoch 29/34 loss 1.1776 val acc 0.5769 (0.1s)
    epoch 30/34 loss 1.1776 val acc 0.5769 (0.1s)
    epoch 31/34 loss 1.1772 val acc 0.5769 (0.1s)
    epoch 32/34 loss 1.1759 val acc 0.5769 (0.1s)
    epoch 33/34 loss 1.1744 val acc 0.5769 (0.1s)
    epoch 34/34 loss 1.1728 val acc 0.5769 (0.1s)
  [agent_trace_observability.urgency] test acc 0.4500 macro-F1 0.3212 ECE 0.119 (T=1.00, 4s, 0.00M params)
  [customer_service.action] probe split=22, 5 labels, 269 train
    epoch 1/34 loss 1.4294 val acc 0.5484 (0.2s)
    epoch 2/34 loss 1.3017 val acc 0.5484 (0.2s)
    epoch 3/34 loss 1.2804 val acc 0.3226 (0.1s)
    epoch 4/34 loss 1.2577 val acc 0.4194 (0.1s)
    epoch 5/34 loss 1.2172 val acc 0.5161 (0.1s)
    epoch 6/34 loss 1.1940 val acc 0.5484 (0.2s)
    epoch 7/34 loss 1.1915 val acc 0.3548 (0.2s)
    epoch 8/34 loss 1.1996 val acc 0.5161 (0.2s)
    epoch 9/34 loss 1.2327 val acc 0.5484 (0.2s)
    epoch 10/34 loss 1.1886 val acc 0.5484 (0.1s)
    epoch 11/34 loss 1.1865 val acc 0.4839 (0.1s)
    epoch 12/34 loss 1.1540 val acc 0.5484 (0.1s)
    epoch 13/34 loss 1.1442 val acc 0.5806 (0.1s)
    epoch 14/34 loss 1.1486 val acc 0.5806 (0.1s)
    epoch 15/34 loss 1.1359 val acc 0.6129 (0.1s)
    epoch 16/34 loss 1.1330 val acc 0.5484 (0.1s)
    epoch 17/34 loss 1.1272 val acc 0.5806 (0.1s)
    epoch 18/34 loss 1.1208 val acc 0.6129 (0.1s)
    epoch 19/34 loss 1.1193 val acc 0.6129 (0.1s)
    epoch 20/34 loss 1.1122 val acc 0.6452 (0.1s)
    epoch 21/34 loss 1.1096 val acc 0.6129 (0.1s)
    epoch 22/34 loss 1.1136 val acc 0.6452 (0.1s)
    epoch 23/34 loss 1.1132 val acc 0.6452 (0.2s)
    epoch 24/34 loss 1.1090 val acc 0.6774 (0.1s)
    epoch 25/34 loss 1.1041 val acc 0.6452 (0.1s)
    epoch 26/34 loss 1.1029 val acc 0.6774 (0.1s)
    epoch 27/34 loss 1.1032 val acc 0.6452 (0.1s)
    epoch 28/34 loss 1.1039 val acc 0.6774 (0.1s)
    epoch 29/34 loss 1.1055 val acc 0.6774 (0.2s)
    epoch 30/34 loss 1.1028 val acc 0.6774 (0.1s)
    epoch 31/34 loss 1.0993 val acc 0.6774 (0.2s)
    epoch 32/34 loss 1.1039 val acc 0.6774 (0.1s)
    epoch 33/34 loss 1.1002 val acc 0.6774 (0.2s)
    epoch 34/34 loss 1.1014 val acc 0.6774 (0.1s)
  [customer_service.action] test acc 0.6600 macro-F1 0.3263 ECE 0.141 (T=0.93, 5s, 0.01M params)
  [customer_service.category] probe split=22, 5 labels, 269 train
    epoch 1/34 loss 1.6181 val acc 0.1613 (0.1s)
    epoch 2/34 loss 1.5534 val acc 0.1613 (0.1s)
    epoch 3/34 loss 1.5230 val acc 0.3226 (0.1s)
    epoch 4/34 loss 1.4531 val acc 0.2258 (0.1s)
    epoch 5/34 loss 1.3667 val acc 0.6129 (0.2s)
    epoch 6/34 loss 1.2973 val acc 0.5806 (0.1s)
    epoch 7/34 loss 1.2409 val acc 0.5161 (0.2s)
    epoch 8/34 loss 1.1720 val acc 0.5806 (0.2s)
    epoch 9/34 loss 1.1191 val acc 0.5806 (0.1s)
    epoch 10/34 loss 1.0556 val acc 0.5806 (0.2s)
    epoch 11/34 loss 1.0089 val acc 0.6452 (0.2s)
    epoch 12/34 loss 0.9917 val acc 0.4516 (0.1s)
    epoch 13/34 loss 0.9597 val acc 0.6452 (0.1s)
    epoch 14/34 loss 0.9272 val acc 0.6774 (0.1s)
    epoch 15/34 loss 0.8967 val acc 0.5806 (0.1s)
    epoch 16/34 loss 0.8723 val acc 0.7097 (0.1s)
    epoch 17/34 loss 0.8638 val acc 0.6774 (0.1s)
    epoch 18/34 loss 0.8416 val acc 0.6129 (0.1s)
    epoch 19/34 loss 0.8226 val acc 0.6452 (0.1s)
    epoch 20/34 loss 0.7959 val acc 0.6774 (0.1s)
    epoch 21/34 loss 0.7975 val acc 0.6452 (0.1s)
    epoch 22/34 loss 0.7856 val acc 0.6452 (0.1s)
    epoch 23/34 loss 0.7682 val acc 0.6452 (0.2s)
    epoch 24/34 loss 0.7710 val acc 0.6774 (0.1s)
    epoch 25/34 loss 0.7643 val acc 0.7097 (0.2s)
    epoch 26/34 loss 0.7543 val acc 0.6129 (0.2s)
    epoch 27/34 loss 0.7532 val acc 0.7097 (0.1s)
    epoch 28/34 loss 0.7359 val acc 0.6774 (0.2s)
    epoch 29/34 loss 0.7436 val acc 0.7419 (0.1s)
    epoch 30/34 loss 0.7442 val acc 0.7097 (0.2s)
    epoch 31/34 loss 0.7449 val acc 0.7097 (0.1s)
    epoch 32/34 loss 0.7441 val acc 0.7097 (0.2s)
    epoch 33/34 loss 0.7365 val acc 0.7097 (0.2s)
    epoch 34/34 loss 0.7450 val acc 0.7097 (0.2s)
  [customer_service.category] test acc 0.7900 macro-F1 0.7540 ECE 0.096 (T=0.66, 5s, 0.01M params)
  [customer_service.churn_risk] probe split=22, 4 labels, 269 train
    epoch 1/34 loss 1.4133 val acc 0.5161 (0.1s)
    epoch 2/34 loss 1.3235 val acc 0.5161 (0.2s)
    epoch 3/34 loss 1.2964 val acc 0.5161 (0.2s)
    epoch 4/34 loss 1.2728 val acc 0.5161 (0.2s)
    epoch 5/34 loss 1.2549 val acc 0.5161 (0.2s)
    epoch 6/34 loss 1.2400 val acc 0.5484 (0.2s)
    epoch 7/34 loss 1.2260 val acc 0.4516 (0.1s)
    epoch 8/34 loss 1.2078 val acc 0.5161 (0.1s)
    epoch 9/34 loss 1.2010 val acc 0.6129 (0.2s)
    epoch 10/34 loss 1.1930 val acc 0.5484 (0.2s)
    epoch 11/34 loss 1.1932 val acc 0.5806 (0.2s)
    epoch 12/34 loss 1.1713 val acc 0.5484 (0.2s)
    epoch 13/34 loss 1.1499 val acc 0.5806 (0.2s)
    epoch 14/34 loss 1.1525 val acc 0.6129 (0.1s)
    epoch 15/34 loss 1.1316 val acc 0.6452 (0.2s)
    epoch 16/34 loss 1.1295 val acc 0.6129 (0.2s)
    epoch 17/34 loss 1.1199 val acc 0.6452 (0.2s)
    epoch 18/34 loss 1.1187 val acc 0.6774 (0.1s)
    epoch 19/34 loss 1.1134 val acc 0.6774 (0.2s)
    epoch 20/34 loss 1.1096 val acc 0.5806 (0.1s)
    epoch 21/34 loss 1.1087 val acc 0.5806 (0.1s)
    epoch 22/34 loss 1.0971 val acc 0.6452 (0.2s)
    epoch 23/34 loss 1.0969 val acc 0.6774 (0.1s)
    epoch 24/34 loss 1.0901 val acc 0.6452 (0.2s)
    epoch 25/34 loss 1.0849 val acc 0.6774 (0.1s)
    epoch 26/34 loss 1.0837 val acc 0.6774 (0.1s)
    epoch 27/34 loss 1.0878 val acc 0.6774 (0.1s)
    epoch 28/34 loss 1.0896 val acc 0.6774 (0.1s)
    epoch 29/34 loss 1.0829 val acc 0.6774 (0.2s)
    epoch 30/34 loss 1.0882 val acc 0.6774 (0.2s)
    epoch 31/34 loss 1.0853 val acc 0.6774 (0.1s)
    epoch 32/34 loss 1.0838 val acc 0.6774 (0.1s)
    epoch 33/34 loss 1.0824 val acc 0.6774 (0.2s)
    epoch 34/34 loss 1.0799 val acc 0.6774 (0.2s)
  [customer_service.churn_risk] test acc 0.7100 macro-F1 0.5174 ECE 0.251 (T=0.84, 5s, 0.00M params)
  [customer_service.needs_human] probe split=22, 2 labels, 269 train
    epoch 1/34 loss 0.6975 val acc 0.7419 (0.1s)
    epoch 2/34 loss 0.7028 val acc 0.7419 (0.1s)
    epoch 3/34 loss 0.7008 val acc 0.2903 (0.1s)
    epoch 4/34 loss 0.6822 val acc 0.4516 (0.2s)
    epoch 5/34 loss 0.6847 val acc 0.7419 (0.2s)
    epoch 6/34 loss 0.7173 val acc 0.7419 (0.2s)
    epoch 7/34 loss 0.6509 val acc 0.5484 (0.2s)
    epoch 8/34 loss 0.6514 val acc 0.6774 (0.1s)
    epoch 9/34 loss 0.7150 val acc 0.7419 (0.2s)
    epoch 10/34 loss 0.6409 val acc 0.7419 (0.2s)
    epoch 11/34 loss 0.6485 val acc 0.7742 (0.1s)
    epoch 12/34 loss 0.6308 val acc 0.7742 (0.1s)
    epoch 13/34 loss 0.6333 val acc 0.7742 (0.2s)
    epoch 14/34 loss 0.6222 val acc 0.6452 (0.1s)
    epoch 15/34 loss 0.6211 val acc 0.6129 (0.1s)
    epoch 16/34 loss 0.6263 val acc 0.7419 (0.2s)
    epoch 17/34 loss 0.6200 val acc 0.8387 (0.2s)
    epoch 18/34 loss 0.6138 val acc 0.6774 (0.1s)
    epoch 19/34 loss 0.6148 val acc 0.6774 (0.2s)
    epoch 20/34 loss 0.6083 val acc 0.8065 (0.1s)
    epoch 21/34 loss 0.6112 val acc 0.8065 (0.2s)
    epoch 22/34 loss 0.6105 val acc 0.6774 (0.2s)
    epoch 23/34 loss 0.6102 val acc 0.8065 (0.2s)
    epoch 24/34 loss 0.6077 val acc 0.8065 (0.1s)
    epoch 25/34 loss 0.6068 val acc 0.7742 (0.2s)
    epoch 26/34 loss 0.6040 val acc 0.7419 (0.1s)
    epoch 27/34 loss 0.6061 val acc 0.7742 (0.2s)
    epoch 28/34 loss 0.6065 val acc 0.7742 (0.1s)
    epoch 29/34 loss 0.6080 val acc 0.8065 (0.2s)
    epoch 30/34 loss 0.6068 val acc 0.7742 (0.2s)
    epoch 31/34 loss 0.6037 val acc 0.8065 (0.2s)
    epoch 32/34 loss 0.6081 val acc 0.7742 (0.1s)
    epoch 33/34 loss 0.6032 val acc 0.8065 (0.2s)
    epoch 34/34 loss 0.6055 val acc 0.8065 (0.2s)
  [customer_service.needs_human] test acc 0.8200 macro-F1 0.7717 ECE 0.120 (T=0.71, 5s, 0.00M params)
  [customer_service.urgency] probe split=22, 4 labels, 269 train
    epoch 1/34 loss 1.4603 val acc 0.2581 (0.2s)
    epoch 2/34 loss 1.2365 val acc 0.5161 (0.2s)
    epoch 3/34 loss 1.1899 val acc 0.5161 (0.1s)
    epoch 4/34 loss 1.1843 val acc 0.5484 (0.1s)
    epoch 5/34 loss 1.1576 val acc 0.6129 (0.1s)
    epoch 6/34 loss 1.1450 val acc 0.5806 (0.2s)
    epoch 7/34 loss 1.1275 val acc 0.6452 (0.2s)
    epoch 8/34 loss 1.1228 val acc 0.5484 (0.1s)
    epoch 9/34 loss 1.1199 val acc 0.5806 (0.1s)
    epoch 10/34 loss 1.1319 val acc 0.2581 (0.2s)
    epoch 11/34 loss 1.1064 val acc 0.2581 (0.1s)
    epoch 12/34 loss 1.1316 val acc 0.5484 (0.1s)
    epoch 13/34 loss 1.0960 val acc 0.4839 (0.2s)
    epoch 14/34 loss 1.0705 val acc 0.4516 (0.2s)
    epoch 15/34 loss 1.0689 val acc 0.4194 (0.1s)
    epoch 16/34 loss 1.0530 val acc 0.7742 (0.2s)
    epoch 17/34 loss 1.0545 val acc 0.5806 (0.2s)
    epoch 18/34 loss 1.0505 val acc 0.5161 (0.2s)
    epoch 19/34 loss 1.0476 val acc 0.5806 (0.2s)
    epoch 20/34 loss 1.0440 val acc 0.5806 (0.1s)
    epoch 21/34 loss 1.0373 val acc 0.6452 (0.1s)
    epoch 22/34 loss 1.0373 val acc 0.5806 (0.1s)
    epoch 23/34 loss 1.0366 val acc 0.6129 (0.2s)
    epoch 24/34 loss 1.0276 val acc 0.5806 (0.2s)
    epoch 25/34 loss 1.0249 val acc 0.6452 (0.2s)
    epoch 26/34 loss 1.0219 val acc 0.5806 (0.2s)
    epoch 27/34 loss 1.0233 val acc 0.6129 (0.2s)
    epoch 28/34 loss 1.0248 val acc 0.6129 (0.2s)
    epoch 29/34 loss 1.0192 val acc 0.6452 (0.2s)
    epoch 30/34 loss 1.0192 val acc 0.6452 (0.2s)
    epoch 31/34 loss 1.0197 val acc 0.6452 (0.2s)
    epoch 32/34 loss 1.0201 val acc 0.6452 (0.1s)
    epoch 33/34 loss 1.0179 val acc 0.6452 (0.2s)
    epoch 34/34 loss 1.0198 val acc 0.6452 (0.2s)
  [customer_service.urgency] test acc 0.6500 macro-F1 0.4793 ECE 0.155 (T=0.86, 5s, 0.00M params)
  [invoice_processing.discrepancy_severity] probe split=22, 4 labels, 259 train
    epoch 1/34 loss 1.3898 val acc 0.2927 (0.1s)
    epoch 2/34 loss 1.2654 val acc 0.2927 (0.1s)
    epoch 3/34 loss 1.2998 val acc 0.3171 (0.1s)
    epoch 4/34 loss 1.2487 val acc 0.2927 (0.1s)
    epoch 5/34 loss 1.3272 val acc 0.2927 (0.1s)
    epoch 6/34 loss 1.2980 val acc 0.2683 (0.1s)
    epoch 7/34 loss 1.4985 val acc 0.2927 (0.1s)
    epoch 8/34 loss 1.2370 val acc 0.3659 (0.1s)
    epoch 9/34 loss 1.2639 val acc 0.2927 (0.1s)
    epoch 10/34 loss 1.2484 val acc 0.2927 (0.1s)
    epoch 11/34 loss 1.2460 val acc 0.2927 (0.1s)
    epoch 12/34 loss 1.2089 val acc 0.4390 (0.1s)
    epoch 13/34 loss 1.2444 val acc 0.2927 (0.1s)
    epoch 14/34 loss 1.2462 val acc 0.4146 (0.1s)
    epoch 15/34 loss 1.1951 val acc 0.3171 (0.1s)
    epoch 16/34 loss 1.1729 val acc 0.2927 (0.1s)
    epoch 17/34 loss 1.1678 val acc 0.4634 (0.1s)
    epoch 18/34 loss 1.2001 val acc 0.2927 (0.1s)
    epoch 19/34 loss 1.1526 val acc 0.5610 (0.1s)
    epoch 20/34 loss 1.2469 val acc 0.4634 (0.1s)
    epoch 21/34 loss 1.1627 val acc 0.2927 (0.1s)
    epoch 22/34 loss 1.1344 val acc 0.5366 (0.1s)
    epoch 23/34 loss 1.1997 val acc 0.5610 (0.1s)
    epoch 24/34 loss 1.1532 val acc 0.2927 (0.1s)
    epoch 25/34 loss 1.1652 val acc 0.3171 (0.1s)
    epoch 26/34 loss 1.1385 val acc 0.3415 (0.1s)
    epoch 27/34 loss 1.1378 val acc 0.3415 (0.1s)
    epoch 28/34 loss 1.1392 val acc 0.3171 (0.1s)
    epoch 29/34 loss 1.1378 val acc 0.3171 (0.1s)
    epoch 30/34 loss 1.1348 val acc 0.3415 (0.1s)
    epoch 31/34 loss 1.1323 val acc 0.3415 (0.1s)
    epoch 32/34 loss 1.1373 val acc 0.3415 (0.2s)
    epoch 33/34 loss 1.1306 val acc 0.3415 (0.1s)
    epoch 34/34 loss 1.1349 val acc 0.3415 (0.2s)
  [invoice_processing.discrepancy_severity] test acc 0.5900 macro-F1 0.3237 ECE 0.169 (T=0.92, 5s, 0.00M params)
  [invoice_processing.disposition] probe split=22, 4 labels, 259 train
    epoch 1/34 loss 1.3012 val acc 0.3902 (0.2s)
    epoch 2/34 loss 1.2477 val acc 0.2439 (0.2s)
    epoch 3/34 loss 1.2754 val acc 0.5122 (0.2s)
    epoch 4/34 loss 1.2918 val acc 0.2439 (0.1s)
    epoch 5/34 loss 1.3072 val acc 0.2439 (0.2s)
    epoch 6/34 loss 1.2929 val acc 0.4878 (0.2s)
    epoch 7/34 loss 1.3913 val acc 0.5122 (0.2s)
    epoch 8/34 loss 1.2611 val acc 0.4878 (0.2s)
    epoch 9/34 loss 1.3355 val acc 0.2439 (0.2s)
    epoch 10/34 loss 1.3209 val acc 0.2927 (0.2s)
    epoch 11/34 loss 1.2411 val acc 0.4878 (0.2s)
    epoch 12/34 loss 1.2333 val acc 0.5366 (0.1s)
    epoch 13/34 loss 1.2471 val acc 0.2439 (0.2s)
    epoch 14/34 loss 1.2260 val acc 0.3415 (0.2s)
    epoch 15/34 loss 1.2099 val acc 0.6341 (0.2s)
    epoch 16/34 loss 1.1861 val acc 0.2439 (0.2s)
    epoch 17/34 loss 1.1788 val acc 0.5610 (0.2s)
    epoch 18/34 loss 1.1920 val acc 0.2683 (0.2s)
    epoch 19/34 loss 1.1710 val acc 0.4878 (0.2s)
    epoch 20/34 loss 1.1871 val acc 0.2927 (0.2s)
    epoch 21/34 loss 1.1763 val acc 0.4634 (0.2s)
    epoch 22/34 loss 1.1606 val acc 0.4878 (0.1s)
    epoch 23/34 loss 1.1664 val acc 0.5366 (0.2s)
    epoch 24/34 loss 1.1674 val acc 0.2683 (0.2s)
    epoch 25/34 loss 1.1628 val acc 0.5366 (0.2s)
    epoch 26/34 loss 1.1574 val acc 0.3415 (0.2s)
    epoch 27/34 loss 1.1527 val acc 0.4146 (0.2s)
    epoch 28/34 loss 1.1514 val acc 0.5122 (0.2s)
    epoch 29/34 loss 1.1511 val acc 0.4878 (0.2s)
    epoch 30/34 loss 1.1478 val acc 0.5366 (0.2s)
    epoch 31/34 loss 1.1459 val acc 0.4878 (0.2s)
    epoch 32/34 loss 1.1453 val acc 0.4634 (0.2s)
    epoch 33/34 loss 1.1441 val acc 0.4634 (0.2s)
    epoch 34/34 loss 1.1494 val acc 0.4634 (0.2s)
  [invoice_processing.disposition] test acc 0.6100 macro-F1 0.3322 ECE 0.208 (T=1.15, 5s, 0.00M params)
  [invoice_processing.duplicate] probe split=22, 2 labels, 259 train
    epoch 1/34 loss 0.5547 val acc 0.8780 (0.2s)
    epoch 2/34 loss 0.3449 val acc 0.8780 (0.2s)
    epoch 3/34 loss 0.3365 val acc 0.8780 (0.2s)
    epoch 4/34 loss 0.3326 val acc 0.8780 (0.2s)
    epoch 5/34 loss 0.3843 val acc 0.8780 (0.2s)
    epoch 6/34 loss 0.3637 val acc 0.8780 (0.2s)
    epoch 7/34 loss 0.3481 val acc 0.8780 (0.2s)
    epoch 8/34 loss 0.3192 val acc 0.8780 (0.2s)
    epoch 9/34 loss 0.3370 val acc 0.8780 (0.2s)
    epoch 10/34 loss 0.3194 val acc 0.8780 (0.2s)
    epoch 11/34 loss 0.3198 val acc 0.8780 (0.2s)
    epoch 12/34 loss 0.3151 val acc 0.8780 (0.2s)
    epoch 13/34 loss 0.3102 val acc 0.8780 (0.2s)
    epoch 14/34 loss 0.3079 val acc 0.8780 (0.2s)
    epoch 15/34 loss 0.3092 val acc 0.8780 (0.2s)
    epoch 16/34 loss 0.3021 val acc 0.8780 (0.2s)
    epoch 17/34 loss 0.3049 val acc 0.8780 (0.2s)
    epoch 18/34 loss 0.3067 val acc 0.8780 (0.2s)
    epoch 19/34 loss 0.2997 val acc 0.8780 (0.2s)
    epoch 20/34 loss 0.3077 val acc 0.8780 (0.2s)
    epoch 21/34 loss 0.3042 val acc 0.8780 (0.2s)
    epoch 22/34 loss 0.3020 val acc 0.8780 (0.2s)
    epoch 23/34 loss 0.2976 val acc 0.8780 (0.2s)
    epoch 24/34 loss 0.2960 val acc 0.8780 (0.2s)
    epoch 25/34 loss 0.2977 val acc 0.8780 (0.2s)
    epoch 26/34 loss 0.2998 val acc 0.8780 (0.2s)
    epoch 27/34 loss 0.2981 val acc 0.8780 (0.2s)
    epoch 28/34 loss 0.2961 val acc 0.8780 (0.2s)
    epoch 29/34 loss 0.2943 val acc 0.8780 (0.2s)
    epoch 30/34 loss 0.2949 val acc 0.8780 (0.2s)
    epoch 31/34 loss 0.2953 val acc 0.8780 (0.2s)
    epoch 32/34 loss 0.2923 val acc 0.8780 (0.2s)
    epoch 33/34 loss 0.2937 val acc 0.8780 (0.2s)
    epoch 34/34 loss 0.2955 val acc 0.8780 (0.2s)
  [invoice_processing.duplicate] test acc 0.8900 macro-F1 0.4709 ECE 0.052 (T=1.06, 6s, 0.00M params)
  [invoice_processing.matches_order] probe split=22, 2 labels, 259 train
    epoch 1/34 loss 0.6988 val acc 0.5122 (0.2s)
    epoch 2/34 loss 0.6985 val acc 0.3659 (0.2s)
    epoch 3/34 loss 0.7420 val acc 0.6341 (0.2s)
    epoch 4/34 loss 0.6941 val acc 0.3659 (0.2s)
    epoch 5/34 loss 0.7990 val acc 0.3659 (0.2s)
    epoch 6/34 loss 0.7648 val acc 0.6341 (0.2s)
    epoch 7/34 loss 0.8583 val acc 0.6585 (0.2s)
    epoch 8/34 loss 0.6805 val acc 0.6829 (0.2s)
    epoch 9/34 loss 0.8082 val acc 0.3659 (0.2s)
    epoch 10/34 loss 0.7140 val acc 0.3659 (0.2s)
    epoch 11/34 loss 0.7119 val acc 0.6341 (0.2s)
    epoch 12/34 loss 0.6735 val acc 0.8537 (0.2s)
    epoch 13/34 loss 0.6644 val acc 0.3659 (0.2s)
    epoch 14/34 loss 0.6637 val acc 0.6341 (0.2s)
    epoch 15/34 loss 0.6377 val acc 0.6829 (0.2s)
    epoch 16/34 loss 0.6278 val acc 0.3659 (0.2s)
    epoch 17/34 loss 0.6314 val acc 0.6341 (0.2s)
    epoch 18/34 loss 0.7007 val acc 0.3902 (0.2s)
    epoch 19/34 loss 0.6044 val acc 0.7805 (0.2s)
    epoch 20/34 loss 0.6987 val acc 0.7561 (0.2s)
    epoch 21/34 loss 0.6123 val acc 0.4390 (0.2s)
    epoch 22/34 loss 0.5956 val acc 0.7317 (0.2s)
    epoch 23/34 loss 0.6205 val acc 0.8293 (0.2s)
    epoch 24/34 loss 0.6013 val acc 0.4390 (0.2s)
    epoch 25/34 loss 0.6035 val acc 0.7073 (0.2s)
    epoch 26/34 loss 0.5949 val acc 0.6585 (0.2s)
    epoch 27/34 loss 0.5907 val acc 0.6829 (0.2s)
    epoch 28/34 loss 0.5904 val acc 0.6585 (0.2s)
    epoch 29/34 loss 0.5853 val acc 0.6585 (0.2s)
    epoch 30/34 loss 0.5915 val acc 0.7073 (0.2s)
    epoch 31/34 loss 0.5835 val acc 0.6829 (0.2s)
    epoch 32/34 loss 0.5872 val acc 0.6585 (0.2s)
    epoch 33/34 loss 0.5796 val acc 0.6585 (0.2s)
    epoch 34/34 loss 0.5855 val acc 0.6585 (0.2s)
  [invoice_processing.matches_order] test acc 0.7700 macro-F1 0.7632 ECE 0.090 (T=0.37, 6s, 0.00M params)
  [invoice_processing.urgency] probe split=22, 4 labels, 259 train
    epoch 1/34 loss 1.3139 val acc 0.4634 (0.2s)
    epoch 2/34 loss 1.2099 val acc 0.4878 (0.2s)
    epoch 3/34 loss 1.2264 val acc 0.4878 (0.2s)
    epoch 4/34 loss 1.2045 val acc 0.4634 (0.2s)
    epoch 5/34 loss 1.1889 val acc 0.4878 (0.2s)
    epoch 6/34 loss 1.1928 val acc 0.4634 (0.2s)
    epoch 7/34 loss 1.2039 val acc 0.4634 (0.2s)
    epoch 8/34 loss 1.2116 val acc 0.4634 (0.2s)
    epoch 9/34 loss 1.1983 val acc 0.4634 (0.2s)
    epoch 10/34 loss 1.1837 val acc 0.4634 (0.2s)
    epoch 11/34 loss 1.1863 val acc 0.7805 (0.2s)
    epoch 12/34 loss 1.1525 val acc 0.4634 (0.2s)
    epoch 13/34 loss 1.1616 val acc 0.5610 (0.2s)
    epoch 14/34 loss 1.1530 val acc 0.6341 (0.2s)
    epoch 15/34 loss 1.1457 val acc 0.5366 (0.2s)
    epoch 16/34 loss 1.1333 val acc 0.7561 (0.2s)
    epoch 17/34 loss 1.1357 val acc 0.6341 (0.2s)
    epoch 18/34 loss 1.1406 val acc 0.7561 (0.2s)
    epoch 19/34 loss 1.1292 val acc 0.7561 (0.2s)
    epoch 20/34 loss 1.1275 val acc 0.5610 (0.2s)
    epoch 21/34 loss 1.1277 val acc 0.6341 (0.2s)
    epoch 22/34 loss 1.1403 val acc 0.7805 (0.2s)
    epoch 23/34 loss 1.1241 val acc 0.7561 (0.2s)
    epoch 24/34 loss 1.1137 val acc 0.8049 (0.2s)
    epoch 25/34 loss 1.1176 val acc 0.7805 (0.2s)
    epoch 26/34 loss 1.1145 val acc 0.7805 (0.2s)
    epoch 27/34 loss 1.1136 val acc 0.8049 (0.2s)
    epoch 28/34 loss 1.1087 val acc 0.8049 (0.2s)
    epoch 29/34 loss 1.1097 val acc 0.8293 (0.2s)
    epoch 30/34 loss 1.1080 val acc 0.8293 (0.2s)
    epoch 31/34 loss 1.1054 val acc 0.8049 (0.2s)
    epoch 32/34 loss 1.1143 val acc 0.8293 (0.2s)
    epoch 33/34 loss 1.1088 val acc 0.8049 (0.2s)
    epoch 34/34 loss 1.1067 val acc 0.8049 (0.2s)
  [invoice_processing.urgency] test acc 0.6100 macro-F1 0.3350 ECE 0.140 (T=0.84, 6s, 0.00M params)
  [security_incidents.credential_compromise] probe split=22, 2 labels, 278 train
    epoch 1/34 loss 0.6912 val acc 0.6364 (0.2s)
    epoch 2/34 loss 0.6895 val acc 0.5909 (0.2s)
    epoch 3/34 loss 0.7162 val acc 0.5909 (0.2s)
    epoch 4/34 loss 0.7038 val acc 0.5909 (0.2s)
    epoch 5/34 loss 0.6970 val acc 0.7273 (0.2s)
    epoch 6/34 loss 0.7120 val acc 0.5909 (0.2s)
    epoch 7/34 loss 0.7232 val acc 0.5909 (0.2s)
    epoch 8/34 loss 0.6781 val acc 0.6818 (0.2s)
    epoch 9/34 loss 0.6718 val acc 0.6364 (0.2s)
    epoch 10/34 loss 0.6668 val acc 0.5000 (0.2s)
    epoch 11/34 loss 0.6657 val acc 0.6364 (0.2s)
    epoch 12/34 loss 0.6617 val acc 0.5909 (0.2s)
    epoch 13/34 loss 0.6556 val acc 0.5909 (0.2s)
    epoch 14/34 loss 0.6570 val acc 0.6364 (0.2s)
    epoch 15/34 loss 0.6503 val acc 0.4545 (0.2s)
    epoch 16/34 loss 0.6868 val acc 0.7273 (0.2s)
    epoch 17/34 loss 0.6519 val acc 0.6364 (0.2s)
    epoch 18/34 loss 0.6496 val acc 0.6364 (0.2s)
    epoch 19/34 loss 0.6460 val acc 0.7273 (0.2s)
    epoch 20/34 loss 0.6520 val acc 0.6364 (0.2s)
    epoch 21/34 loss 0.6557 val acc 0.5455 (0.2s)
    epoch 22/34 loss 0.6587 val acc 0.8182 (0.2s)
    epoch 23/34 loss 0.6510 val acc 0.5909 (0.2s)
    epoch 24/34 loss 0.6433 val acc 0.6364 (0.2s)
    epoch 25/34 loss 0.6449 val acc 0.6364 (0.2s)
    epoch 26/34 loss 0.6447 val acc 0.6364 (0.2s)
    epoch 27/34 loss 0.6454 val acc 0.6364 (0.2s)
    epoch 28/34 loss 0.6473 val acc 0.6818 (0.2s)
    epoch 29/34 loss 0.6440 val acc 0.6364 (0.2s)
    epoch 30/34 loss 0.6439 val acc 0.6364 (0.2s)
    epoch 31/34 loss 0.6453 val acc 0.6818 (0.1s)
    epoch 32/34 loss 0.6424 val acc 0.6818 (0.1s)
    epoch 33/34 loss 0.6408 val acc 0.6818 (0.2s)
    epoch 34/34 loss 0.6404 val acc 0.6818 (0.2s)
  [security_incidents.credential_compromise] test acc 0.6500 macro-F1 0.6500 ECE 0.100 (T=1.00, 6s, 0.00M params)
  [security_incidents.disposition] probe split=22, 4 labels, 278 train
    epoch 1/34 loss 1.2643 val acc 0.7273 (0.2s)
    epoch 2/34 loss 1.2467 val acc 0.7273 (0.2s)
    epoch 3/34 loss 1.2435 val acc 0.7273 (0.2s)
    epoch 4/34 loss 1.2255 val acc 0.7273 (0.2s)
    epoch 5/34 loss 1.2172 val acc 0.7273 (0.2s)
    epoch 6/34 loss 1.2096 val acc 0.7273 (0.2s)
    epoch 7/34 loss 1.2148 val acc 0.7273 (0.2s)
    epoch 8/34 loss 1.1855 val acc 0.7273 (0.2s)
    epoch 9/34 loss 1.1884 val acc 0.7273 (0.2s)
    epoch 10/34 loss 1.1793 val acc 0.7273 (0.2s)
    epoch 11/34 loss 1.1787 val acc 0.7273 (0.2s)
    epoch 12/34 loss 1.1707 val acc 0.6364 (0.2s)
    epoch 13/34 loss 1.1635 val acc 0.7273 (0.2s)
    epoch 14/34 loss 1.1683 val acc 0.7273 (0.2s)
    epoch 15/34 loss 1.1552 val acc 0.7273 (0.2s)
    epoch 16/34 loss 1.1683 val acc 0.7273 (0.2s)
    epoch 17/34 loss 1.1497 val acc 0.7273 (0.2s)
    epoch 18/34 loss 1.1480 val acc 0.7273 (0.2s)
    epoch 19/34 loss 1.1578 val acc 0.7273 (0.2s)
    epoch 20/34 loss 1.1432 val acc 0.7273 (0.2s)
    epoch 21/34 loss 1.1375 val acc 0.7273 (0.2s)
    epoch 22/34 loss 1.1428 val acc 0.7273 (0.2s)
    epoch 23/34 loss 1.1377 val acc 0.7273 (0.2s)
    epoch 24/34 loss 1.1360 val acc 0.7273 (0.2s)
    epoch 25/34 loss 1.1354 val acc 0.7273 (0.2s)
    epoch 26/34 loss 1.1346 val acc 0.7273 (0.2s)
    epoch 27/34 loss 1.1329 val acc 0.7273 (0.2s)
    epoch 28/34 loss 1.1336 val acc 0.7273 (0.2s)
    epoch 29/34 loss 1.1318 val acc 0.7273 (0.2s)
    epoch 30/34 loss 1.1308 val acc 0.7273 (0.2s)
    epoch 31/34 loss 1.1325 val acc 0.7273 (0.2s)
    epoch 32/34 loss 1.1258 val acc 0.7273 (0.2s)
    epoch 33/34 loss 1.1271 val acc 0.7273 (0.2s)
    epoch 34/34 loss 1.1255 val acc 0.7273 (0.2s)
  [security_incidents.disposition] test acc 0.7600 macro-F1 0.2980 ECE 0.278 (T=1.00, 6s, 0.00M params)
  [security_incidents.severity] probe split=22, 5 labels, 278 train
    epoch 1/34 loss 1.6159 val acc 0.5455 (0.2s)
    epoch 2/34 loss 1.4702 val acc 0.3636 (0.2s)
    epoch 3/34 loss 1.4759 val acc 0.5909 (0.2s)
    epoch 4/34 loss 1.4463 val acc 0.5909 (0.2s)
    epoch 5/34 loss 1.4412 val acc 0.5909 (0.2s)
    epoch 6/34 loss 1.4374 val acc 0.5909 (0.2s)
    epoch 7/34 loss 1.4255 val acc 0.7273 (0.2s)
    epoch 8/34 loss 1.4069 val acc 0.7273 (0.2s)
    epoch 9/34 loss 1.3941 val acc 0.5455 (0.2s)
    epoch 10/34 loss 1.3985 val acc 0.5455 (0.2s)
    epoch 11/34 loss 1.3865 val acc 0.6364 (0.2s)
    epoch 12/34 loss 1.3937 val acc 0.7273 (0.2s)
    epoch 13/34 loss 1.3668 val acc 0.5455 (0.2s)
    epoch 14/34 loss 1.3710 val acc 0.5909 (0.2s)
    epoch 15/34 loss 1.3682 val acc 0.7273 (0.2s)
    epoch 16/34 loss 1.3589 val acc 0.7273 (0.2s)
    epoch 17/34 loss 1.3392 val acc 0.7727 (0.2s)
    epoch 18/34 loss 1.3384 val acc 0.7273 (0.2s)
    epoch 19/34 loss 1.3350 val acc 0.7727 (0.2s)
    epoch 20/34 loss 1.3308 val acc 0.7273 (0.2s)
    epoch 21/34 loss 1.3288 val acc 0.5000 (0.2s)
    epoch 22/34 loss 1.3395 val acc 0.7273 (0.2s)
    epoch 23/34 loss 1.3321 val acc 0.5455 (0.2s)
    epoch 24/34 loss 1.3277 val acc 0.7273 (0.2s)
    epoch 25/34 loss 1.3252 val acc 0.5455 (0.2s)
    epoch 26/34 loss 1.3243 val acc 0.7273 (0.2s)
    epoch 27/34 loss 1.3199 val acc 0.7727 (0.2s)
    epoch 28/34 loss 1.3167 val acc 0.7273 (0.2s)
    epoch 29/34 loss 1.3182 val acc 0.7273 (0.2s)
    epoch 30/34 loss 1.3156 val acc 0.7727 (0.2s)
    epoch 31/34 loss 1.3222 val acc 0.7727 (0.2s)
    epoch 32/34 loss 1.3120 val acc 0.7727 (0.2s)
    epoch 33/34 loss 1.3128 val acc 0.7727 (0.2s)
    epoch 34/34 loss 1.3184 val acc 0.7727 (0.2s)
  [security_incidents.severity] test acc 0.5800 macro-F1 0.3146 ECE 0.177 (T=1.00, 6s, 0.01M params)
  [security_incidents.true_positive] probe split=22, 2 labels, 278 train
    epoch 1/34 loss 0.6758 val acc 0.6364 (0.2s)
    epoch 2/34 loss 0.6761 val acc 0.6364 (0.2s)
    epoch 3/34 loss 0.6692 val acc 0.6364 (0.2s)
    epoch 4/34 loss 0.6527 val acc 0.5000 (0.2s)
    epoch 5/34 loss 0.6484 val acc 0.6364 (0.2s)
    epoch 6/34 loss 0.6479 val acc 0.6364 (0.2s)
    epoch 7/34 loss 0.6390 val acc 0.7273 (0.2s)
    epoch 8/34 loss 0.6307 val acc 0.8182 (0.2s)
    epoch 9/34 loss 0.6445 val acc 0.6364 (0.2s)
    epoch 10/34 loss 0.6359 val acc 0.6818 (0.2s)
    epoch 11/34 loss 0.6256 val acc 0.7273 (0.2s)
    epoch 12/34 loss 0.6239 val acc 0.7273 (0.2s)
    epoch 13/34 loss 0.6189 val acc 0.6364 (0.2s)
    epoch 14/34 loss 0.6221 val acc 0.8636 (0.2s)
    epoch 15/34 loss 0.6147 val acc 0.6364 (0.2s)
    epoch 16/34 loss 0.6343 val acc 0.7727 (0.2s)
    epoch 17/34 loss 0.6174 val acc 0.6364 (0.2s)
    epoch 18/34 loss 0.6162 val acc 0.7273 (0.2s)
    epoch 19/34 loss 0.6141 val acc 0.7727 (0.2s)
    epoch 20/34 loss 0.6155 val acc 0.7727 (0.2s)
    epoch 21/34 loss 0.6113 val acc 0.7727 (0.2s)
    epoch 22/34 loss 0.6123 val acc 0.6364 (0.2s)
    epoch 23/34 loss 0.6126 val acc 0.8182 (0.2s)
    epoch 24/34 loss 0.6115 val acc 0.7727 (0.2s)
    epoch 25/34 loss 0.6135 val acc 0.8636 (0.2s)
    epoch 26/34 loss 0.6106 val acc 0.7727 (0.2s)
    epoch 27/34 loss 0.6089 val acc 0.8636 (0.2s)
    epoch 28/34 loss 0.6126 val acc 0.8182 (0.2s)
    epoch 29/34 loss 0.6084 val acc 0.7727 (0.2s)
    epoch 30/34 loss 0.6090 val acc 0.8182 (0.2s)
    epoch 31/34 loss 0.6101 val acc 0.8182 (0.2s)
    epoch 32/34 loss 0.6085 val acc 0.8182 (0.2s)
    epoch 33/34 loss 0.6053 val acc 0.8182 (0.2s)
    epoch 34/34 loss 0.6037 val acc 0.8182 (0.2s)
  [security_incidents.true_positive] test acc 0.8000 macro-F1 0.7401 ECE 0.167 (T=1.00, 6s, 0.00M params)
  [security_incidents.urgency] probe split=22, 4 labels, 278 train
    epoch 1/34 loss 1.4302 val acc 0.5909 (0.2s)
    epoch 2/34 loss 1.2597 val acc 0.5909 (0.2s)
    epoch 3/34 loss 1.2563 val acc 0.5909 (0.2s)
    epoch 4/34 loss 1.2382 val acc 0.5909 (0.2s)
    epoch 5/34 loss 1.2276 val acc 0.5909 (0.2s)
    epoch 6/34 loss 1.2243 val acc 0.5909 (0.2s)
    epoch 7/34 loss 1.2175 val acc 0.5909 (0.2s)
    epoch 8/34 loss 1.1968 val acc 0.5455 (0.2s)
    epoch 9/34 loss 1.1846 val acc 0.5909 (0.2s)
    epoch 10/34 loss 1.1884 val acc 0.5455 (0.2s)
    epoch 11/34 loss 1.1770 val acc 0.5909 (0.2s)
    epoch 12/34 loss 1.1734 val acc 0.5455 (0.2s)
    epoch 13/34 loss 1.1605 val acc 0.4545 (0.2s)
    epoch 14/34 loss 1.1714 val acc 0.5455 (0.2s)
    epoch 15/34 loss 1.1634 val acc 0.5909 (0.2s)
    epoch 16/34 loss 1.1544 val acc 0.5000 (0.2s)
    epoch 17/34 loss 1.1546 val acc 0.5000 (0.2s)
    epoch 18/34 loss 1.1476 val acc 0.5909 (0.2s)
    epoch 19/34 loss 1.1499 val acc 0.5455 (0.2s)
    epoch 20/34 loss 1.1453 val acc 0.5909 (0.2s)
    epoch 21/34 loss 1.1380 val acc 0.5909 (0.2s)
    epoch 22/34 loss 1.1425 val acc 0.5455 (0.2s)
    epoch 23/34 loss 1.1404 val acc 0.5909 (0.2s)
    epoch 24/34 loss 1.1386 val acc 0.4545 (0.2s)
    epoch 25/34 loss 1.1342 val acc 0.5909 (0.2s)
    epoch 26/34 loss 1.1371 val acc 0.5909 (0.2s)
    epoch 27/34 loss 1.1320 val acc 0.5455 (0.2s)
    epoch 28/34 loss 1.1352 val acc 0.5909 (0.2s)
    epoch 29/34 loss 1.1326 val acc 0.5909 (0.2s)
    epoch 30/34 loss 1.1331 val acc 0.5909 (0.2s)
    epoch 31/34 loss 1.1336 val acc 0.5909 (0.2s)
    epoch 32/34 loss 1.1306 val acc 0.5909 (0.2s)
    epoch 33/34 loss 1.1268 val acc 0.5909 (0.2s)
    epoch 34/34 loss 1.1285 val acc 0.5909 (0.2s)
  [security_incidents.urgency] test acc 0.5200 macro-F1 0.2729 ECE 0.111 (T=1.00, 6s, 0.00M params)
   probe@22 mean: {"acc": 0.6565, "macro_f1": 0.4821, "ece": 0.1424, "nll": 0.833}
done
