-- typed-decisions 8+2 next seed0: 5 task(s)
  cached trunk depth 8 for 1600 messages in 4.3s (559 MB)
  [customer_service.action] blocks split=8 depth=2, 5 labels, 269 train
    epoch 1/34 loss 1.8621 val acc 0.5484 (1.7s)
    epoch 2/34 loss 1.3805 val acc 0.5484 (1.5s)
    epoch 3/34 loss 1.3066 val acc 0.4516 (1.5s)
    epoch 4/34 loss 1.2679 val acc 0.4516 (1.5s)
    epoch 5/34 loss 1.2389 val acc 0.5161 (1.5s)
    epoch 6/34 loss 1.2280 val acc 0.5484 (1.5s)
    epoch 7/34 loss 1.2038 val acc 0.3226 (1.5s)
    epoch 8/34 loss 1.1943 val acc 0.3871 (1.5s)
    epoch 9/34 loss 1.1686 val acc 0.4194 (1.5s)
    epoch 10/34 loss 1.1655 val acc 0.6452 (1.5s)
    epoch 11/34 loss 1.1877 val acc 0.6129 (1.5s)
    epoch 12/34 loss 1.1777 val acc 0.7097 (1.5s)
    epoch 13/34 loss 1.1423 val acc 0.6774 (1.5s)
    epoch 14/34 loss 1.1171 val acc 0.6774 (1.5s)
    epoch 15/34 loss 1.0858 val acc 0.5806 (1.5s)
    epoch 16/34 loss 1.0850 val acc 0.5484 (1.5s)
    epoch 17/34 loss 1.0713 val acc 0.7097 (1.5s)
    epoch 18/34 loss 1.0455 val acc 0.6129 (1.5s)
    epoch 19/34 loss 1.0372 val acc 0.5806 (1.5s)
    epoch 20/34 loss 1.0266 val acc 0.5806 (1.5s)
    epoch 21/34 loss 1.0203 val acc 0.5484 (1.5s)
    epoch 22/34 loss 1.0063 val acc 0.5806 (1.5s)
    epoch 23/34 loss 1.0070 val acc 0.5806 (1.5s)
    epoch 24/34 loss 0.9983 val acc 0.5484 (1.5s)
    epoch 25/34 loss 0.9883 val acc 0.5161 (1.5s)
    epoch 26/34 loss 0.9834 val acc 0.5484 (1.5s)
    epoch 27/34 loss 0.9752 val acc 0.5161 (1.5s)
    epoch 28/34 loss 0.9729 val acc 0.5161 (1.5s)
    epoch 29/34 loss 0.9723 val acc 0.5161 (1.6s)
    epoch 30/34 loss 0.9699 val acc 0.5484 (1.6s)
    epoch 31/34 loss 0.9682 val acc 0.5161 (1.6s)
    epoch 32/34 loss 0.9676 val acc 0.5161 (1.6s)
    epoch 33/34 loss 0.9668 val acc 0.5161 (1.6s)
    epoch 34/34 loss 0.9688 val acc 0.5161 (1.6s)
  [customer_service.action] test acc 0.5600 macro-F1 0.2880 ECE 0.100 (T=1.26, 51s, 10.03M params)
  [customer_service.category] blocks split=8 depth=2, 5 labels, 269 train
    epoch 1/34 loss 1.6026 val acc 0.1935 (1.6s)
    epoch 2/34 loss 1.5706 val acc 0.1290 (1.6s)
    epoch 3/34 loss 1.5392 val acc 0.2903 (1.6s)
    epoch 4/34 loss 1.5056 val acc 0.1613 (1.6s)
    epoch 5/34 loss 1.4062 val acc 0.4839 (1.6s)
    epoch 6/34 loss 1.2478 val acc 0.5484 (1.6s)
    epoch 7/34 loss 0.9373 val acc 0.6774 (1.6s)
    epoch 8/34 loss 0.7490 val acc 0.8065 (1.6s)
    epoch 9/34 loss 0.6064 val acc 0.7097 (1.6s)
    epoch 10/34 loss 0.5376 val acc 0.8065 (1.6s)
    epoch 11/34 loss 0.5227 val acc 0.8065 (1.6s)
    epoch 12/34 loss 0.4881 val acc 0.7742 (1.6s)
    epoch 13/34 loss 0.5079 val acc 0.8387 (1.6s)
    epoch 14/34 loss 0.4666 val acc 0.8065 (1.6s)
    epoch 15/34 loss 0.4470 val acc 0.8387 (1.6s)
    epoch 16/34 loss 0.4412 val acc 0.8387 (1.6s)
    epoch 17/34 loss 0.4372 val acc 0.8387 (1.6s)
    epoch 18/34 loss 0.4245 val acc 0.8387 (1.6s)
    epoch 19/34 loss 0.4227 val acc 0.8710 (1.6s)
    epoch 20/34 loss 0.4187 val acc 0.8387 (1.6s)
    epoch 21/34 loss 0.4205 val acc 0.8065 (1.6s)
    epoch 22/34 loss 0.4181 val acc 0.8387 (1.6s)
    epoch 23/34 loss 0.4158 val acc 0.8387 (1.6s)
    epoch 24/34 loss 0.4157 val acc 0.8710 (1.6s)
    epoch 25/34 loss 0.4112 val acc 0.8710 (1.6s)
    epoch 26/34 loss 0.4103 val acc 0.8710 (1.6s)
    epoch 27/34 loss 0.4097 val acc 0.8710 (1.6s)
    epoch 28/34 loss 0.4092 val acc 0.8710 (1.6s)
    epoch 29/34 loss 0.4085 val acc 0.8387 (1.6s)
    epoch 30/34 loss 0.4081 val acc 0.8710 (1.6s)
    epoch 31/34 loss 0.4086 val acc 0.8710 (1.6s)
    epoch 32/34 loss 0.4077 val acc 0.8710 (1.6s)
    epoch 33/34 loss 0.4074 val acc 0.8710 (1.6s)
    epoch 34/34 loss 0.4079 val acc 0.8710 (1.6s)
  [customer_service.category] test acc 0.9300 macro-F1 0.9290 ECE 0.126 (T=1.08, 55s, 10.03M params)
  [customer_service.churn_risk] blocks split=8 depth=2, 4 labels, 269 train
    epoch 1/34 loss 1.5095 val acc 0.5161 (1.6s)
    epoch 2/34 loss 1.3411 val acc 0.1935 (1.6s)
    epoch 3/34 loss 1.3110 val acc 0.3226 (1.2s)
    epoch 4/34 loss 1.2863 val acc 0.4516 (1.2s)
    epoch 5/34 loss 1.2553 val acc 0.3226 (1.1s)
    epoch 6/34 loss 1.2489 val acc 0.4839 (1.1s)
    epoch 7/34 loss 1.2025 val acc 0.5161 (1.1s)
    epoch 8/34 loss 1.1693 val acc 0.4839 (1.1s)
    epoch 9/34 loss 1.1340 val acc 0.6129 (1.1s)
    epoch 10/34 loss 1.0743 val acc 0.3226 (1.1s)
    epoch 11/34 loss 1.0451 val acc 0.5161 (1.1s)
    epoch 12/34 loss 1.0096 val acc 0.7097 (1.1s)
    epoch 13/34 loss 0.9706 val acc 0.7097 (1.1s)
    epoch 14/34 loss 0.9539 val acc 0.7742 (1.1s)
    epoch 15/34 loss 0.9521 val acc 0.7742 (1.1s)
    epoch 16/34 loss 0.9332 val acc 0.7419 (1.1s)
    epoch 17/34 loss 0.9319 val acc 0.7742 (1.1s)
    epoch 18/34 loss 0.9240 val acc 0.8710 (1.1s)
    epoch 19/34 loss 0.9196 val acc 0.7742 (1.1s)
    epoch 20/34 loss 0.9137 val acc 0.8387 (1.1s)
    epoch 21/34 loss 0.9087 val acc 0.8065 (1.1s)
    epoch 22/34 loss 0.9022 val acc 0.7742 (1.1s)
    epoch 23/34 loss 0.9002 val acc 0.8065 (1.1s)
    epoch 24/34 loss 0.8994 val acc 0.7742 (1.1s)
    epoch 25/34 loss 0.9028 val acc 0.8387 (1.1s)
    epoch 26/34 loss 0.8935 val acc 0.8065 (1.1s)
    epoch 27/34 loss 0.8929 val acc 0.8065 (1.1s)
    epoch 28/34 loss 0.8920 val acc 0.8065 (1.1s)
    epoch 29/34 loss 0.8927 val acc 0.8387 (1.1s)
    epoch 30/34 loss 0.8907 val acc 0.8065 (1.1s)
    epoch 31/34 loss 0.8907 val acc 0.8387 (1.1s)
    epoch 32/34 loss 0.8888 val acc 0.8387 (1.1s)
    epoch 33/34 loss 0.8902 val acc 0.8387 (1.1s)
    epoch 34/34 loss 0.8888 val acc 0.8387 (1.1s)
  [customer_service.churn_risk] test acc 0.7400 macro-F1 0.5519 ECE 0.208 (T=1.21, 39s, 10.03M params)
  [customer_service.needs_human] blocks split=8 depth=2, 2 labels, 269 train
    epoch 1/34 loss 0.6923 val acc 0.7419 (1.2s)
    epoch 2/34 loss 0.6985 val acc 0.7097 (1.2s)
    epoch 3/34 loss 0.7372 val acc 0.5484 (1.2s)
    epoch 4/34 loss 0.6713 val acc 0.6452 (1.2s)
    epoch 5/34 loss 0.6587 val acc 0.7419 (1.2s)
    epoch 6/34 loss 0.6623 val acc 0.7419 (1.2s)
    epoch 7/34 loss 0.6568 val acc 0.5484 (1.1s)
    epoch 8/34 loss 0.6344 val acc 0.6774 (1.0s)
    epoch 9/34 loss 0.6188 val acc 0.5484 (1.0s)
    epoch 10/34 loss 0.6290 val acc 0.7742 (1.0s)
    epoch 11/34 loss 0.6206 val acc 0.8710 (1.0s)
    epoch 12/34 loss 0.6354 val acc 0.7419 (1.0s)
    epoch 13/34 loss 0.6002 val acc 0.5806 (1.0s)
    epoch 14/34 loss 0.6034 val acc 0.4516 (1.0s)
    epoch 15/34 loss 0.6422 val acc 0.7742 (1.0s)
    epoch 16/34 loss 0.5882 val acc 0.8710 (1.0s)
    epoch 17/34 loss 0.5896 val acc 0.7097 (1.0s)
    epoch 18/34 loss 0.5878 val acc 0.6774 (1.0s)
    epoch 19/34 loss 0.5775 val acc 0.5806 (1.0s)
    epoch 20/34 loss 0.5862 val acc 0.7419 (1.0s)
    epoch 21/34 loss 0.5741 val acc 0.8710 (1.0s)
    epoch 22/34 loss 0.5755 val acc 0.6129 (1.0s)
    epoch 23/34 loss 0.5683 val acc 0.6452 (1.0s)
    epoch 24/34 loss 0.5752 val acc 0.7742 (1.0s)
    epoch 25/34 loss 0.5674 val acc 0.6774 (1.0s)
    epoch 26/34 loss 0.5612 val acc 0.7097 (1.1s)
    epoch 27/34 loss 0.5599 val acc 0.7419 (1.0s)
    epoch 28/34 loss 0.5574 val acc 0.7097 (1.0s)
    epoch 29/34 loss 0.5563 val acc 0.6774 (1.0s)
    epoch 30/34 loss 0.5567 val acc 0.7097 (1.0s)
    epoch 31/34 loss 0.5551 val acc 0.6452 (1.0s)
    epoch 32/34 loss 0.5550 val acc 0.6452 (1.0s)
    epoch 33/34 loss 0.5553 val acc 0.6774 (1.0s)
    epoch 34/34 loss 0.5555 val acc 0.6774 (1.0s)
  [customer_service.needs_human] test acc 0.7600 macro-F1 0.7024 ECE 0.102 (T=0.95, 36s, 10.03M params)
  [customer_service.urgency] blocks split=8 depth=2, 4 labels, 269 train
    epoch 1/34 loss 1.6268 val acc 0.2581 (1.0s)
    epoch 2/34 loss 1.2803 val acc 0.5161 (1.0s)
    epoch 3/34 loss 1.1939 val acc 0.5161 (1.0s)
    epoch 4/34 loss 1.1797 val acc 0.5161 (1.0s)
    epoch 5/34 loss 1.1685 val acc 0.5161 (1.0s)
    epoch 6/34 loss 1.1748 val acc 0.5484 (1.0s)
    epoch 7/34 loss 1.1395 val acc 0.5484 (1.0s)
    epoch 8/34 loss 1.1151 val acc 0.5484 (1.0s)
    epoch 9/34 loss 1.0727 val acc 0.7097 (1.0s)
    epoch 10/34 loss 1.0372 val acc 0.6452 (1.0s)
    epoch 11/34 loss 0.9686 val acc 0.7742 (1.0s)
    epoch 12/34 loss 0.9866 val acc 0.6452 (1.0s)
    epoch 13/34 loss 0.9702 val acc 0.5484 (1.0s)
    epoch 14/34 loss 0.9287 val acc 0.6129 (1.0s)
    epoch 15/34 loss 0.9299 val acc 0.7419 (1.0s)
    epoch 16/34 loss 0.9136 val acc 0.7419 (1.0s)
    epoch 17/34 loss 0.9155 val acc 0.6774 (1.0s)
    epoch 18/34 loss 0.8955 val acc 0.7097 (1.0s)
    epoch 19/34 loss 0.8873 val acc 0.7419 (1.0s)
    epoch 20/34 loss 0.8777 val acc 0.6774 (1.0s)
    epoch 21/34 loss 0.8708 val acc 0.7419 (1.0s)
    epoch 22/34 loss 0.8655 val acc 0.7097 (1.0s)
    epoch 23/34 loss 0.8614 val acc 0.7097 (1.1s)
    epoch 24/34 loss 0.8578 val acc 0.7097 (1.0s)
    epoch 25/34 loss 0.8581 val acc 0.6774 (1.0s)
    epoch 26/34 loss 0.8544 val acc 0.6774 (1.1s)
    epoch 27/34 loss 0.8514 val acc 0.6774 (1.0s)
    epoch 28/34 loss 0.8502 val acc 0.6774 (1.0s)
    epoch 29/34 loss 0.8499 val acc 0.6452 (1.0s)
    epoch 30/34 loss 0.8483 val acc 0.6774 (1.0s)
    epoch 31/34 loss 0.8477 val acc 0.6452 (1.0s)
    epoch 32/34 loss 0.8476 val acc 0.6774 (1.0s)
    epoch 33/34 loss 0.8479 val acc 0.6774 (1.0s)
    epoch 34/34 loss 0.8481 val acc 0.6774 (1.1s)
  [customer_service.urgency] test acc 0.7300 macro-F1 0.5282 ECE 0.173 (T=1.00, 35s, 10.03M params)
-- typed-decisions 8+2 top seed0: 5 task(s)
  [customer_service.action] blocks split=8 depth=2, 5 labels, 269 train
    epoch 1/34 loss 1.3876 val acc 0.5484 (1.0s)
    epoch 2/34 loss 1.3369 val acc 0.5806 (1.0s)
    epoch 3/34 loss 1.2705 val acc 0.5161 (1.0s)
    epoch 4/34 loss 1.2507 val acc 0.5484 (1.0s)
    epoch 5/34 loss 1.2038 val acc 0.5484 (1.0s)
    epoch 6/34 loss 1.1887 val acc 0.6452 (1.0s)
    epoch 7/34 loss 1.1436 val acc 0.6774 (1.0s)
    epoch 8/34 loss 1.1364 val acc 0.6774 (1.0s)
    epoch 9/34 loss 1.0917 val acc 0.3548 (1.0s)
    epoch 10/34 loss 1.1905 val acc 0.7419 (1.0s)
    epoch 11/34 loss 1.1018 val acc 0.7097 (1.0s)
    epoch 12/34 loss 1.2166 val acc 0.6129 (1.0s)
    epoch 13/34 loss 1.0532 val acc 0.5484 (1.0s)
    epoch 14/34 loss 1.0232 val acc 0.7097 (1.0s)
    epoch 15/34 loss 1.0275 val acc 0.6129 (1.0s)
    epoch 16/34 loss 0.9964 val acc 0.6774 (1.1s)
    epoch 17/34 loss 0.9918 val acc 0.4839 (1.0s)
    epoch 18/34 loss 0.9766 val acc 0.6774 (1.0s)
    epoch 19/34 loss 0.9630 val acc 0.4839 (1.0s)
    epoch 20/34 loss 0.9647 val acc 0.5161 (1.0s)
    epoch 21/34 loss 0.9717 val acc 0.6774 (1.0s)
    epoch 22/34 loss 0.9539 val acc 0.7097 (1.0s)
    epoch 23/34 loss 0.9520 val acc 0.6774 (1.2s)
    epoch 24/34 loss 0.9498 val acc 0.4839 (1.2s)
    epoch 25/34 loss 0.9456 val acc 0.6129 (1.2s)
    epoch 26/34 loss 0.9408 val acc 0.6129 (1.2s)
    epoch 27/34 loss 0.9399 val acc 0.6129 (1.2s)
    epoch 28/34 loss 0.9393 val acc 0.6452 (1.1s)
    epoch 29/34 loss 0.9368 val acc 0.5806 (1.2s)
    epoch 30/34 loss 0.9368 val acc 0.5484 (1.2s)
    epoch 31/34 loss 0.9366 val acc 0.6129 (1.2s)
    epoch 32/34 loss 0.9340 val acc 0.5806 (1.2s)
    epoch 33/34 loss 0.9352 val acc 0.5806 (1.2s)
    epoch 34/34 loss 0.9348 val acc 0.5806 (1.2s)
  [customer_service.action] test acc 0.5500 macro-F1 0.2730 ECE 0.062 (T=1.14, 37s, 10.03M params)
  [customer_service.category] blocks split=8 depth=2, 5 labels, 269 train
    epoch 1/34 loss 1.6166 val acc 0.1613 (1.2s)
    epoch 2/34 loss 1.5765 val acc 0.4194 (1.2s)
    epoch 3/34 loss 1.3870 val acc 0.4194 (1.2s)
    epoch 4/34 loss 1.0413 val acc 0.6129 (1.2s)
    epoch 5/34 loss 0.7415 val acc 0.6774 (1.2s)
    epoch 6/34 loss 0.6336 val acc 0.7097 (1.2s)
    epoch 7/34 loss 0.6079 val acc 0.8065 (1.2s)
    epoch 8/34 loss 0.5313 val acc 0.8387 (1.2s)
    epoch 9/34 loss 0.5285 val acc 0.8065 (1.2s)
    epoch 10/34 loss 0.4783 val acc 0.8387 (1.2s)
    epoch 11/34 loss 0.5047 val acc 0.7097 (1.2s)
    epoch 12/34 loss 0.5454 val acc 0.8065 (1.2s)
    epoch 13/34 loss 0.4826 val acc 0.7742 (1.2s)
    epoch 14/34 loss 0.4566 val acc 0.8065 (1.2s)
    epoch 15/34 loss 0.4408 val acc 0.8065 (1.2s)
    epoch 16/34 loss 0.4243 val acc 0.8387 (1.2s)
    epoch 17/34 loss 0.4187 val acc 0.8387 (1.2s)
    epoch 18/34 loss 0.4191 val acc 0.8710 (1.2s)
    epoch 19/34 loss 0.4173 val acc 0.8387 (1.2s)
    epoch 20/34 loss 0.4198 val acc 0.8387 (1.2s)
    epoch 21/34 loss 0.4170 val acc 0.8065 (1.2s)
    epoch 22/34 loss 0.4104 val acc 0.8710 (1.2s)
    epoch 23/34 loss 0.4129 val acc 0.8387 (1.2s)
    epoch 24/34 loss 0.4104 val acc 0.8387 (1.2s)
    epoch 25/34 loss 0.4111 val acc 0.8387 (1.2s)
    epoch 26/34 loss 0.4092 val acc 0.8387 (1.2s)
    epoch 27/34 loss 0.4064 val acc 0.8387 (1.2s)
    epoch 28/34 loss 0.4054 val acc 0.8387 (1.2s)
    epoch 29/34 loss 0.4048 val acc 0.8387 (1.2s)
    epoch 30/34 loss 0.4039 val acc 0.8387 (1.2s)
    epoch 31/34 loss 0.4034 val acc 0.8387 (1.2s)
    epoch 32/34 loss 0.4028 val acc 0.8387 (1.2s)
    epoch 33/34 loss 0.4029 val acc 0.8387 (1.2s)
    epoch 34/34 loss 0.4031 val acc 0.8387 (1.1s)
  [customer_service.category] test acc 0.8800 macro-F1 0.8603 ECE 0.119 (T=1.02, 40s, 10.03M params)
  [customer_service.churn_risk] blocks split=8 depth=2, 4 labels, 269 train
    epoch 1/34 loss 1.4549 val acc 0.5161 (1.0s)
    epoch 2/34 loss 1.3669 val acc 0.5161 (1.0s)
    epoch 3/34 loss 1.2891 val acc 0.4194 (1.0s)
    epoch 4/34 loss 1.2311 val acc 0.5484 (1.0s)
    epoch 5/34 loss 1.2432 val acc 0.4194 (1.0s)
    epoch 6/34 loss 1.2072 val acc 0.5806 (1.0s)
    epoch 7/34 loss 1.1397 val acc 0.2258 (1.0s)
    epoch 8/34 loss 1.1118 val acc 0.4839 (1.0s)
    epoch 9/34 loss 1.0236 val acc 0.6774 (1.0s)
    epoch 10/34 loss 1.0232 val acc 0.7419 (1.0s)
    epoch 11/34 loss 1.1244 val acc 0.6774 (1.1s)
    epoch 12/34 loss 1.0056 val acc 0.6452 (1.1s)
    epoch 13/34 loss 0.9792 val acc 0.5161 (1.1s)
    epoch 14/34 loss 0.9460 val acc 0.6452 (1.1s)
    epoch 15/34 loss 0.9969 val acc 0.6129 (1.1s)
    epoch 16/34 loss 0.9463 val acc 0.6452 (1.1s)
    epoch 17/34 loss 0.9297 val acc 0.7419 (1.1s)
    epoch 18/34 loss 0.9115 val acc 0.7742 (1.1s)
    epoch 19/34 loss 0.9096 val acc 0.7097 (1.1s)
    epoch 20/34 loss 0.9024 val acc 0.7419 (1.1s)
    epoch 21/34 loss 0.8926 val acc 0.7742 (1.1s)
    epoch 22/34 loss 0.8906 val acc 0.7097 (1.1s)
    epoch 23/34 loss 0.8919 val acc 0.8387 (1.1s)
    epoch 24/34 loss 0.8887 val acc 0.8387 (1.1s)
    epoch 25/34 loss 0.8893 val acc 0.7419 (1.1s)
    epoch 26/34 loss 0.8870 val acc 0.7742 (1.1s)
    epoch 27/34 loss 0.8836 val acc 0.8065 (1.1s)
    epoch 28/34 loss 0.8830 val acc 0.8065 (1.1s)
    epoch 29/34 loss 0.8834 val acc 0.8065 (1.1s)
    epoch 30/34 loss 0.8814 val acc 0.8065 (1.1s)
    epoch 31/34 loss 0.8824 val acc 0.8387 (1.1s)
    epoch 32/34 loss 0.8822 val acc 0.8387 (1.1s)
    epoch 33/34 loss 0.8814 val acc 0.8387 (1.1s)
    epoch 34/34 loss 0.8826 val acc 0.8387 (1.1s)
  [customer_service.churn_risk] test acc 0.7100 macro-F1 0.5353 ECE 0.195 (T=1.09, 37s, 10.03M params)
  [customer_service.needs_human] blocks split=8 depth=2, 2 labels, 269 train
    epoch 1/34 loss 0.7808 val acc 0.7419 (1.1s)
    epoch 2/34 loss 0.8331 val acc 0.2581 (1.1s)
    epoch 3/34 loss 0.8227 val acc 0.2903 (1.1s)
    epoch 4/34 loss 0.7554 val acc 0.2903 (1.1s)
    epoch 5/34 loss 0.6682 val acc 0.7419 (1.1s)
    epoch 6/34 loss 0.6758 val acc 0.7742 (1.1s)
    epoch 7/34 loss 0.6711 val acc 0.3871 (1.1s)
    epoch 8/34 loss 0.6853 val acc 0.7419 (1.1s)
    epoch 9/34 loss 0.6359 val acc 0.3548 (1.1s)
    epoch 10/34 loss 0.6636 val acc 0.8065 (1.1s)
    epoch 11/34 loss 0.6312 val acc 0.8387 (1.1s)
    epoch 12/34 loss 0.6369 val acc 0.8065 (1.1s)
    epoch 13/34 loss 0.5950 val acc 0.4194 (1.1s)
    epoch 14/34 loss 0.6392 val acc 0.6452 (1.1s)
    epoch 15/34 loss 0.6249 val acc 0.4516 (1.1s)
    epoch 16/34 loss 0.6212 val acc 0.3871 (1.1s)
    epoch 17/34 loss 0.6090 val acc 0.7742 (1.1s)
    epoch 18/34 loss 0.6371 val acc 0.8387 (1.1s)
    epoch 19/34 loss 0.5845 val acc 0.6774 (1.1s)
    epoch 20/34 loss 0.5659 val acc 0.8387 (1.1s)
    epoch 21/34 loss 0.5657 val acc 0.8387 (1.1s)
    epoch 22/34 loss 0.5703 val acc 0.7097 (1.1s)
    epoch 23/34 loss 0.5541 val acc 0.7097 (1.1s)
    epoch 24/34 loss 0.5615 val acc 0.8065 (1.1s)
    epoch 25/34 loss 0.5528 val acc 0.7742 (1.1s)
    epoch 26/34 loss 0.5496 val acc 0.7419 (1.1s)
    epoch 27/34 loss 0.5477 val acc 0.7097 (1.1s)
    epoch 28/34 loss 0.5467 val acc 0.7097 (1.1s)
    epoch 29/34 loss 0.5468 val acc 0.7097 (1.1s)
    epoch 30/34 loss 0.5459 val acc 0.7097 (1.1s)
    epoch 31/34 loss 0.5463 val acc 0.7097 (1.1s)
    epoch 32/34 loss 0.5448 val acc 0.7097 (1.1s)
    epoch 33/34 loss 0.5446 val acc 0.7097 (1.1s)
    epoch 34/34 loss 0.5449 val acc 0.7097 (1.1s)
  [customer_service.needs_human] test acc 0.7300 macro-F1 0.6688 ECE 0.094 (T=1.00, 38s, 10.03M params)
  [customer_service.urgency] blocks split=8 depth=2, 4 labels, 269 train
    epoch 1/34 loss 1.4342 val acc 0.4516 (1.1s)
    epoch 2/34 loss 1.2365 val acc 0.1935 (1.1s)
    epoch 3/34 loss 1.2399 val acc 0.3226 (1.1s)
    epoch 4/34 loss 1.2050 val acc 0.3548 (1.1s)
    epoch 5/34 loss 1.1909 val acc 0.3226 (1.1s)
    epoch 6/34 loss 1.1378 val acc 0.6129 (1.1s)
    epoch 7/34 loss 1.1487 val acc 0.6129 (1.1s)
    epoch 8/34 loss 1.0942 val acc 0.6774 (1.1s)
    epoch 9/34 loss 1.0509 val acc 0.5161 (1.1s)
    epoch 10/34 loss 1.0291 val acc 0.5161 (1.1s)
    epoch 11/34 loss 1.0158 val acc 0.6774 (1.1s)
    epoch 12/34 loss 0.9823 val acc 0.6452 (1.1s)
    epoch 13/34 loss 0.9436 val acc 0.6452 (1.1s)
    epoch 14/34 loss 0.9775 val acc 0.6774 (1.1s)
    epoch 15/34 loss 0.9114 val acc 0.6452 (1.1s)
    epoch 16/34 loss 0.8935 val acc 0.6129 (1.1s)
    epoch 17/34 loss 0.8905 val acc 0.6452 (1.1s)
    epoch 18/34 loss 0.8881 val acc 0.6774 (1.1s)
    epoch 19/34 loss 0.8750 val acc 0.6452 (1.1s)
    epoch 20/34 loss 0.8595 val acc 0.6452 (1.1s)
    epoch 21/34 loss 0.8647 val acc 0.6452 (1.1s)
    epoch 22/34 loss 0.8700 val acc 0.6774 (1.1s)
    epoch 23/34 loss 0.8528 val acc 0.6129 (1.1s)
    epoch 24/34 loss 0.8613 val acc 0.7097 (1.1s)
    epoch 25/34 loss 0.8606 val acc 0.6774 (1.1s)
    epoch 26/34 loss 0.8518 val acc 0.6774 (1.1s)
    epoch 27/34 loss 0.8461 val acc 0.7097 (1.1s)
    epoch 28/34 loss 0.8428 val acc 0.6774 (1.1s)
    epoch 29/34 loss 0.8434 val acc 0.7097 (1.1s)
    epoch 30/34 loss 0.8420 val acc 0.6774 (1.1s)
    epoch 31/34 loss 0.8412 val acc 0.6774 (1.1s)
    epoch 32/34 loss 0.8409 val acc 0.6774 (1.1s)
    epoch 33/34 loss 0.8401 val acc 0.6774 (1.1s)
    epoch 34/34 loss 0.8401 val acc 0.6774 (1.1s)
  [customer_service.urgency] test acc 0.6300 macro-F1 0.4488 ECE 0.147 (T=1.17, 38s, 10.03M params)
-- typed-decisions 8+2 random seed0: 5 task(s)
  [customer_service.action] blocks split=8 depth=2, 5 labels, 269 train
    epoch 1/34 loss 1.5042 val acc 0.5484 (1.1s)
    epoch 2/34 loss 1.3315 val acc 0.5484 (1.1s)
    epoch 3/34 loss 1.2805 val acc 0.5484 (1.1s)
    epoch 4/34 loss 1.2823 val acc 0.5484 (1.1s)
    epoch 5/34 loss 1.2612 val acc 0.5484 (1.1s)
    epoch 6/34 loss 1.2830 val acc 0.5484 (1.1s)
    epoch 7/34 loss 1.2458 val acc 0.4194 (1.1s)
    epoch 8/34 loss 1.2449 val acc 0.5161 (1.1s)
    epoch 9/34 loss 1.2329 val acc 0.5484 (1.1s)
    epoch 10/34 loss 1.2135 val acc 0.5484 (1.1s)
    epoch 11/34 loss 1.1839 val acc 0.5161 (1.1s)
    epoch 12/34 loss 1.1733 val acc 0.5484 (1.1s)
    epoch 13/34 loss 1.1529 val acc 0.5161 (1.1s)
    epoch 14/34 loss 1.1397 val acc 0.5806 (1.1s)
    epoch 15/34 loss 1.1327 val acc 0.5484 (1.1s)
    epoch 16/34 loss 1.1181 val acc 0.6129 (1.1s)
    epoch 17/34 loss 1.0991 val acc 0.5806 (1.1s)
    epoch 18/34 loss 1.0820 val acc 0.6129 (1.1s)
    epoch 19/34 loss 1.0732 val acc 0.5484 (1.1s)
    epoch 20/34 loss 1.0614 val acc 0.5484 (1.1s)
    epoch 21/34 loss 1.0482 val acc 0.5806 (1.1s)
    epoch 22/34 loss 1.0491 val acc 0.7097 (1.1s)
    epoch 23/34 loss 1.0414 val acc 0.6452 (1.1s)
    epoch 24/34 loss 1.0382 val acc 0.6452 (1.1s)
    epoch 25/34 loss 1.0241 val acc 0.6452 (1.1s)
    epoch 26/34 loss 1.0250 val acc 0.6452 (1.1s)
    epoch 27/34 loss 1.0223 val acc 0.6452 (1.1s)
    epoch 28/34 loss 1.0181 val acc 0.6452 (1.1s)
    epoch 29/34 loss 1.0163 val acc 0.6452 (1.1s)
    epoch 30/34 loss 1.0152 val acc 0.6774 (1.1s)
    epoch 31/34 loss 1.0150 val acc 0.6452 (1.1s)
    epoch 32/34 loss 1.0158 val acc 0.6452 (1.1s)
    epoch 33/34 loss 1.0139 val acc 0.6452 (1.1s)
    epoch 34/34 loss 1.0131 val acc 0.6452 (1.1s)
  [customer_service.action] test acc 0.6100 macro-F1 0.3085 ECE 0.143 (T=1.04, 38s, 10.03M params)
  [customer_service.category] blocks split=8 depth=2, 5 labels, 269 train
    epoch 1/34 loss 1.6459 val acc 0.1613 (1.1s)
    epoch 2/34 loss 1.5810 val acc 0.2581 (1.1s)
    epoch 3/34 loss 1.5606 val acc 0.3548 (1.1s)
    epoch 4/34 loss 1.5597 val acc 0.1290 (1.1s)
    epoch 5/34 loss 1.5178 val acc 0.4194 (1.1s)
    epoch 6/34 loss 1.4856 val acc 0.3871 (1.1s)
    epoch 7/34 loss 1.3765 val acc 0.4194 (1.1s)
    epoch 8/34 loss 1.0721 val acc 0.6129 (1.1s)
    epoch 9/34 loss 0.8091 val acc 0.6452 (1.1s)
    epoch 10/34 loss 0.6677 val acc 0.7742 (1.1s)
    epoch 11/34 loss 0.5919 val acc 0.8065 (1.1s)
    epoch 12/34 loss 0.5524 val acc 0.7097 (1.1s)
    epoch 13/34 loss 0.5247 val acc 0.7097 (1.1s)
    epoch 14/34 loss 0.5010 val acc 0.7742 (1.1s)
    epoch 15/34 loss 0.4872 val acc 0.7742 (1.1s)
    epoch 16/34 loss 0.4732 val acc 0.8065 (1.1s)
    epoch 17/34 loss 0.4629 val acc 0.8065 (1.1s)
    epoch 18/34 loss 0.4545 val acc 0.7419 (1.1s)
    epoch 19/34 loss 0.4486 val acc 0.8065 (1.1s)
    epoch 20/34 loss 0.4498 val acc 0.8065 (1.1s)
    epoch 21/34 loss 0.4449 val acc 0.8065 (1.1s)
    epoch 22/34 loss 0.4368 val acc 0.8065 (1.1s)
    epoch 23/34 loss 0.4362 val acc 0.8065 (1.1s)
    epoch 24/34 loss 0.4338 val acc 0.8065 (1.1s)
    epoch 25/34 loss 0.4315 val acc 0.8065 (1.1s)
    epoch 26/34 loss 0.4291 val acc 0.8065 (1.1s)
    epoch 27/34 loss 0.4290 val acc 0.8065 (1.1s)
    epoch 28/34 loss 0.4281 val acc 0.8065 (1.1s)
    epoch 29/34 loss 0.4262 val acc 0.8065 (1.1s)
    epoch 30/34 loss 0.4254 val acc 0.8065 (1.1s)
    epoch 31/34 loss 0.4259 val acc 0.8065 (1.1s)
    epoch 32/34 loss 0.4261 val acc 0.8065 (1.1s)
    epoch 33/34 loss 0.4254 val acc 0.8065 (1.1s)
    epoch 34/34 loss 0.4251 val acc 0.8065 (1.1s)
  [customer_service.category] test acc 0.9200 macro-F1 0.8920 ECE 0.125 (T=1.10, 37s, 10.03M params)
  [customer_service.churn_risk] blocks split=8 depth=2, 4 labels, 269 train
    epoch 1/34 loss 1.5348 val acc 0.5161 (1.1s)
    epoch 2/34 loss 1.3471 val acc 0.1613 (1.1s)
    epoch 3/34 loss 1.3242 val acc 0.4839 (1.0s)
    epoch 4/34 loss 1.2973 val acc 0.5806 (1.1s)
    epoch 5/34 loss 1.2791 val acc 0.4839 (1.1s)
    epoch 6/34 loss 1.2933 val acc 0.5161 (1.1s)
    epoch 7/34 loss 1.2735 val acc 0.5161 (1.1s)
    epoch 8/34 loss 1.2573 val acc 0.5161 (1.1s)
    epoch 9/34 loss 1.2402 val acc 0.5484 (1.1s)
    epoch 10/34 loss 1.2179 val acc 0.3226 (1.1s)
    epoch 11/34 loss 1.1857 val acc 0.3226 (1.1s)
    epoch 12/34 loss 1.1295 val acc 0.4839 (1.1s)
    epoch 13/34 loss 1.0701 val acc 0.6452 (1.1s)
    epoch 14/34 loss 1.0139 val acc 0.7097 (1.1s)
    epoch 15/34 loss 1.0037 val acc 0.6774 (1.1s)
    epoch 16/34 loss 0.9681 val acc 0.6129 (1.1s)
    epoch 17/34 loss 0.9579 val acc 0.6452 (1.1s)
    epoch 18/34 loss 0.9473 val acc 0.7097 (1.1s)
    epoch 19/34 loss 0.9396 val acc 0.7097 (1.1s)
    epoch 20/34 loss 0.9279 val acc 0.7419 (1.1s)
    epoch 21/34 loss 0.9222 val acc 0.7097 (1.1s)
    epoch 22/34 loss 0.9181 val acc 0.7419 (1.1s)
    epoch 23/34 loss 0.9172 val acc 0.7097 (1.1s)
    epoch 24/34 loss 0.9109 val acc 0.7097 (1.1s)
    epoch 25/34 loss 0.9133 val acc 0.7419 (1.1s)
    epoch 26/34 loss 0.9077 val acc 0.7097 (1.1s)
    epoch 27/34 loss 0.9063 val acc 0.7097 (1.1s)
    epoch 28/34 loss 0.9054 val acc 0.7097 (1.1s)
    epoch 29/34 loss 0.9040 val acc 0.7419 (1.1s)
    epoch 30/34 loss 0.9041 val acc 0.7097 (1.1s)
    epoch 31/34 loss 0.9031 val acc 0.7097 (1.1s)
    epoch 32/34 loss 0.9012 val acc 0.7097 (1.1s)
    epoch 33/34 loss 0.9019 val acc 0.7419 (1.1s)
    epoch 34/34 loss 0.9018 val acc 0.7419 (1.1s)
  [customer_service.churn_risk] test acc 0.7200 macro-F1 0.5414 ECE 0.235 (T=1.21, 37s, 10.03M params)
  [customer_service.needs_human] blocks split=8 depth=2, 2 labels, 269 train
    epoch 1/34 loss 0.6967 val acc 0.7419 (1.1s)
    epoch 2/34 loss 0.7020 val acc 0.7419 (1.1s)
    epoch 3/34 loss 0.7091 val acc 0.4516 (1.1s)
    epoch 4/34 loss 0.6861 val acc 0.6774 (1.1s)
    epoch 5/34 loss 0.6923 val acc 0.7419 (1.1s)
    epoch 6/34 loss 0.6869 val acc 0.7419 (1.1s)
    epoch 7/34 loss 0.6632 val acc 0.4516 (1.1s)
    epoch 8/34 loss 0.6780 val acc 0.7419 (1.1s)
    epoch 9/34 loss 0.6712 val acc 0.7419 (1.1s)
    epoch 10/34 loss 0.6593 val acc 0.7419 (1.1s)
    epoch 11/34 loss 0.6860 val acc 0.4194 (1.1s)
    epoch 12/34 loss 0.6505 val acc 0.6452 (1.1s)
    epoch 13/34 loss 0.6409 val acc 0.8065 (1.1s)
    epoch 14/34 loss 0.6270 val acc 0.8065 (1.1s)
    epoch 15/34 loss 0.6178 val acc 0.8065 (1.1s)
    epoch 16/34 loss 0.6074 val acc 0.4516 (1.1s)
    epoch 17/34 loss 0.6108 val acc 0.5161 (1.1s)
    epoch 18/34 loss 0.6087 val acc 0.8387 (1.1s)
    epoch 19/34 loss 0.5946 val acc 0.7742 (1.1s)
    epoch 20/34 loss 0.5875 val acc 0.8065 (1.1s)
    epoch 21/34 loss 0.5836 val acc 0.7742 (1.1s)
    epoch 22/34 loss 0.5785 val acc 0.7097 (1.1s)
    epoch 23/34 loss 0.5773 val acc 0.7097 (1.1s)
    epoch 24/34 loss 0.5785 val acc 0.8065 (1.1s)
    epoch 25/34 loss 0.5808 val acc 0.7097 (1.1s)
    epoch 26/34 loss 0.5735 val acc 0.8065 (1.1s)
    epoch 27/34 loss 0.5719 val acc 0.7097 (1.1s)
    epoch 28/34 loss 0.5711 val acc 0.8065 (1.1s)
    epoch 29/34 loss 0.5694 val acc 0.7097 (1.1s)
    epoch 30/34 loss 0.5703 val acc 0.7097 (1.1s)
    epoch 31/34 loss 0.5700 val acc 0.8065 (1.1s)
    epoch 32/34 loss 0.5697 val acc 0.8065 (1.1s)
    epoch 33/34 loss 0.5689 val acc 0.8065 (1.1s)
    epoch 34/34 loss 0.5688 val acc 0.8065 (1.1s)
  [customer_service.needs_human] test acc 0.7900 macro-F1 0.7367 ECE 0.084 (T=0.88, 37s, 10.03M params)
  [customer_service.urgency] blocks split=8 depth=2, 4 labels, 269 train
    epoch 1/34 loss 1.6659 val acc 0.2581 (1.1s)
    epoch 2/34 loss 1.3065 val acc 0.5161 (1.1s)
    epoch 3/34 loss 1.2121 val acc 0.5161 (1.1s)
    epoch 4/34 loss 1.1921 val acc 0.5161 (1.1s)
    epoch 5/34 loss 1.1819 val acc 0.5161 (1.1s)
    epoch 6/34 loss 1.1842 val acc 0.4839 (1.1s)
    epoch 7/34 loss 1.1718 val acc 0.4194 (1.1s)
    epoch 8/34 loss 1.1520 val acc 0.5161 (1.1s)
    epoch 9/34 loss 1.1467 val acc 0.5161 (1.1s)
    epoch 10/34 loss 1.1519 val acc 0.2581 (1.1s)
    epoch 11/34 loss 1.1278 val acc 0.3226 (1.1s)
    epoch 12/34 loss 1.1183 val acc 0.5484 (1.1s)
    epoch 13/34 loss 1.0519 val acc 0.5806 (1.1s)
    epoch 14/34 loss 0.9963 val acc 0.6129 (1.1s)
    epoch 15/34 loss 0.9737 val acc 0.5806 (1.1s)
    epoch 16/34 loss 0.9590 val acc 0.5484 (1.1s)
    epoch 17/34 loss 0.9553 val acc 0.5484 (1.1s)
    epoch 18/34 loss 0.9560 val acc 0.6452 (1.1s)
    epoch 19/34 loss 0.9430 val acc 0.5484 (1.1s)
    epoch 20/34 loss 0.9249 val acc 0.5806 (1.1s)
    epoch 21/34 loss 0.9286 val acc 0.6129 (1.1s)
    epoch 22/34 loss 0.9207 val acc 0.6774 (1.1s)
    epoch 23/34 loss 0.9131 val acc 0.6129 (1.1s)
    epoch 24/34 loss 0.9076 val acc 0.6452 (1.1s)
    epoch 25/34 loss 0.9026 val acc 0.6774 (1.1s)
    epoch 26/34 loss 0.8997 val acc 0.6129 (1.1s)
    epoch 27/34 loss 0.8967 val acc 0.6774 (1.1s)
    epoch 28/34 loss 0.8961 val acc 0.6452 (1.1s)
    epoch 29/34 loss 0.8931 val acc 0.6452 (1.1s)
    epoch 30/34 loss 0.8895 val acc 0.6452 (1.1s)
    epoch 31/34 loss 0.8883 val acc 0.6774 (1.1s)
    epoch 32/34 loss 0.8876 val acc 0.6774 (1.1s)
    epoch 33/34 loss 0.8882 val acc 0.6774 (1.1s)
    epoch 34/34 loss 0.8892 val acc 0.6774 (1.1s)
  [customer_service.urgency] test acc 0.7300 macro-F1 0.5175 ECE 0.198 (T=1.02, 38s, 10.03M params)
-- typed-decisions 8+2 next seed1: 5 task(s)
  [customer_service.action] blocks split=8 depth=2, 5 labels, 269 train
    epoch 1/34 loss 1.4512 val acc 0.5484 (1.1s)
    epoch 2/34 loss 1.3120 val acc 0.5484 (1.1s)
    epoch 3/34 loss 1.2774 val acc 0.5484 (1.1s)
    epoch 4/34 loss 1.2543 val acc 0.5484 (1.1s)
    epoch 5/34 loss 1.2223 val acc 0.3871 (1.1s)
    epoch 6/34 loss 1.2301 val acc 0.2903 (1.1s)
    epoch 7/34 loss 1.2316 val acc 0.5806 (1.1s)
    epoch 8/34 loss 1.1841 val acc 0.5484 (1.1s)
    epoch 9/34 loss 1.1779 val acc 0.3871 (1.1s)
    epoch 10/34 loss 1.2159 val acc 0.3871 (1.1s)
    epoch 11/34 loss 1.1510 val acc 0.6452 (1.1s)
    epoch 12/34 loss 1.1375 val acc 0.6129 (1.1s)
    epoch 13/34 loss 1.1165 val acc 0.6129 (1.1s)
    epoch 14/34 loss 1.1046 val acc 0.5161 (1.1s)
    epoch 15/34 loss 1.0850 val acc 0.6774 (1.1s)
    epoch 16/34 loss 1.0656 val acc 0.5161 (1.1s)
    epoch 17/34 loss 1.0529 val acc 0.5806 (1.1s)
    epoch 18/34 loss 1.0353 val acc 0.6452 (1.1s)
    epoch 19/34 loss 1.0236 val acc 0.6129 (1.1s)
    epoch 20/34 loss 1.0147 val acc 0.5484 (1.1s)
    epoch 21/34 loss 1.0071 val acc 0.5806 (1.1s)
    epoch 22/34 loss 1.0048 val acc 0.5806 (1.1s)
    epoch 23/34 loss 0.9885 val acc 0.6129 (1.0s)
    epoch 24/34 loss 0.9837 val acc 0.5484 (1.1s)
    epoch 25/34 loss 0.9756 val acc 0.5484 (1.1s)
    epoch 26/34 loss 0.9710 val acc 0.5484 (1.1s)
    epoch 27/34 loss 0.9680 val acc 0.5484 (1.1s)
    epoch 28/34 loss 0.9662 val acc 0.5484 (1.1s)
    epoch 29/34 loss 0.9668 val acc 0.5484 (1.1s)
    epoch 30/34 loss 0.9636 val acc 0.5806 (1.1s)
    epoch 31/34 loss 0.9627 val acc 0.5484 (1.1s)
    epoch 32/34 loss 0.9624 val acc 0.5484 (1.1s)
    epoch 33/34 loss 0.9586 val acc 0.5484 (1.1s)
    epoch 34/34 loss 0.9603 val acc 0.5484 (1.1s)
  [customer_service.action] test acc 0.5300 macro-F1 0.2988 ECE 0.124 (T=1.22, 38s, 10.03M params)
  [customer_service.category] blocks split=8 depth=2, 5 labels, 269 train
    epoch 1/34 loss 1.6337 val acc 0.2258 (1.1s)
    epoch 2/34 loss 1.5809 val acc 0.1290 (1.1s)
    epoch 3/34 loss 1.5723 val acc 0.3871 (1.1s)
    epoch 4/34 loss 1.5019 val acc 0.3226 (1.1s)
    epoch 5/34 loss 1.4135 val acc 0.1290 (1.1s)
    epoch 6/34 loss 1.3158 val acc 0.3548 (1.1s)
    epoch 7/34 loss 0.9561 val acc 0.6774 (1.1s)
    epoch 8/34 loss 0.7683 val acc 0.8387 (1.1s)
    epoch 9/34 loss 0.6366 val acc 0.8065 (1.1s)
    epoch 10/34 loss 0.5315 val acc 0.8387 (1.1s)
    epoch 11/34 loss 0.5035 val acc 0.7742 (1.1s)
    epoch 12/34 loss 0.4816 val acc 0.8710 (1.1s)
    epoch 13/34 loss 0.4600 val acc 0.8065 (1.1s)
    epoch 14/34 loss 0.4499 val acc 0.8710 (1.1s)
    epoch 15/34 loss 0.4371 val acc 0.8710 (1.1s)
    epoch 16/34 loss 0.4302 val acc 0.8387 (1.1s)
    epoch 17/34 loss 0.4224 val acc 0.8710 (1.1s)
    epoch 18/34 loss 0.4201 val acc 0.8387 (1.1s)
    epoch 19/34 loss 0.4160 val acc 0.8710 (1.1s)
    epoch 20/34 loss 0.4165 val acc 0.8710 (1.1s)
    epoch 21/34 loss 0.4142 val acc 0.8710 (1.1s)
    epoch 22/34 loss 0.4140 val acc 0.8387 (1.1s)
    epoch 23/34 loss 0.4126 val acc 0.7742 (1.1s)
    epoch 24/34 loss 0.4140 val acc 0.8710 (1.1s)
    epoch 25/34 loss 0.4134 val acc 0.8710 (1.1s)
    epoch 26/34 loss 0.4096 val acc 0.8387 (1.1s)
    epoch 27/34 loss 0.4074 val acc 0.8387 (1.1s)
    epoch 28/34 loss 0.4083 val acc 0.8387 (1.1s)
    epoch 29/34 loss 0.4065 val acc 0.8387 (1.1s)
    epoch 30/34 loss 0.4061 val acc 0.8387 (1.1s)
    epoch 31/34 loss 0.4055 val acc 0.8387 (1.1s)
    epoch 32/34 loss 0.4060 val acc 0.8387 (1.1s)
    epoch 33/34 loss 0.4055 val acc 0.8387 (1.1s)
    epoch 34/34 loss 0.4056 val acc 0.8387 (1.1s)
  [customer_service.category] test acc 0.9100 macro-F1 0.9112 ECE 0.088 (T=1.04, 38s, 10.03M params)
  [customer_service.churn_risk] blocks split=8 depth=2, 4 labels, 269 train
    epoch 1/34 loss 1.4452 val acc 0.5161 (1.1s)
    epoch 2/34 loss 1.3387 val acc 0.5161 (1.1s)
    epoch 3/34 loss 1.3318 val acc 0.4516 (1.1s)
    epoch 4/34 loss 1.2859 val acc 0.5161 (1.1s)
    epoch 5/34 loss 1.2715 val acc 0.5161 (1.1s)
    epoch 6/34 loss 1.2513 val acc 0.2903 (1.1s)
    epoch 7/34 loss 1.2455 val acc 0.5806 (1.1s)
    epoch 8/34 loss 1.2113 val acc 0.5806 (1.1s)
    epoch 9/34 loss 1.2063 val acc 0.5161 (1.1s)
    epoch 10/34 loss 1.1598 val acc 0.5806 (1.0s)
    epoch 11/34 loss 1.0843 val acc 0.6129 (1.0s)
    epoch 12/34 loss 1.0178 val acc 0.5161 (1.1s)
    epoch 13/34 loss 0.9984 val acc 0.6452 (1.1s)
    epoch 14/34 loss 0.9695 val acc 0.6129 (1.1s)
    epoch 15/34 loss 0.9443 val acc 0.7742 (1.1s)
    epoch 16/34 loss 0.9535 val acc 0.6129 (1.1s)
    epoch 17/34 loss 0.9556 val acc 0.6774 (1.1s)
    epoch 18/34 loss 0.9588 val acc 0.8065 (1.0s)
    epoch 19/34 loss 0.9352 val acc 0.7419 (1.1s)
    epoch 20/34 loss 0.9161 val acc 0.6774 (1.1s)
    epoch 21/34 loss 0.9191 val acc 0.7097 (1.0s)
    epoch 22/34 loss 0.9084 val acc 0.7419 (1.0s)
    epoch 23/34 loss 0.9014 val acc 0.7742 (1.0s)
    epoch 24/34 loss 0.8959 val acc 0.7742 (1.0s)
    epoch 25/34 loss 0.8959 val acc 0.7097 (1.1s)
    epoch 26/34 loss 0.8937 val acc 0.7419 (1.0s)
    epoch 27/34 loss 0.8914 val acc 0.7419 (1.0s)
    epoch 28/34 loss 0.8902 val acc 0.7419 (1.0s)
    epoch 29/34 loss 0.8888 val acc 0.7097 (1.1s)
    epoch 30/34 loss 0.8888 val acc 0.7419 (1.1s)
    epoch 31/34 loss 0.8882 val acc 0.7419 (1.0s)
    epoch 32/34 loss 0.8890 val acc 0.7419 (1.0s)
    epoch 33/34 loss 0.8890 val acc 0.7419 (1.1s)
    epoch 34/34 loss 0.8871 val acc 0.7419 (1.0s)
  [customer_service.churn_risk] test acc 0.8000 macro-F1 0.6040 ECE 0.266 (T=1.15, 36s, 10.03M params)
  [customer_service.needs_human] blocks split=8 depth=2, 2 labels, 269 train
    epoch 1/34 loss 0.6891 val acc 0.7419 (1.1s)
    epoch 2/34 loss 0.6788 val acc 0.5161 (1.0s)
    epoch 3/34 loss 0.6704 val acc 0.5806 (1.1s)
    epoch 4/34 loss 0.6654 val acc 0.7419 (1.0s)
    epoch 5/34 loss 0.6440 val acc 0.4839 (1.0s)
    epoch 6/34 loss 0.6707 val acc 0.2903 (1.0s)
    epoch 7/34 loss 0.6852 val acc 0.7419 (1.1s)
    epoch 8/34 loss 0.6502 val acc 0.7742 (1.0s)
    epoch 9/34 loss 0.6447 val acc 0.7419 (1.1s)
    epoch 10/34 loss 0.6423 val acc 0.8065 (1.1s)
    epoch 11/34 loss 0.6525 val acc 0.7419 (1.1s)
    epoch 12/34 loss 0.6276 val acc 0.8710 (1.1s)
    epoch 13/34 loss 0.6089 val acc 0.4839 (1.1s)
    epoch 14/34 loss 0.6369 val acc 0.8065 (1.0s)
    epoch 15/34 loss 0.6034 val acc 0.8387 (1.0s)
    epoch 16/34 loss 0.5926 val acc 0.7419 (1.0s)
    epoch 17/34 loss 0.5957 val acc 0.8387 (1.0s)
    epoch 18/34 loss 0.5869 val acc 0.8387 (1.0s)
    epoch 19/34 loss 0.5818 val acc 0.8387 (1.0s)
    epoch 20/34 loss 0.5758 val acc 0.8387 (1.0s)
    epoch 21/34 loss 0.5724 val acc 0.7097 (1.0s)
    epoch 22/34 loss 0.5699 val acc 0.6129 (1.0s)
    epoch 23/34 loss 0.5672 val acc 0.8065 (1.0s)
    epoch 24/34 loss 0.5619 val acc 0.8065 (1.1s)
    epoch 25/34 loss 0.5586 val acc 0.8387 (1.1s)
    epoch 26/34 loss 0.5580 val acc 0.7419 (1.1s)
    epoch 27/34 loss 0.5550 val acc 0.6452 (1.1s)
    epoch 28/34 loss 0.5542 val acc 0.7419 (1.0s)
    epoch 29/34 loss 0.5535 val acc 0.7419 (1.0s)
    epoch 30/34 loss 0.5530 val acc 0.7419 (1.1s)
    epoch 31/34 loss 0.5511 val acc 0.7419 (1.0s)
    epoch 32/34 loss 0.5526 val acc 0.7419 (1.0s)
    epoch 33/34 loss 0.5523 val acc 0.7419 (1.1s)
    epoch 34/34 loss 0.5513 val acc 0.7419 (1.1s)
  [customer_service.needs_human] test acc 0.7900 macro-F1 0.7476 ECE 0.109 (T=0.96, 36s, 10.03M params)
  [customer_service.urgency] blocks split=8 depth=2, 4 labels, 269 train
    epoch 1/34 loss 1.5197 val acc 0.2581 (1.0s)
    epoch 2/34 loss 1.2605 val acc 0.3226 (1.0s)
    epoch 3/34 loss 1.2124 val acc 0.3226 (1.0s)
    epoch 4/34 loss 1.1882 val acc 0.4516 (1.0s)
    epoch 5/34 loss 1.1807 val acc 0.3226 (1.0s)
    epoch 6/34 loss 1.1957 val acc 0.4839 (1.0s)
    epoch 7/34 loss 1.1711 val acc 0.2581 (1.0s)
    epoch 8/34 loss 1.1808 val acc 0.4839 (1.0s)
    epoch 9/34 loss 1.1495 val acc 0.5161 (1.1s)
    epoch 10/34 loss 1.1188 val acc 0.5806 (1.1s)
    epoch 11/34 loss 1.0770 val acc 0.5484 (1.1s)
    epoch 12/34 loss 1.1119 val acc 0.5484 (1.0s)
    epoch 13/34 loss 1.1253 val acc 0.6452 (1.0s)
    epoch 14/34 loss 0.9790 val acc 0.4516 (1.0s)
    epoch 15/34 loss 1.0163 val acc 0.6452 (1.1s)
    epoch 16/34 loss 0.9620 val acc 0.6129 (1.1s)
    epoch 17/34 loss 0.9614 val acc 0.7097 (1.0s)
    epoch 18/34 loss 0.9136 val acc 0.7097 (1.0s)
    epoch 19/34 loss 0.9104 val acc 0.7742 (1.1s)
    epoch 20/34 loss 0.8948 val acc 0.7419 (1.0s)
    epoch 21/34 loss 0.8849 val acc 0.7419 (1.1s)
    epoch 22/34 loss 0.8776 val acc 0.6452 (1.0s)
    epoch 23/34 loss 0.8744 val acc 0.7419 (1.0s)
    epoch 24/34 loss 0.8689 val acc 0.7419 (1.0s)
    epoch 25/34 loss 0.8635 val acc 0.6774 (1.1s)
    epoch 26/34 loss 0.8614 val acc 0.7097 (1.1s)
    epoch 27/34 loss 0.8574 val acc 0.6774 (1.0s)
    epoch 28/34 loss 0.8582 val acc 0.7419 (1.0s)
    epoch 29/34 loss 0.8548 val acc 0.7097 (1.0s)
    epoch 30/34 loss 0.8538 val acc 0.6774 (1.0s)
    epoch 31/34 loss 0.8540 val acc 0.7097 (1.0s)
    epoch 32/34 loss 0.8548 val acc 0.7097 (1.1s)
    epoch 33/34 loss 0.8536 val acc 0.7097 (1.1s)
    epoch 34/34 loss 0.8534 val acc 0.7097 (1.0s)
  [customer_service.urgency] test acc 0.7000 macro-F1 0.5061 ECE 0.137 (T=1.00, 36s, 10.03M params)
-- typed-decisions 8+2 top seed1: 5 task(s)
  [customer_service.action] blocks split=8 depth=2, 5 labels, 269 train
    epoch 1/34 loss 1.5633 val acc 0.5484 (1.1s)
    epoch 2/34 loss 1.2939 val acc 0.3226 (1.0s)
    epoch 3/34 loss 1.3239 val acc 0.5806 (1.1s)
    epoch 4/34 loss 1.2684 val acc 0.5484 (1.1s)
    epoch 5/34 loss 1.2003 val acc 0.4194 (1.0s)
    epoch 6/34 loss 1.2172 val acc 0.5806 (1.0s)
    epoch 7/34 loss 1.1572 val acc 0.6452 (1.1s)
    epoch 8/34 loss 1.1967 val acc 0.6452 (1.0s)
    epoch 9/34 loss 1.1360 val acc 0.4516 (1.0s)
    epoch 10/34 loss 1.1159 val acc 0.6774 (1.0s)
    epoch 11/34 loss 1.0936 val acc 0.3871 (1.1s)
    epoch 12/34 loss 1.0910 val acc 0.6774 (1.0s)
    epoch 13/34 loss 1.0763 val acc 0.6452 (1.0s)
    epoch 14/34 loss 1.0522 val acc 0.4839 (1.0s)
    epoch 15/34 loss 1.0152 val acc 0.5806 (1.0s)
    epoch 16/34 loss 1.0564 val acc 0.5161 (1.1s)
    epoch 17/34 loss 0.9991 val acc 0.5484 (1.1s)
    epoch 18/34 loss 0.9849 val acc 0.3226 (1.0s)
    epoch 19/34 loss 0.9823 val acc 0.4194 (1.1s)
    epoch 20/34 loss 0.9831 val acc 0.4839 (1.2s)
    epoch 21/34 loss 0.9605 val acc 0.5161 (1.2s)
    epoch 22/34 loss 0.9599 val acc 0.5806 (1.1s)
    epoch 23/34 loss 0.9497 val acc 0.5484 (1.2s)
    epoch 24/34 loss 0.9452 val acc 0.5161 (1.2s)
    epoch 25/34 loss 0.9421 val acc 0.5484 (1.2s)
    epoch 26/34 loss 0.9403 val acc 0.5484 (1.2s)
    epoch 27/34 loss 0.9367 val acc 0.5484 (1.2s)
    epoch 28/34 loss 0.9369 val acc 0.5806 (1.2s)
    epoch 29/34 loss 0.9351 val acc 0.5484 (1.2s)
    epoch 30/34 loss 0.9346 val acc 0.5484 (1.2s)
    epoch 31/34 loss 0.9345 val acc 0.5484 (1.2s)
    epoch 32/34 loss 0.9345 val acc 0.5484 (1.2s)
    epoch 33/34 loss 0.9343 val acc 0.5484 (1.2s)
    epoch 34/34 loss 0.9347 val acc 0.5484 (1.2s)
  [customer_service.action] test acc 0.5500 macro-F1 0.2702 ECE 0.074 (T=1.15, 37s, 10.03M params)
  [customer_service.category] blocks split=8 depth=2, 5 labels, 269 train
    epoch 1/34 loss 1.6470 val acc 0.2258 (1.2s)
    epoch 2/34 loss 1.5419 val acc 0.1935 (1.2s)
    epoch 3/34 loss 1.4057 val acc 0.2258 (1.2s)
    epoch 4/34 loss 1.1880 val acc 0.5484 (1.2s)
    epoch 5/34 loss 0.8031 val acc 0.6129 (1.2s)
    epoch 6/34 loss 0.6638 val acc 0.6774 (1.2s)
    epoch 7/34 loss 0.6121 val acc 0.7742 (1.2s)
    epoch 8/34 loss 0.5525 val acc 0.8387 (1.2s)
    epoch 9/34 loss 0.5078 val acc 0.8065 (1.2s)
    epoch 10/34 loss 0.5229 val acc 0.8065 (1.2s)
    epoch 11/34 loss 0.4908 val acc 0.8387 (1.2s)
    epoch 12/34 loss 0.4824 val acc 0.8710 (1.2s)
    epoch 13/34 loss 0.4575 val acc 0.8065 (1.2s)
    epoch 14/34 loss 0.4327 val acc 0.8387 (1.2s)
    epoch 15/34 loss 0.4275 val acc 0.8710 (1.2s)
    epoch 16/34 loss 0.4248 val acc 0.8065 (1.2s)
    epoch 17/34 loss 0.4340 val acc 0.8065 (1.2s)
    epoch 18/34 loss 0.4221 val acc 0.8387 (1.2s)
    epoch 19/34 loss 0.4166 val acc 0.8710 (1.2s)
    epoch 20/34 loss 0.4159 val acc 0.8065 (1.2s)
    epoch 21/34 loss 0.4118 val acc 0.8387 (1.2s)
    epoch 22/34 loss 0.4147 val acc 0.8387 (1.1s)
    epoch 23/34 loss 0.4121 val acc 0.8387 (1.2s)
    epoch 24/34 loss 0.4142 val acc 0.8065 (1.2s)
    epoch 25/34 loss 0.4129 val acc 0.8387 (1.2s)
    epoch 26/34 loss 0.4091 val acc 0.8387 (1.2s)
    epoch 27/34 loss 0.4069 val acc 0.8065 (1.2s)
    epoch 28/34 loss 0.4062 val acc 0.8387 (1.2s)
    epoch 29/34 loss 0.4063 val acc 0.8387 (1.2s)
    epoch 30/34 loss 0.4037 val acc 0.8387 (1.2s)
    epoch 31/34 loss 0.4040 val acc 0.8387 (1.2s)
    epoch 32/34 loss 0.4029 val acc 0.8387 (1.2s)
    epoch 33/34 loss 0.4028 val acc 0.8387 (1.2s)
    epoch 34/34 loss 0.4032 val acc 0.8387 (1.2s)
  [customer_service.category] test acc 0.8500 macro-F1 0.8345 ECE 0.094 (T=1.01, 40s, 10.03M params)
  [customer_service.churn_risk] blocks split=8 depth=2, 4 labels, 269 train
    epoch 1/34 loss 1.5388 val acc 0.4839 (1.2s)
    epoch 2/34 loss 1.3672 val acc 0.5161 (1.2s)
    epoch 3/34 loss 1.3318 val acc 0.5161 (1.2s)
    epoch 4/34 loss 1.2797 val acc 0.2258 (1.2s)
    epoch 5/34 loss 1.2510 val acc 0.5806 (1.2s)
    epoch 6/34 loss 1.1982 val acc 0.5161 (1.2s)
    epoch 7/34 loss 1.1712 val acc 0.5161 (1.2s)
    epoch 8/34 loss 1.0993 val acc 0.4194 (1.2s)
    epoch 9/34 loss 1.1809 val acc 0.3548 (1.2s)
    epoch 10/34 loss 1.0483 val acc 0.6452 (1.2s)
    epoch 11/34 loss 1.0119 val acc 0.5806 (1.2s)
    epoch 12/34 loss 1.0160 val acc 0.6129 (1.2s)
    epoch 13/34 loss 0.9647 val acc 0.6129 (1.2s)
    epoch 14/34 loss 0.9399 val acc 0.6452 (1.2s)
    epoch 15/34 loss 0.9470 val acc 0.6452 (1.2s)
    epoch 16/34 loss 0.9260 val acc 0.6452 (1.2s)
    epoch 17/34 loss 0.9575 val acc 0.5484 (1.2s)
    epoch 18/34 loss 0.9206 val acc 0.5806 (1.2s)
    epoch 19/34 loss 0.9244 val acc 0.7097 (1.2s)
    epoch 20/34 loss 0.8987 val acc 0.6774 (1.1s)
    epoch 21/34 loss 0.8918 val acc 0.7097 (1.2s)
    epoch 22/34 loss 0.8941 val acc 0.6774 (1.2s)
    epoch 23/34 loss 0.8899 val acc 0.6452 (1.2s)
    epoch 24/34 loss 0.8894 val acc 0.7097 (1.2s)
    epoch 25/34 loss 0.8858 val acc 0.7097 (1.2s)
    epoch 26/34 loss 0.8842 val acc 0.7419 (1.2s)
    epoch 27/34 loss 0.8840 val acc 0.6774 (1.1s)
    epoch 28/34 loss 0.8823 val acc 0.7419 (1.1s)
    epoch 29/34 loss 0.8817 val acc 0.7419 (1.2s)
    epoch 30/34 loss 0.8819 val acc 0.7419 (1.2s)
    epoch 31/34 loss 0.8829 val acc 0.7419 (1.2s)
    epoch 32/34 loss 0.8816 val acc 0.7419 (1.2s)
    epoch 33/34 loss 0.8811 val acc 0.7419 (1.2s)
    epoch 34/34 loss 0.8811 val acc 0.7419 (1.2s)
  [customer_service.churn_risk] test acc 0.6700 macro-F1 0.4967 ECE 0.146 (T=1.05, 40s, 10.03M params)
  [customer_service.needs_human] blocks split=8 depth=2, 2 labels, 269 train
    epoch 1/34 loss 0.7500 val acc 0.7419 (1.2s)
    epoch 2/34 loss 0.6851 val acc 0.6774 (1.2s)
    epoch 3/34 loss 0.8202 val acc 0.7419 (1.2s)
    epoch 4/34 loss 0.8230 val acc 0.7419 (1.2s)
    epoch 5/34 loss 0.6800 val acc 0.2581 (1.2s)
    epoch 6/34 loss 0.8151 val acc 0.7419 (1.1s)
    epoch 7/34 loss 0.6535 val acc 0.7419 (1.1s)
    epoch 8/34 loss 0.6441 val acc 0.7419 (1.0s)
    epoch 9/34 loss 0.6958 val acc 0.8065 (1.1s)
    epoch 10/34 loss 0.6162 val acc 0.7097 (1.1s)
    epoch 11/34 loss 0.6176 val acc 0.5484 (1.0s)
    epoch 12/34 loss 0.6831 val acc 0.7419 (1.1s)
    epoch 13/34 loss 0.5962 val acc 0.8065 (1.1s)
    epoch 14/34 loss 0.5835 val acc 0.8710 (1.0s)
    epoch 15/34 loss 0.5831 val acc 0.8710 (1.1s)
    epoch 16/34 loss 0.5999 val acc 0.8387 (1.1s)
    epoch 17/34 loss 0.5793 val acc 0.7419 (1.1s)
    epoch 18/34 loss 0.6214 val acc 0.8387 (1.0s)
    epoch 19/34 loss 0.5673 val acc 0.8710 (1.0s)
    epoch 20/34 loss 0.5597 val acc 0.5806 (1.0s)
    epoch 21/34 loss 0.5603 val acc 0.7419 (1.0s)
    epoch 22/34 loss 0.5525 val acc 0.7419 (1.0s)
    epoch 23/34 loss 0.5533 val acc 0.8710 (1.0s)
    epoch 24/34 loss 0.5557 val acc 0.8387 (1.1s)
    epoch 25/34 loss 0.5691 val acc 0.5806 (1.0s)
    epoch 26/34 loss 0.5628 val acc 0.8387 (1.0s)
    epoch 27/34 loss 0.5668 val acc 0.8710 (1.1s)
    epoch 28/34 loss 0.5542 val acc 0.7419 (1.0s)
    epoch 29/34 loss 0.5476 val acc 0.8710 (1.1s)
    epoch 30/34 loss 0.5471 val acc 0.8065 (1.1s)
    epoch 31/34 loss 0.5474 val acc 0.8387 (1.0s)
    epoch 32/34 loss 0.5447 val acc 0.8710 (1.1s)
    epoch 33/34 loss 0.5444 val acc 0.8710 (1.1s)
    epoch 34/34 loss 0.5452 val acc 0.8710 (1.1s)
  [customer_service.needs_human] test acc 0.7300 macro-F1 0.6534 ECE 0.106 (T=0.80, 36s, 10.03M params)
  [customer_service.urgency] blocks split=8 depth=2, 4 labels, 269 train
    epoch 1/34 loss 1.5690 val acc 0.4516 (1.0s)
    epoch 2/34 loss 1.2480 val acc 0.4194 (1.0s)
    epoch 3/34 loss 1.2338 val acc 0.5484 (1.0s)
    epoch 4/34 loss 1.1466 val acc 0.4516 (1.1s)
    epoch 5/34 loss 1.1416 val acc 0.5484 (1.0s)
    epoch 6/34 loss 1.0863 val acc 0.5806 (1.0s)
    epoch 7/34 loss 1.0302 val acc 0.5161 (1.0s)
    epoch 8/34 loss 1.1130 val acc 0.5806 (1.1s)
    epoch 9/34 loss 1.0111 val acc 0.6129 (1.1s)
    epoch 10/34 loss 1.0638 val acc 0.5806 (1.1s)
    epoch 11/34 loss 1.0459 val acc 0.5806 (1.0s)
    epoch 12/34 loss 0.9842 val acc 0.6129 (1.1s)
    epoch 13/34 loss 1.0300 val acc 0.6452 (1.1s)
    epoch 14/34 loss 0.9201 val acc 0.6452 (1.1s)
    epoch 15/34 loss 0.9002 val acc 0.6452 (1.0s)
    epoch 16/34 loss 0.8969 val acc 0.7097 (1.1s)
    epoch 17/34 loss 0.8743 val acc 0.5806 (1.1s)
    epoch 18/34 loss 0.8711 val acc 0.6774 (1.1s)
    epoch 19/34 loss 0.8605 val acc 0.6452 (1.1s)
    epoch 20/34 loss 0.8505 val acc 0.6452 (1.1s)
    epoch 21/34 loss 0.8498 val acc 0.5806 (1.1s)
    epoch 22/34 loss 0.8481 val acc 0.6452 (1.0s)
    epoch 23/34 loss 0.8461 val acc 0.6452 (1.0s)
    epoch 24/34 loss 0.8422 val acc 0.6452 (1.0s)
    epoch 25/34 loss 0.8416 val acc 0.6452 (1.1s)
    epoch 26/34 loss 0.8400 val acc 0.6774 (1.1s)
    epoch 27/34 loss 0.8387 val acc 0.6129 (1.1s)
    epoch 28/34 loss 0.8380 val acc 0.6774 (1.0s)
    epoch 29/34 loss 0.8379 val acc 0.6452 (1.1s)
    epoch 30/34 loss 0.8368 val acc 0.6774 (1.1s)
    epoch 31/34 loss 0.8391 val acc 0.6452 (1.1s)
    epoch 32/34 loss 0.8382 val acc 0.6452 (1.0s)
    epoch 33/34 loss 0.8382 val acc 0.6452 (1.1s)
    epoch 34/34 loss 0.8378 val acc 0.6452 (1.0s)
  [customer_service.urgency] test acc 0.6000 macro-F1 0.4213 ECE 0.112 (T=1.19, 36s, 10.03M params)
-- typed-decisions 8+2 random seed1: 5 task(s)
  [customer_service.action] blocks split=8 depth=2, 5 labels, 269 train
    epoch 1/34 loss 1.4491 val acc 0.5484 (1.1s)
    epoch 2/34 loss 1.3206 val acc 0.5484 (1.1s)
    epoch 3/34 loss 1.2947 val acc 0.5484 (1.1s)
    epoch 4/34 loss 1.2655 val acc 0.5484 (1.1s)
    epoch 5/34 loss 1.2596 val acc 0.2581 (1.1s)
    epoch 6/34 loss 1.2911 val acc 0.5484 (1.0s)
    epoch 7/34 loss 1.2428 val acc 0.5484 (1.1s)
    epoch 8/34 loss 1.2339 val acc 0.6129 (1.0s)
    epoch 9/34 loss 1.2034 val acc 0.5161 (1.1s)
    epoch 10/34 loss 1.1925 val acc 0.4194 (1.1s)
    epoch 11/34 loss 1.1719 val acc 0.5484 (1.1s)
    epoch 12/34 loss 1.1534 val acc 0.5484 (1.1s)
    epoch 13/34 loss 1.1437 val acc 0.5806 (1.1s)
    epoch 14/34 loss 1.1254 val acc 0.5806 (1.1s)
    epoch 15/34 loss 1.1035 val acc 0.6452 (1.0s)
    epoch 16/34 loss 1.0916 val acc 0.6452 (1.1s)
    epoch 17/34 loss 1.0812 val acc 0.6452 (1.0s)
    epoch 18/34 loss 1.0610 val acc 0.5161 (1.1s)
    epoch 19/34 loss 1.0561 val acc 0.5806 (1.1s)
    epoch 20/34 loss 1.0417 val acc 0.6129 (1.1s)
    epoch 21/34 loss 1.0314 val acc 0.6129 (1.1s)
    epoch 22/34 loss 1.0212 val acc 0.6452 (1.1s)
    epoch 23/34 loss 1.0202 val acc 0.5806 (1.0s)
    epoch 24/34 loss 1.0094 val acc 0.5806 (1.0s)
    epoch 25/34 loss 1.0063 val acc 0.6774 (1.1s)
    epoch 26/34 loss 1.0004 val acc 0.5806 (1.1s)
    epoch 27/34 loss 0.9993 val acc 0.6774 (1.1s)
    epoch 28/34 loss 0.9971 val acc 0.5806 (1.0s)
    epoch 29/34 loss 0.9948 val acc 0.5806 (1.0s)
    epoch 30/34 loss 0.9920 val acc 0.7097 (1.1s)
    epoch 31/34 loss 0.9921 val acc 0.6774 (1.0s)
    epoch 32/34 loss 0.9926 val acc 0.6774 (1.0s)
    epoch 33/34 loss 0.9913 val acc 0.6452 (1.1s)
    epoch 34/34 loss 0.9898 val acc 0.6452 (1.1s)
  [customer_service.action] test acc 0.5900 macro-F1 0.3607 ECE 0.089 (T=1.09, 36s, 10.03M params)
  [customer_service.category] blocks split=8 depth=2, 5 labels, 269 train
    epoch 1/34 loss 1.5950 val acc 0.3548 (1.1s)
    epoch 2/34 loss 1.5854 val acc 0.1290 (1.0s)
    epoch 3/34 loss 1.5848 val acc 0.3548 (1.1s)
    epoch 4/34 loss 1.5478 val acc 0.2581 (1.1s)
    epoch 5/34 loss 1.5142 val acc 0.2258 (1.0s)
    epoch 6/34 loss 1.4714 val acc 0.2903 (1.0s)
    epoch 7/34 loss 1.3382 val acc 0.4194 (1.0s)
    epoch 8/34 loss 0.9957 val acc 0.5161 (1.1s)
    epoch 9/34 loss 0.7345 val acc 0.6774 (1.1s)
    epoch 10/34 loss 0.6408 val acc 0.7742 (1.1s)
    epoch 11/34 loss 0.5872 val acc 0.7742 (1.1s)
    epoch 12/34 loss 0.5483 val acc 0.7742 (1.1s)
    epoch 13/34 loss 0.5041 val acc 0.7419 (1.1s)
    epoch 14/34 loss 0.5016 val acc 0.7742 (1.0s)
    epoch 15/34 loss 0.4823 val acc 0.7742 (1.0s)
    epoch 16/34 loss 0.4674 val acc 0.7742 (1.1s)
    epoch 17/34 loss 0.4568 val acc 0.8065 (1.1s)
    epoch 18/34 loss 0.4520 val acc 0.8065 (1.1s)
    epoch 19/34 loss 0.4461 val acc 0.8065 (1.1s)
    epoch 20/34 loss 0.4418 val acc 0.8065 (1.0s)
    epoch 21/34 loss 0.4461 val acc 0.7742 (1.1s)
    epoch 22/34 loss 0.4375 val acc 0.8387 (1.1s)
    epoch 23/34 loss 0.4369 val acc 0.8065 (1.0s)
    epoch 24/34 loss 0.4325 val acc 0.8387 (1.1s)
    epoch 25/34 loss 0.4302 val acc 0.7742 (1.1s)
    epoch 26/34 loss 0.4291 val acc 0.8387 (1.1s)
    epoch 27/34 loss 0.4268 val acc 0.8065 (1.1s)
    epoch 28/34 loss 0.4251 val acc 0.8065 (1.1s)
    epoch 29/34 loss 0.4252 val acc 0.8065 (1.1s)
    epoch 30/34 loss 0.4236 val acc 0.8065 (1.1s)
    epoch 31/34 loss 0.4236 val acc 0.8387 (1.0s)
    epoch 32/34 loss 0.4238 val acc 0.8387 (1.1s)
    epoch 33/34 loss 0.4235 val acc 0.8387 (1.1s)
    epoch 34/34 loss 0.4234 val acc 0.8387 (1.0s)
  [customer_service.category] test acc 0.9300 macro-F1 0.9352 ECE 0.128 (T=1.06, 36s, 10.03M params)
  [customer_service.churn_risk] blocks split=8 depth=2, 4 labels, 269 train
    epoch 1/34 loss 1.4149 val acc 0.5161 (1.1s)
    epoch 2/34 loss 1.3302 val acc 0.5161 (1.0s)
    epoch 3/34 loss 1.3358 val acc 0.5484 (1.1s)
    epoch 4/34 loss 1.2963 val acc 0.5161 (1.1s)
    epoch 5/34 loss 1.2922 val acc 0.5484 (1.0s)
    epoch 6/34 loss 1.2886 val acc 0.5161 (1.0s)
    epoch 7/34 loss 1.2649 val acc 0.4839 (1.0s)
    epoch 8/34 loss 1.2474 val acc 0.5484 (1.1s)
    epoch 9/34 loss 1.2187 val acc 0.5806 (1.1s)
    epoch 10/34 loss 1.1762 val acc 0.5806 (1.1s)
    epoch 11/34 loss 1.1023 val acc 0.6774 (1.1s)
    epoch 12/34 loss 1.0349 val acc 0.3548 (1.0s)
    epoch 13/34 loss 1.0569 val acc 0.6452 (1.1s)
    epoch 14/34 loss 1.0285 val acc 0.6774 (1.0s)
    epoch 15/34 loss 0.9899 val acc 0.6774 (1.0s)
    epoch 16/34 loss 0.9745 val acc 0.6452 (1.1s)
    epoch 17/34 loss 0.9635 val acc 0.6774 (1.1s)
    epoch 18/34 loss 0.9566 val acc 0.7419 (1.1s)
    epoch 19/34 loss 0.9446 val acc 0.7419 (1.0s)
    epoch 20/34 loss 0.9398 val acc 0.7419 (1.1s)
    epoch 21/34 loss 0.9306 val acc 0.7742 (1.1s)
    epoch 22/34 loss 0.9241 val acc 0.7419 (1.0s)
    epoch 23/34 loss 0.9213 val acc 0.7419 (1.0s)
    epoch 24/34 loss 0.9165 val acc 0.7097 (1.1s)
    epoch 25/34 loss 0.9140 val acc 0.7419 (1.0s)
    epoch 26/34 loss 0.9105 val acc 0.7419 (1.1s)
    epoch 27/34 loss 0.9098 val acc 0.7419 (1.1s)
    epoch 28/34 loss 0.9066 val acc 0.7419 (1.0s)
    epoch 29/34 loss 0.9048 val acc 0.7097 (1.1s)
    epoch 30/34 loss 0.9055 val acc 0.7097 (1.1s)
    epoch 31/34 loss 0.9064 val acc 0.7097 (1.0s)
    epoch 32/34 loss 0.9060 val acc 0.7097 (1.1s)
    epoch 33/34 loss 0.9059 val acc 0.7097 (1.1s)
    epoch 34/34 loss 0.9039 val acc 0.7097 (1.0s)
  [customer_service.churn_risk] test acc 0.7300 macro-F1 0.5501 ECE 0.207 (T=1.26, 36s, 10.03M params)
  [customer_service.needs_human] blocks split=8 depth=2, 2 labels, 269 train
    epoch 1/34 loss 0.6807 val acc 0.7419 (1.1s)
    epoch 2/34 loss 0.6838 val acc 0.7419 (1.1s)
    epoch 3/34 loss 0.6999 val acc 0.7419 (1.1s)
    epoch 4/34 loss 0.7284 val acc 0.3226 (1.1s)
    epoch 5/34 loss 0.6920 val acc 0.3871 (1.0s)
    epoch 6/34 loss 0.6951 val acc 0.7097 (1.1s)
    epoch 7/34 loss 0.6655 val acc 0.7419 (1.1s)
    epoch 8/34 loss 0.6636 val acc 0.7097 (1.0s)
    epoch 9/34 loss 0.6550 val acc 0.7419 (1.0s)
    epoch 10/34 loss 0.6439 val acc 0.3871 (1.1s)
    epoch 11/34 loss 0.6588 val acc 0.5484 (1.0s)
    epoch 12/34 loss 0.6427 val acc 0.8065 (1.1s)
    epoch 13/34 loss 0.6365 val acc 0.7742 (1.0s)
    epoch 14/34 loss 0.6220 val acc 0.7742 (1.1s)
    epoch 15/34 loss 0.6068 val acc 0.8065 (1.0s)
    epoch 16/34 loss 0.6172 val acc 0.7419 (1.1s)
    epoch 17/34 loss 0.5943 val acc 0.8387 (1.1s)
    epoch 18/34 loss 0.5841 val acc 0.7097 (1.1s)
    epoch 19/34 loss 0.5911 val acc 0.6129 (1.1s)
    epoch 20/34 loss 0.5938 val acc 0.8065 (1.0s)
    epoch 21/34 loss 0.5818 val acc 0.8387 (1.1s)
    epoch 22/34 loss 0.5788 val acc 0.8065 (1.0s)
    epoch 23/34 loss 0.5785 val acc 0.7742 (1.1s)
    epoch 24/34 loss 0.5731 val acc 0.8065 (1.1s)
    epoch 25/34 loss 0.5705 val acc 0.8065 (1.1s)
    epoch 26/34 loss 0.5663 val acc 0.7742 (1.1s)
    epoch 27/34 loss 0.5683 val acc 0.8065 (1.0s)
    epoch 28/34 loss 0.5641 val acc 0.7742 (1.0s)
    epoch 29/34 loss 0.5648 val acc 0.8065 (1.1s)
    epoch 30/34 loss 0.5654 val acc 0.8065 (1.0s)
    epoch 31/34 loss 0.5627 val acc 0.7742 (1.0s)
    epoch 32/34 loss 0.5641 val acc 0.7742 (1.0s)
    epoch 33/34 loss 0.5636 val acc 0.7742 (1.0s)
    epoch 34/34 loss 0.5644 val acc 0.7742 (1.0s)
  [customer_service.needs_human] test acc 0.8200 macro-F1 0.7896 ECE 0.120 (T=0.86, 36s, 10.03M params)
  [customer_service.urgency] blocks split=8 depth=2, 4 labels, 269 train
    epoch 1/34 loss 1.4699 val acc 0.2581 (1.1s)
    epoch 2/34 loss 1.2538 val acc 0.5161 (1.1s)
    epoch 3/34 loss 1.2132 val acc 0.2581 (1.0s)
    epoch 4/34 loss 1.1919 val acc 0.5484 (1.0s)
    epoch 5/34 loss 1.1830 val acc 0.3226 (1.1s)
    epoch 6/34 loss 1.2014 val acc 0.5806 (1.0s)
    epoch 7/34 loss 1.1739 val acc 0.2903 (1.0s)
    epoch 8/34 loss 1.1818 val acc 0.5161 (1.0s)
    epoch 9/34 loss 1.1522 val acc 0.5484 (1.1s)
    epoch 10/34 loss 1.1315 val acc 0.4839 (1.1s)
    epoch 11/34 loss 1.1200 val acc 0.5161 (1.0s)
    epoch 12/34 loss 1.0807 val acc 0.5806 (1.0s)
    epoch 13/34 loss 1.0412 val acc 0.6129 (1.0s)
    epoch 14/34 loss 0.9840 val acc 0.6452 (1.0s)
    epoch 15/34 loss 0.9454 val acc 0.5806 (1.1s)
    epoch 16/34 loss 0.9366 val acc 0.5806 (1.1s)
    epoch 17/34 loss 0.9404 val acc 0.5161 (1.0s)
    epoch 18/34 loss 0.9512 val acc 0.5161 (1.0s)
    epoch 19/34 loss 0.9145 val acc 0.7097 (1.0s)
    epoch 20/34 loss 0.9077 val acc 0.6774 (1.0s)
    epoch 21/34 loss 0.8985 val acc 0.6452 (1.0s)
    epoch 22/34 loss 0.8926 val acc 0.6129 (1.0s)
    epoch 23/34 loss 0.8920 val acc 0.6774 (1.0s)
    epoch 24/34 loss 0.8876 val acc 0.6452 (1.0s)
    epoch 25/34 loss 0.8842 val acc 0.6774 (1.1s)
    epoch 26/34 loss 0.8848 val acc 0.6452 (1.0s)
    epoch 27/34 loss 0.8804 val acc 0.6774 (1.0s)
    epoch 28/34 loss 0.8799 val acc 0.6452 (1.0s)
    epoch 29/34 loss 0.8759 val acc 0.6774 (1.1s)
    epoch 30/34 loss 0.8767 val acc 0.6452 (1.0s)
    epoch 31/34 loss 0.8763 val acc 0.6452 (1.0s)
    epoch 32/34 loss 0.8757 val acc 0.6452 (1.1s)
    epoch 33/34 loss 0.8737 val acc 0.6452 (1.1s)
    epoch 34/34 loss 0.8762 val acc 0.6452 (1.0s)
  [customer_service.urgency] test acc 0.7100 macro-F1 0.4876 ECE 0.185 (T=1.02, 36s, 10.03M params)
-- typed-decisions 8+2 next seed2: 5 task(s)
  [customer_service.action] blocks split=8 depth=2, 5 labels, 269 train
    epoch 1/34 loss 1.4290 val acc 0.5484 (1.0s)
    epoch 2/34 loss 1.2986 val acc 0.5484 (1.0s)
    epoch 3/34 loss 1.2770 val acc 0.5484 (1.0s)
    epoch 4/34 loss 1.2555 val acc 0.4194 (1.0s)
    epoch 5/34 loss 1.2521 val acc 0.3548 (1.0s)
    epoch 6/34 loss 1.2351 val acc 0.5161 (1.1s)
    epoch 7/34 loss 1.2267 val acc 0.5161 (1.1s)
    epoch 8/34 loss 1.1922 val acc 0.5484 (1.0s)
    epoch 9/34 loss 1.1657 val acc 0.4839 (1.0s)
    epoch 10/34 loss 1.1508 val acc 0.6452 (1.1s)
    epoch 11/34 loss 1.1452 val acc 0.4839 (1.1s)
    epoch 12/34 loss 1.1145 val acc 0.6129 (1.0s)
    epoch 13/34 loss 1.1109 val acc 0.4839 (1.0s)
    epoch 14/34 loss 1.1085 val acc 0.6452 (1.0s)
    epoch 15/34 loss 1.0877 val acc 0.5161 (1.0s)
    epoch 16/34 loss 1.0683 val acc 0.4839 (1.0s)
    epoch 17/34 loss 1.0497 val acc 0.5161 (1.0s)
    epoch 18/34 loss 1.0286 val acc 0.6129 (1.0s)
    epoch 19/34 loss 1.0254 val acc 0.6129 (1.1s)
    epoch 20/34 loss 1.0093 val acc 0.5806 (1.0s)
    epoch 21/34 loss 0.9951 val acc 0.5806 (1.0s)
    epoch 22/34 loss 1.0013 val acc 0.5806 (1.0s)
    epoch 23/34 loss 0.9857 val acc 0.5806 (1.0s)
    epoch 24/34 loss 0.9753 val acc 0.5484 (1.0s)
    epoch 25/34 loss 0.9767 val acc 0.5806 (1.0s)
    epoch 26/34 loss 0.9702 val acc 0.5161 (1.1s)
    epoch 27/34 loss 0.9698 val acc 0.5806 (1.1s)
    epoch 28/34 loss 0.9641 val acc 0.5806 (1.0s)
    epoch 29/34 loss 0.9612 val acc 0.5806 (1.0s)
    epoch 30/34 loss 0.9598 val acc 0.5806 (1.0s)
    epoch 31/34 loss 0.9598 val acc 0.5806 (1.0s)
    epoch 32/34 loss 0.9587 val acc 0.5806 (1.0s)
    epoch 33/34 loss 0.9578 val acc 0.5806 (1.1s)
    epoch 34/34 loss 0.9584 val acc 0.5806 (1.0s)
  [customer_service.action] test acc 0.5600 macro-F1 0.3070 ECE 0.102 (T=1.30, 36s, 10.03M params)
  [customer_service.category] blocks split=8 depth=2, 5 labels, 269 train
    epoch 1/34 loss 2.1101 val acc 0.1290 (1.0s)
    epoch 2/34 loss 1.7026 val acc 0.2903 (1.1s)
    epoch 3/34 loss 1.6171 val acc 0.3548 (1.0s)
    epoch 4/34 loss 1.5598 val acc 0.3226 (1.0s)
    epoch 5/34 loss 1.4831 val acc 0.4194 (1.0s)
    epoch 6/34 loss 1.3861 val acc 0.3871 (1.0s)
    epoch 7/34 loss 1.1595 val acc 0.4194 (1.1s)
    epoch 8/34 loss 0.9373 val acc 0.5484 (1.0s)
    epoch 9/34 loss 0.7022 val acc 0.7742 (1.0s)
    epoch 10/34 loss 0.5829 val acc 0.7419 (1.0s)
    epoch 11/34 loss 0.5150 val acc 0.7419 (1.0s)
    epoch 12/34 loss 0.4932 val acc 0.8065 (1.0s)
    epoch 13/34 loss 0.4671 val acc 0.8065 (1.0s)
    epoch 14/34 loss 0.4626 val acc 0.7742 (1.0s)
    epoch 15/34 loss 0.4502 val acc 0.7742 (1.0s)
    epoch 16/34 loss 0.4413 val acc 0.7742 (1.1s)
    epoch 17/34 loss 0.4370 val acc 0.7742 (1.1s)
    epoch 18/34 loss 0.4293 val acc 0.7742 (1.1s)
    epoch 19/34 loss 0.4255 val acc 0.7742 (1.1s)
    epoch 20/34 loss 0.4222 val acc 0.8065 (1.0s)
    epoch 21/34 loss 0.4270 val acc 0.7742 (1.0s)
    epoch 22/34 loss 0.4239 val acc 0.7742 (1.0s)
    epoch 23/34 loss 0.4172 val acc 0.8065 (1.0s)
    epoch 24/34 loss 0.4152 val acc 0.8065 (1.0s)
    epoch 25/34 loss 0.4134 val acc 0.8065 (1.0s)
    epoch 26/34 loss 0.4102 val acc 0.8065 (1.1s)
    epoch 27/34 loss 0.4111 val acc 0.8065 (1.1s)
    epoch 28/34 loss 0.4112 val acc 0.7742 (1.0s)
    epoch 29/34 loss 0.4108 val acc 0.8065 (1.0s)
    epoch 30/34 loss 0.4092 val acc 0.7742 (1.0s)
    epoch 31/34 loss 0.4089 val acc 0.7742 (1.0s)
    epoch 32/34 loss 0.4088 val acc 0.7742 (1.0s)
    epoch 33/34 loss 0.4090 val acc 0.7742 (1.1s)
    epoch 34/34 loss 0.4087 val acc 0.7742 (1.0s)
  [customer_service.category] test acc 0.9300 macro-F1 0.9312 ECE 0.138 (T=1.07, 36s, 10.03M params)
  [customer_service.churn_risk] blocks split=8 depth=2, 4 labels, 269 train
    epoch 1/34 loss 1.4943 val acc 0.5161 (1.0s)
    epoch 2/34 loss 1.3410 val acc 0.3871 (1.0s)
    epoch 3/34 loss 1.3224 val acc 0.5161 (1.1s)
    epoch 4/34 loss 1.2978 val acc 0.5161 (1.0s)
    epoch 5/34 loss 1.2599 val acc 0.4194 (1.0s)
    epoch 6/34 loss 1.2324 val acc 0.5484 (1.1s)
    epoch 7/34 loss 1.1857 val acc 0.6452 (1.1s)
    epoch 8/34 loss 1.1121 val acc 0.5161 (1.0s)
    epoch 9/34 loss 1.0504 val acc 0.6129 (1.0s)
    epoch 10/34 loss 1.0147 val acc 0.7419 (1.0s)
    epoch 11/34 loss 0.9783 val acc 0.6452 (1.0s)
    epoch 12/34 loss 0.9728 val acc 0.7419 (1.0s)
    epoch 13/34 loss 0.9631 val acc 0.5806 (1.1s)
    epoch 14/34 loss 0.9533 val acc 0.6774 (1.0s)
    epoch 15/34 loss 0.9376 val acc 0.6774 (1.1s)
    epoch 16/34 loss 0.9207 val acc 0.7097 (1.0s)
    epoch 17/34 loss 0.9256 val acc 0.6129 (1.1s)
    epoch 18/34 loss 0.9387 val acc 0.7097 (1.0s)
    epoch 19/34 loss 0.9323 val acc 0.6774 (1.0s)
    epoch 20/34 loss 0.9086 val acc 0.7097 (1.0s)
    epoch 21/34 loss 0.9056 val acc 0.7419 (1.0s)
    epoch 22/34 loss 0.9039 val acc 0.7097 (1.0s)
    epoch 23/34 loss 0.9000 val acc 0.7419 (1.0s)
    epoch 24/34 loss 0.8970 val acc 0.7419 (1.0s)
    epoch 25/34 loss 0.8954 val acc 0.6774 (1.0s)
    epoch 26/34 loss 0.8961 val acc 0.7419 (1.1s)
    epoch 27/34 loss 0.8936 val acc 0.7097 (1.0s)
    epoch 28/34 loss 0.8901 val acc 0.7419 (1.0s)
    epoch 29/34 loss 0.8900 val acc 0.7097 (1.1s)
    epoch 30/34 loss 0.8895 val acc 0.7419 (1.0s)
    epoch 31/34 loss 0.8889 val acc 0.7097 (1.0s)
    epoch 32/34 loss 0.8883 val acc 0.7097 (1.0s)
    epoch 33/34 loss 0.8876 val acc 0.7097 (1.1s)
    epoch 34/34 loss 0.8884 val acc 0.7097 (1.0s)
  [customer_service.churn_risk] test acc 0.7800 macro-F1 0.5842 ECE 0.253 (T=1.29, 35s, 10.03M params)
  [customer_service.needs_human] blocks split=8 depth=2, 2 labels, 269 train
    epoch 1/34 loss 0.6924 val acc 0.7419 (1.0s)
    epoch 2/34 loss 0.6999 val acc 0.7419 (1.0s)
    epoch 3/34 loss 0.6705 val acc 0.7097 (1.0s)
    epoch 4/34 loss 0.6692 val acc 0.3226 (1.0s)
    epoch 5/34 loss 0.7236 val acc 0.7097 (1.0s)
    epoch 6/34 loss 0.6488 val acc 0.5161 (1.0s)
    epoch 7/34 loss 0.6450 val acc 0.5806 (1.0s)
    epoch 8/34 loss 0.6201 val acc 0.6774 (1.0s)
    epoch 9/34 loss 0.6215 val acc 0.5806 (1.1s)
    epoch 10/34 loss 0.6177 val acc 0.7742 (1.0s)
    epoch 11/34 loss 0.6177 val acc 0.8065 (1.1s)
    epoch 12/34 loss 0.6089 val acc 0.8387 (1.0s)
    epoch 13/34 loss 0.5981 val acc 0.5484 (1.1s)
    epoch 14/34 loss 0.6143 val acc 0.6129 (1.0s)
    epoch 15/34 loss 0.5955 val acc 0.6129 (1.0s)
    epoch 16/34 loss 0.5847 val acc 0.8065 (1.0s)
    epoch 17/34 loss 0.6093 val acc 0.6129 (1.0s)
    epoch 18/34 loss 0.5965 val acc 0.6129 (1.1s)
    epoch 19/34 loss 0.5753 val acc 0.6774 (1.0s)
    epoch 20/34 loss 0.5668 val acc 0.6129 (1.0s)
    epoch 21/34 loss 0.5653 val acc 0.6774 (1.0s)
    epoch 22/34 loss 0.5613 val acc 0.6774 (1.0s)
    epoch 23/34 loss 0.5586 val acc 0.6452 (1.0s)
    epoch 24/34 loss 0.5561 val acc 0.6129 (1.1s)
    epoch 25/34 loss 0.5557 val acc 0.6452 (1.0s)
    epoch 26/34 loss 0.5557 val acc 0.6129 (1.1s)
    epoch 27/34 loss 0.5506 val acc 0.6452 (1.1s)
    epoch 28/34 loss 0.5507 val acc 0.6129 (1.0s)
    epoch 29/34 loss 0.5495 val acc 0.6129 (1.1s)
    epoch 30/34 loss 0.5492 val acc 0.6129 (1.0s)
    epoch 31/34 loss 0.5480 val acc 0.6452 (1.0s)
    epoch 32/34 loss 0.5490 val acc 0.6452 (1.1s)
    epoch 33/34 loss 0.5482 val acc 0.6129 (1.1s)
    epoch 34/34 loss 0.5488 val acc 0.6129 (1.0s)
  [customer_service.needs_human] test acc 0.7800 macro-F1 0.7272 ECE 0.100 (T=1.13, 36s, 10.03M params)
  [customer_service.urgency] blocks split=8 depth=2, 4 labels, 269 train
    epoch 1/34 loss 1.3939 val acc 0.2581 (1.1s)
    epoch 2/34 loss 1.2415 val acc 0.3226 (1.1s)
    epoch 3/34 loss 1.2352 val acc 0.2581 (1.1s)
    epoch 4/34 loss 1.1948 val acc 0.5484 (1.0s)
    epoch 5/34 loss 1.1722 val acc 0.4839 (1.0s)
    epoch 6/34 loss 1.1593 val acc 0.4194 (1.0s)
    epoch 7/34 loss 1.1522 val acc 0.4839 (1.1s)
    epoch 8/34 loss 1.1330 val acc 0.3548 (1.0s)
    epoch 9/34 loss 1.1134 val acc 0.3548 (1.0s)
    epoch 10/34 loss 1.0882 val acc 0.6452 (1.0s)
    epoch 11/34 loss 1.0078 val acc 0.5161 (1.0s)
    epoch 12/34 loss 1.0313 val acc 0.6129 (1.0s)
    epoch 13/34 loss 1.0716 val acc 0.6452 (1.0s)
    epoch 14/34 loss 0.9752 val acc 0.6452 (1.0s)
    epoch 15/34 loss 0.9367 val acc 0.7419 (1.0s)
    epoch 16/34 loss 0.9215 val acc 0.7742 (1.0s)
    epoch 17/34 loss 0.9065 val acc 0.7419 (1.0s)
    epoch 18/34 loss 0.8979 val acc 0.6452 (1.0s)
    epoch 19/34 loss 0.8861 val acc 0.7742 (1.0s)
    epoch 20/34 loss 0.8841 val acc 0.7097 (1.0s)
    epoch 21/34 loss 0.8741 val acc 0.7097 (1.0s)
    epoch 22/34 loss 0.8723 val acc 0.7419 (1.0s)
    epoch 23/34 loss 0.8662 val acc 0.7419 (1.2s)
    epoch 24/34 loss 0.8593 val acc 0.7097 (1.2s)
    epoch 25/34 loss 0.8574 val acc 0.7097 (1.2s)
    epoch 26/34 loss 0.8543 val acc 0.7419 (1.2s)
    epoch 27/34 loss 0.8523 val acc 0.7097 (1.2s)
    epoch 28/34 loss 0.8521 val acc 0.7419 (1.2s)
    epoch 29/34 loss 0.8505 val acc 0.7097 (1.2s)
    epoch 30/34 loss 0.8490 val acc 0.7097 (1.2s)
    epoch 31/34 loss 0.8494 val acc 0.7419 (1.2s)
    epoch 32/34 loss 0.8489 val acc 0.7419 (1.2s)
    epoch 33/34 loss 0.8489 val acc 0.7419 (1.2s)
    epoch 34/34 loss 0.8490 val acc 0.7419 (1.2s)
  [customer_service.urgency] test acc 0.7700 macro-F1 0.5594 ECE 0.197 (T=1.06, 37s, 10.03M params)
-- typed-decisions 8+2 top seed2: 5 task(s)
  [customer_service.action] blocks split=8 depth=2, 5 labels, 269 train
    epoch 1/34 loss 1.6524 val acc 0.5484 (1.2s)
    epoch 2/34 loss 1.3270 val acc 0.5484 (1.2s)
    epoch 3/34 loss 1.3428 val acc 0.5484 (1.2s)
    epoch 4/34 loss 1.2729 val acc 0.4516 (1.2s)
    epoch 5/34 loss 1.2467 val acc 0.5161 (1.2s)
    epoch 6/34 loss 1.1803 val acc 0.5484 (1.2s)
    epoch 7/34 loss 1.2229 val acc 0.6774 (1.2s)
    epoch 8/34 loss 1.1565 val acc 0.5161 (1.2s)
    epoch 9/34 loss 1.1161 val acc 0.4516 (1.2s)
    epoch 10/34 loss 1.1447 val acc 0.4194 (1.2s)
    epoch 11/34 loss 1.0993 val acc 0.5484 (1.2s)
    epoch 12/34 loss 1.0611 val acc 0.5484 (1.2s)
    epoch 13/34 loss 1.0624 val acc 0.6452 (1.1s)
    epoch 14/34 loss 1.0492 val acc 0.5484 (1.2s)
    epoch 15/34 loss 1.0131 val acc 0.6774 (1.2s)
    epoch 16/34 loss 0.9953 val acc 0.7419 (1.2s)
    epoch 17/34 loss 0.9900 val acc 0.5484 (1.2s)
    epoch 18/34 loss 0.9698 val acc 0.7742 (1.2s)
    epoch 19/34 loss 0.9650 val acc 0.7097 (1.2s)
    epoch 20/34 loss 0.9638 val acc 0.5484 (1.2s)
    epoch 21/34 loss 0.9589 val acc 0.6129 (1.2s)
    epoch 22/34 loss 0.9528 val acc 0.6774 (1.2s)
    epoch 23/34 loss 0.9479 val acc 0.6129 (1.2s)
    epoch 24/34 loss 0.9421 val acc 0.5806 (1.2s)
    epoch 25/34 loss 0.9476 val acc 0.6452 (1.2s)
    epoch 26/34 loss 0.9437 val acc 0.7419 (1.2s)
    epoch 27/34 loss 0.9446 val acc 0.6452 (1.2s)
    epoch 28/34 loss 0.9406 val acc 0.6452 (1.2s)
    epoch 29/34 loss 0.9385 val acc 0.6774 (1.2s)
    epoch 30/34 loss 0.9363 val acc 0.6774 (1.2s)
    epoch 31/34 loss 0.9362 val acc 0.6452 (1.2s)
    epoch 32/34 loss 0.9366 val acc 0.6452 (1.2s)
    epoch 33/34 loss 0.9361 val acc 0.6129 (1.2s)
    epoch 34/34 loss 0.9349 val acc 0.6129 (1.2s)
  [customer_service.action] test acc 0.5400 macro-F1 0.3004 ECE 0.072 (T=1.17, 40s, 10.03M params)
  [customer_service.category] blocks split=8 depth=2, 5 labels, 269 train
    epoch 1/34 loss 1.7006 val acc 0.2258 (1.2s)
    epoch 2/34 loss 1.5852 val acc 0.3871 (1.2s)
    epoch 3/34 loss 1.4405 val acc 0.4194 (1.2s)
    epoch 4/34 loss 1.1846 val acc 0.5484 (1.2s)
    epoch 5/34 loss 0.8389 val acc 0.7097 (1.2s)
    epoch 6/34 loss 0.6497 val acc 0.6129 (1.2s)
    epoch 7/34 loss 0.6946 val acc 0.7742 (1.2s)
    epoch 8/34 loss 0.5857 val acc 0.8387 (1.2s)
    epoch 9/34 loss 0.5305 val acc 0.7742 (1.2s)
    epoch 10/34 loss 0.5150 val acc 0.8387 (1.2s)
    epoch 11/34 loss 0.4870 val acc 0.6452 (1.2s)
    epoch 12/34 loss 0.4785 val acc 0.7742 (1.2s)
    epoch 13/34 loss 0.4793 val acc 0.7097 (1.2s)
    epoch 14/34 loss 0.4373 val acc 0.7097 (1.2s)
    epoch 15/34 loss 0.4317 val acc 0.7742 (1.2s)
    epoch 16/34 loss 0.4337 val acc 0.8710 (1.2s)
    epoch 17/34 loss 0.4400 val acc 0.9032 (1.2s)
    epoch 18/34 loss 0.4230 val acc 0.8387 (1.2s)
    epoch 19/34 loss 0.4156 val acc 0.8387 (1.2s)
    epoch 20/34 loss 0.4155 val acc 0.8387 (1.2s)
    epoch 21/34 loss 0.4128 val acc 0.8387 (1.2s)
    epoch 22/34 loss 0.4108 val acc 0.8387 (1.2s)
    epoch 23/34 loss 0.4089 val acc 0.8710 (1.2s)
    epoch 24/34 loss 0.4080 val acc 0.7742 (1.2s)
    epoch 25/34 loss 0.4109 val acc 0.8710 (1.2s)
    epoch 26/34 loss 0.4059 val acc 0.8387 (1.2s)
    epoch 27/34 loss 0.4068 val acc 0.8710 (1.2s)
    epoch 28/34 loss 0.4040 val acc 0.8387 (1.2s)
    epoch 29/34 loss 0.4026 val acc 0.8387 (1.2s)
    epoch 30/34 loss 0.4035 val acc 0.8387 (1.1s)
    epoch 31/34 loss 0.4031 val acc 0.8387 (1.1s)
    epoch 32/34 loss 0.4037 val acc 0.8387 (1.2s)
    epoch 33/34 loss 0.4023 val acc 0.8387 (1.2s)
    epoch 34/34 loss 0.4021 val acc 0.8387 (1.2s)
  [customer_service.category] test acc 0.8500 macro-F1 0.8187 ECE 0.082 (T=0.98, 40s, 10.03M params)
  [customer_service.churn_risk] blocks split=8 depth=2, 4 labels, 269 train
    epoch 1/34 loss 1.4599 val acc 0.5161 (1.2s)
    epoch 2/34 loss 1.3588 val acc 0.4516 (1.2s)
    epoch 3/34 loss 1.2787 val acc 0.4839 (1.2s)
    epoch 4/34 loss 1.3089 val acc 0.4516 (1.2s)
    epoch 5/34 loss 1.2280 val acc 0.2581 (1.2s)
    epoch 6/34 loss 1.1598 val acc 0.4839 (1.2s)
    epoch 7/34 loss 1.4212 val acc 0.5161 (1.2s)
    epoch 8/34 loss 1.1336 val acc 0.5484 (1.2s)
    epoch 9/34 loss 1.1213 val acc 0.5484 (1.2s)
    epoch 10/34 loss 1.0929 val acc 0.7419 (1.2s)
    epoch 11/34 loss 1.0495 val acc 0.5484 (1.2s)
    epoch 12/34 loss 0.9841 val acc 0.5806 (1.2s)
    epoch 13/34 loss 0.9804 val acc 0.6452 (1.2s)
    epoch 14/34 loss 0.9736 val acc 0.7419 (1.2s)
    epoch 15/34 loss 0.9495 val acc 0.6774 (1.2s)
    epoch 16/34 loss 0.9409 val acc 0.7419 (1.2s)
    epoch 17/34 loss 0.9283 val acc 0.7742 (1.2s)
    epoch 18/34 loss 0.9320 val acc 0.6452 (1.2s)
    epoch 19/34 loss 0.9587 val acc 0.7742 (1.2s)
    epoch 20/34 loss 0.9311 val acc 0.8387 (1.2s)
    epoch 21/34 loss 0.9179 val acc 0.7419 (1.2s)
    epoch 22/34 loss 0.9055 val acc 0.7742 (1.2s)
    epoch 23/34 loss 0.8967 val acc 0.7742 (1.2s)
    epoch 24/34 loss 0.8914 val acc 0.7419 (1.2s)
    epoch 25/34 loss 0.8907 val acc 0.6452 (1.2s)
    epoch 26/34 loss 0.8921 val acc 0.7742 (1.2s)
    epoch 27/34 loss 0.8885 val acc 0.7097 (1.2s)
    epoch 28/34 loss 0.8882 val acc 0.7742 (1.2s)
    epoch 29/34 loss 0.8887 val acc 0.7097 (1.2s)
    epoch 30/34 loss 0.8870 val acc 0.7097 (1.2s)
    epoch 31/34 loss 0.8848 val acc 0.7742 (1.2s)
    epoch 32/34 loss 0.8850 val acc 0.7742 (1.2s)
    epoch 33/34 loss 0.8849 val acc 0.7742 (1.2s)
    epoch 34/34 loss 0.8847 val acc 0.7742 (1.2s)
  [customer_service.churn_risk] test acc 0.6800 macro-F1 0.5011 ECE 0.157 (T=1.04, 40s, 10.03M params)
  [customer_service.needs_human] blocks split=8 depth=2, 2 labels, 269 train
    epoch 1/34 loss 0.7249 val acc 0.7419 (1.2s)
    epoch 2/34 loss 0.6943 val acc 0.7419 (1.2s)
    epoch 3/34 loss 0.6795 val acc 0.7742 (1.2s)
    epoch 4/34 loss 0.7705 val acc 0.7419 (1.2s)
    epoch 5/34 loss 0.6879 val acc 0.7419 (1.2s)
    epoch 6/34 loss 0.6970 val acc 0.6452 (1.2s)
    epoch 7/34 loss 0.6809 val acc 0.8065 (1.2s)
    epoch 8/34 loss 0.6402 val acc 0.7419 (1.2s)
    epoch 9/34 loss 0.6177 val acc 0.7742 (1.2s)
    epoch 10/34 loss 0.6439 val acc 0.8065 (1.2s)
    epoch 11/34 loss 0.6160 val acc 0.3871 (1.2s)
    epoch 12/34 loss 0.6325 val acc 0.8710 (1.2s)
    epoch 13/34 loss 0.6013 val acc 0.7419 (1.2s)
    epoch 14/34 loss 0.7725 val acc 0.8710 (1.2s)
    epoch 15/34 loss 0.7010 val acc 0.3871 (1.2s)
    epoch 16/34 loss 0.5905 val acc 0.8065 (1.2s)
    epoch 17/34 loss 0.5774 val acc 0.3871 (1.2s)
    epoch 18/34 loss 0.6304 val acc 0.7742 (1.2s)
    epoch 19/34 loss 0.5615 val acc 0.7419 (1.2s)
    epoch 20/34 loss 0.5746 val acc 0.8387 (1.2s)
    epoch 21/34 loss 0.5636 val acc 0.8065 (1.2s)
    epoch 22/34 loss 0.5520 val acc 0.8065 (1.2s)
    epoch 23/34 loss 0.5518 val acc 0.8710 (1.2s)
    epoch 24/34 loss 0.5652 val acc 0.5161 (1.2s)
    epoch 25/34 loss 0.5856 val acc 0.8065 (1.2s)
    epoch 26/34 loss 0.5515 val acc 0.6774 (1.2s)
    epoch 27/34 loss 0.5497 val acc 0.8065 (1.2s)
    epoch 28/34 loss 0.5469 val acc 0.7419 (1.2s)
    epoch 29/34 loss 0.5455 val acc 0.8065 (1.2s)
    epoch 30/34 loss 0.5436 val acc 0.7419 (1.2s)
    epoch 31/34 loss 0.5436 val acc 0.7419 (1.2s)
    epoch 32/34 loss 0.5435 val acc 0.7742 (1.1s)
    epoch 33/34 loss 0.5438 val acc 0.7742 (1.2s)
    epoch 34/34 loss 0.5438 val acc 0.7742 (1.2s)
  [customer_service.needs_human] test acc 0.7300 macro-F1 0.6534 ECE 0.091 (T=0.90, 40s, 10.03M params)
  [customer_service.urgency] blocks split=8 depth=2, 4 labels, 269 train
    epoch 1/34 loss 1.4089 val acc 0.4516 (1.2s)
    epoch 2/34 loss 1.2263 val acc 0.2581 (1.2s)
    epoch 3/34 loss 1.2294 val acc 0.2581 (1.2s)
    epoch 4/34 loss 1.1984 val acc 0.4839 (1.1s)
    epoch 5/34 loss 1.2025 val acc 0.5161 (1.1s)
    epoch 6/34 loss 1.1331 val acc 0.4194 (1.0s)
    epoch 7/34 loss 1.1161 val acc 0.3548 (1.0s)
    epoch 8/34 loss 1.0709 val acc 0.6129 (1.0s)
    epoch 9/34 loss 1.1235 val acc 0.5484 (1.0s)
    epoch 10/34 loss 1.0876 val acc 0.5161 (1.0s)
    epoch 11/34 loss 0.9780 val acc 0.6452 (1.1s)
    epoch 12/34 loss 0.9573 val acc 0.5806 (1.0s)
    epoch 13/34 loss 1.0466 val acc 0.6129 (1.0s)
    epoch 14/34 loss 0.9529 val acc 0.6452 (1.1s)
    epoch 15/34 loss 0.9041 val acc 0.6452 (1.0s)
    epoch 16/34 loss 0.9013 val acc 0.6129 (1.0s)
    epoch 17/34 loss 0.9379 val acc 0.6129 (1.0s)
    epoch 18/34 loss 0.8983 val acc 0.6129 (1.0s)
    epoch 19/34 loss 0.8786 val acc 0.5806 (1.0s)
    epoch 20/34 loss 0.8806 val acc 0.6129 (1.0s)
    epoch 21/34 loss 0.8652 val acc 0.6129 (1.0s)
    epoch 22/34 loss 0.8744 val acc 0.5161 (1.0s)
    epoch 23/34 loss 0.8619 val acc 0.5806 (1.0s)
    epoch 24/34 loss 0.8517 val acc 0.6129 (1.0s)
    epoch 25/34 loss 0.8494 val acc 0.5806 (1.1s)
    epoch 26/34 loss 0.8521 val acc 0.6129 (1.0s)
    epoch 27/34 loss 0.8519 val acc 0.6129 (1.1s)
    epoch 28/34 loss 0.8485 val acc 0.6129 (1.0s)
    epoch 29/34 loss 0.8458 val acc 0.6129 (1.1s)
    epoch 30/34 loss 0.8437 val acc 0.6774 (1.0s)
    epoch 31/34 loss 0.8431 val acc 0.6129 (1.0s)
    epoch 32/34 loss 0.8425 val acc 0.6129 (1.0s)
    epoch 33/34 loss 0.8429 val acc 0.6129 (1.0s)
    epoch 34/34 loss 0.8414 val acc 0.6129 (1.1s)
  [customer_service.urgency] test acc 0.6600 macro-F1 0.4703 ECE 0.181 (T=1.22, 36s, 10.03M params)
-- typed-decisions 8+2 random seed2: 5 task(s)
  [customer_service.action] blocks split=8 depth=2, 5 labels, 269 train
    epoch 1/34 loss 1.5405 val acc 0.5484 (1.0s)
    epoch 2/34 loss 1.3402 val acc 0.5484 (1.0s)
    epoch 3/34 loss 1.2999 val acc 0.5484 (1.1s)
    epoch 4/34 loss 1.2745 val acc 0.5161 (1.1s)
    epoch 5/34 loss 1.2745 val acc 0.5161 (1.1s)
    epoch 6/34 loss 1.2538 val acc 0.5161 (1.0s)
    epoch 7/34 loss 1.2383 val acc 0.5484 (1.0s)
    epoch 8/34 loss 1.2231 val acc 0.5161 (1.0s)
    epoch 9/34 loss 1.2126 val acc 0.5161 (1.1s)
    epoch 10/34 loss 1.1941 val acc 0.5484 (1.0s)
    epoch 11/34 loss 1.1717 val acc 0.5161 (1.0s)
    epoch 12/34 loss 1.1611 val acc 0.5806 (1.0s)
    epoch 13/34 loss 1.1424 val acc 0.5161 (1.0s)
    epoch 14/34 loss 1.1234 val acc 0.6129 (1.0s)
    epoch 15/34 loss 1.1094 val acc 0.6774 (1.0s)
    epoch 16/34 loss 1.0985 val acc 0.6452 (1.0s)
    epoch 17/34 loss 1.0894 val acc 0.6452 (1.0s)
    epoch 18/34 loss 1.0816 val acc 0.7097 (1.0s)
    epoch 19/34 loss 1.0666 val acc 0.7097 (1.1s)
    epoch 20/34 loss 1.0598 val acc 0.6129 (1.0s)
    epoch 21/34 loss 1.0519 val acc 0.6774 (1.0s)
    epoch 22/34 loss 1.0411 val acc 0.6452 (1.0s)
    epoch 23/34 loss 1.0332 val acc 0.6452 (1.0s)
    epoch 24/34 loss 1.0252 val acc 0.6452 (1.1s)
    epoch 25/34 loss 1.0224 val acc 0.6129 (1.0s)
    epoch 26/34 loss 1.0195 val acc 0.6452 (1.0s)
    epoch 27/34 loss 1.0158 val acc 0.6452 (1.1s)
    epoch 28/34 loss 1.0133 val acc 0.6129 (1.0s)
    epoch 29/34 loss 1.0099 val acc 0.6452 (1.0s)
    epoch 30/34 loss 1.0086 val acc 0.6129 (1.0s)
    epoch 31/34 loss 1.0065 val acc 0.6452 (1.0s)
    epoch 32/34 loss 1.0075 val acc 0.6452 (1.0s)
    epoch 33/34 loss 1.0056 val acc 0.6452 (1.1s)
    epoch 34/34 loss 1.0082 val acc 0.6452 (1.0s)
  [customer_service.action] test acc 0.6100 macro-F1 0.3229 ECE 0.084 (T=1.05, 36s, 10.03M params)
  [customer_service.category] blocks split=8 depth=2, 5 labels, 269 train
    epoch 1/34 loss 1.9436 val acc 0.1290 (1.0s)
    epoch 2/34 loss 1.6732 val acc 0.1290 (1.0s)
    epoch 3/34 loss 1.6205 val acc 0.3548 (1.0s)
    epoch 4/34 loss 1.5959 val acc 0.3548 (1.0s)
    epoch 5/34 loss 1.5350 val acc 0.3226 (1.0s)
    epoch 6/34 loss 1.5045 val acc 0.2903 (1.0s)
    epoch 7/34 loss 1.4219 val acc 0.3226 (1.0s)
    epoch 8/34 loss 1.1991 val acc 0.4194 (1.0s)
    epoch 9/34 loss 0.8497 val acc 0.6774 (1.0s)
    epoch 10/34 loss 0.6937 val acc 0.6774 (1.0s)
    epoch 11/34 loss 0.6259 val acc 0.7742 (1.0s)
    epoch 12/34 loss 0.5394 val acc 0.7742 (1.0s)
    epoch 13/34 loss 0.5201 val acc 0.7097 (1.1s)
    epoch 14/34 loss 0.4955 val acc 0.7419 (1.0s)
    epoch 15/34 loss 0.4864 val acc 0.8065 (1.0s)
    epoch 16/34 loss 0.4719 val acc 0.8065 (1.0s)
    epoch 17/34 loss 0.4703 val acc 0.7742 (1.0s)
    epoch 18/34 loss 0.4539 val acc 0.7742 (1.0s)
    epoch 19/34 loss 0.4496 val acc 0.8065 (1.0s)
    epoch 20/34 loss 0.4424 val acc 0.7742 (1.0s)
    epoch 21/34 loss 0.4399 val acc 0.8065 (1.0s)
    epoch 22/34 loss 0.4382 val acc 0.8065 (1.0s)
    epoch 23/34 loss 0.4330 val acc 0.8065 (1.0s)
    epoch 24/34 loss 0.4327 val acc 0.8387 (1.0s)
    epoch 25/34 loss 0.4312 val acc 0.8065 (1.0s)
    epoch 26/34 loss 0.4286 val acc 0.8065 (1.0s)
    epoch 27/34 loss 0.4280 val acc 0.8065 (1.1s)
    epoch 28/34 loss 0.4288 val acc 0.8387 (1.1s)
    epoch 29/34 loss 0.4273 val acc 0.8065 (1.0s)
    epoch 30/34 loss 0.4257 val acc 0.8065 (1.0s)
    epoch 31/34 loss 0.4257 val acc 0.8387 (1.1s)
    epoch 32/34 loss 0.4248 val acc 0.8387 (1.1s)
    epoch 33/34 loss 0.4251 val acc 0.8387 (1.0s)
    epoch 34/34 loss 0.4257 val acc 0.8387 (1.1s)
  [customer_service.category] test acc 0.9100 macro-F1 0.8951 ECE 0.104 (T=1.09, 35s, 10.03M params)
  [customer_service.churn_risk] blocks split=8 depth=2, 4 labels, 269 train
    epoch 1/34 loss 1.4092 val acc 0.5161 (1.0s)
    epoch 2/34 loss 1.3303 val acc 0.5484 (1.0s)
    epoch 3/34 loss 1.3221 val acc 0.5161 (1.0s)
    epoch 4/34 loss 1.3120 val acc 0.5484 (1.0s)
    epoch 5/34 loss 1.2786 val acc 0.4516 (1.0s)
    epoch 6/34 loss 1.2688 val acc 0.5161 (1.0s)
    epoch 7/34 loss 1.2544 val acc 0.5484 (1.0s)
    epoch 8/34 loss 1.2368 val acc 0.5484 (1.0s)
    epoch 9/34 loss 1.2020 val acc 0.6129 (1.0s)
    epoch 10/34 loss 1.1333 val acc 0.6129 (1.1s)
    epoch 11/34 loss 1.1118 val acc 0.6452 (1.0s)
    epoch 12/34 loss 1.0475 val acc 0.6452 (1.0s)
    epoch 13/34 loss 1.0226 val acc 0.6452 (1.0s)
    epoch 14/34 loss 0.9902 val acc 0.6452 (1.1s)
    epoch 15/34 loss 0.9694 val acc 0.6774 (1.0s)
    epoch 16/34 loss 0.9668 val acc 0.7097 (1.0s)
    epoch 17/34 loss 0.9469 val acc 0.6452 (1.0s)
    epoch 18/34 loss 0.9397 val acc 0.6129 (1.0s)
    epoch 19/34 loss 0.9345 val acc 0.6452 (1.1s)
    epoch 20/34 loss 0.9245 val acc 0.7419 (1.0s)
    epoch 21/34 loss 0.9132 val acc 0.6129 (1.0s)
    epoch 22/34 loss 0.9201 val acc 0.7097 (1.1s)
    epoch 23/34 loss 0.9142 val acc 0.6774 (1.1s)
    epoch 24/34 loss 0.9087 val acc 0.6774 (1.0s)
    epoch 25/34 loss 0.9061 val acc 0.6774 (1.0s)
    epoch 26/34 loss 0.9036 val acc 0.7097 (1.1s)
    epoch 27/34 loss 0.9027 val acc 0.7419 (1.1s)
    epoch 28/34 loss 0.9017 val acc 0.6774 (1.0s)
    epoch 29/34 loss 0.9007 val acc 0.7097 (1.0s)
    epoch 30/34 loss 0.8988 val acc 0.7097 (1.0s)
    epoch 31/34 loss 0.8991 val acc 0.7419 (1.0s)
    epoch 32/34 loss 0.8993 val acc 0.7097 (1.0s)
    epoch 33/34 loss 0.8991 val acc 0.7097 (1.0s)
    epoch 34/34 loss 0.8985 val acc 0.7097 (1.1s)
  [customer_service.churn_risk] test acc 0.7500 macro-F1 0.6809 ECE 0.224 (T=1.26, 36s, 10.03M params)
  [customer_service.needs_human] blocks split=8 depth=2, 2 labels, 269 train
    epoch 1/34 loss 0.7010 val acc 0.7419 (1.0s)
    epoch 2/34 loss 0.7151 val acc 0.7419 (1.0s)
    epoch 3/34 loss 0.6854 val acc 0.6452 (1.0s)
    epoch 4/34 loss 0.6892 val acc 0.5806 (1.0s)
    epoch 5/34 loss 0.6796 val acc 0.7742 (1.1s)
    epoch 6/34 loss 0.6625 val acc 0.7419 (1.0s)
    epoch 7/34 loss 0.6653 val acc 0.7742 (1.1s)
    epoch 8/34 loss 0.6577 val acc 0.7419 (1.0s)
    epoch 9/34 loss 0.6576 val acc 0.7419 (1.0s)
    epoch 10/34 loss 0.6552 val acc 0.7419 (1.0s)
    epoch 11/34 loss 0.6438 val acc 0.7742 (1.0s)
    epoch 12/34 loss 0.6478 val acc 0.8065 (1.0s)
    epoch 13/34 loss 0.6157 val acc 0.7742 (1.1s)
    epoch 14/34 loss 0.6289 val acc 0.7742 (1.0s)
    epoch 15/34 loss 0.6048 val acc 0.7097 (1.0s)
    epoch 16/34 loss 0.6008 val acc 0.7419 (1.0s)
    epoch 17/34 loss 0.5957 val acc 0.5484 (1.0s)
    epoch 18/34 loss 0.6050 val acc 0.8710 (1.0s)
    epoch 19/34 loss 0.6048 val acc 0.8387 (1.0s)
    epoch 20/34 loss 0.5946 val acc 0.7742 (1.0s)
    epoch 21/34 loss 0.5882 val acc 0.8065 (1.0s)
    epoch 22/34 loss 0.5809 val acc 0.8065 (1.0s)
    epoch 23/34 loss 0.5782 val acc 0.8065 (1.0s)
    epoch 24/34 loss 0.5752 val acc 0.7419 (1.0s)
    epoch 25/34 loss 0.5744 val acc 0.7742 (1.0s)
    epoch 26/34 loss 0.5735 val acc 0.8065 (1.1s)
    epoch 27/34 loss 0.5711 val acc 0.8065 (1.0s)
    epoch 28/34 loss 0.5726 val acc 0.7742 (1.0s)
    epoch 29/34 loss 0.5708 val acc 0.8065 (1.0s)
    epoch 30/34 loss 0.5678 val acc 0.7742 (1.0s)
    epoch 31/34 loss 0.5681 val acc 0.7742 (1.0s)
    epoch 32/34 loss 0.5697 val acc 0.7742 (1.0s)
    epoch 33/34 loss 0.5687 val acc 0.8065 (1.1s)
    epoch 34/34 loss 0.5683 val acc 0.8065 (1.0s)
  [customer_service.needs_human] test acc 0.8100 macro-F1 0.7669 ECE 0.102 (T=0.84, 35s, 10.03M params)
  [customer_service.urgency] blocks split=8 depth=2, 4 labels, 269 train
    epoch 1/34 loss 1.3161 val acc 0.4839 (1.0s)
    epoch 2/34 loss 1.2260 val acc 0.5161 (1.0s)
    epoch 3/34 loss 1.2289 val acc 0.2903 (1.0s)
    epoch 4/34 loss 1.1964 val acc 0.5484 (1.1s)
    epoch 5/34 loss 1.1779 val acc 0.5161 (1.0s)
    epoch 6/34 loss 1.1709 val acc 0.3548 (1.0s)
    epoch 7/34 loss 1.1565 val acc 0.4839 (1.0s)
    epoch 8/34 loss 1.1434 val acc 0.5484 (1.0s)
    epoch 9/34 loss 1.1295 val acc 0.5806 (1.0s)
    epoch 10/34 loss 1.0884 val acc 0.5806 (1.1s)
    epoch 11/34 loss 1.0104 val acc 0.7097 (1.2s)
    epoch 12/34 loss 0.9797 val acc 0.5806 (1.2s)
    epoch 13/34 loss 0.9811 val acc 0.5806 (1.2s)
    epoch 14/34 loss 0.9472 val acc 0.6129 (1.1s)
    epoch 15/34 loss 0.9398 val acc 0.6774 (1.2s)
    epoch 16/34 loss 0.9358 val acc 0.6452 (1.2s)
    epoch 17/34 loss 0.9260 val acc 0.7097 (1.2s)
    epoch 18/34 loss 0.9150 val acc 0.6774 (1.2s)
    epoch 19/34 loss 0.9167 val acc 0.6452 (1.2s)
    epoch 20/34 loss 0.9039 val acc 0.6774 (1.2s)
    epoch 21/34 loss 0.8953 val acc 0.7097 (1.2s)
    epoch 22/34 loss 0.8959 val acc 0.7097 (1.2s)
    epoch 23/34 loss 0.8898 val acc 0.7097 (1.2s)
    epoch 24/34 loss 0.8849 val acc 0.6452 (1.2s)
    epoch 25/34 loss 0.8842 val acc 0.7097 (1.2s)
    epoch 26/34 loss 0.8790 val acc 0.7097 (1.2s)
    epoch 27/34 loss 0.8770 val acc 0.7097 (1.2s)
    epoch 28/34 loss 0.8751 val acc 0.6774 (1.2s)
    epoch 29/34 loss 0.8751 val acc 0.6774 (1.2s)
    epoch 30/34 loss 0.8723 val acc 0.6774 (1.2s)
    epoch 31/34 loss 0.8727 val acc 0.6774 (1.2s)
    epoch 32/34 loss 0.8720 val acc 0.6774 (1.2s)
    epoch 33/34 loss 0.8722 val acc 0.6774 (1.2s)
    epoch 34/34 loss 0.8725 val acc 0.6774 (1.2s)
  [customer_service.urgency] test acc 0.7300 macro-F1 0.5223 ECE 0.183 (T=1.04, 39s, 10.03M params)
-- typed-decisions 14+2 next seed0: 5 task(s)
  cached trunk depth 14 for 1600 messages in 3.6s (559 MB)
  [customer_service.action] blocks split=14 depth=2, 5 labels, 269 train
    epoch 1/34 loss 1.5713 val acc 0.5484 (1.2s)
    epoch 2/34 loss 1.3623 val acc 0.4839 (1.2s)
    epoch 3/34 loss 1.3076 val acc 0.4516 (1.2s)
    epoch 4/34 loss 1.2752 val acc 0.5161 (1.2s)
    epoch 5/34 loss 1.2455 val acc 0.5161 (1.2s)
    epoch 6/34 loss 1.2554 val acc 0.5484 (1.2s)
    epoch 7/34 loss 1.2540 val acc 0.2903 (1.2s)
    epoch 8/34 loss 1.2442 val acc 0.5484 (1.2s)
    epoch 9/34 loss 1.2165 val acc 0.5161 (1.2s)
    epoch 10/34 loss 1.1573 val acc 0.5161 (1.2s)
    epoch 11/34 loss 1.1373 val acc 0.5484 (1.2s)
    epoch 12/34 loss 1.1111 val acc 0.5484 (1.2s)
    epoch 13/34 loss 1.0867 val acc 0.6452 (1.2s)
    epoch 14/34 loss 1.0673 val acc 0.6452 (1.2s)
    epoch 15/34 loss 1.0467 val acc 0.7419 (1.2s)
    epoch 16/34 loss 1.0291 val acc 0.6774 (1.2s)
    epoch 17/34 loss 1.0181 val acc 0.7097 (1.2s)
    epoch 18/34 loss 1.0137 val acc 0.5806 (1.2s)
    epoch 19/34 loss 0.9998 val acc 0.5806 (1.2s)
    epoch 20/34 loss 0.9921 val acc 0.6129 (1.2s)
    epoch 21/34 loss 0.9829 val acc 0.6774 (1.2s)
    epoch 22/34 loss 0.9768 val acc 0.6452 (1.2s)
    epoch 23/34 loss 0.9698 val acc 0.5484 (1.2s)
    epoch 24/34 loss 0.9734 val acc 0.6129 (1.2s)
    epoch 25/34 loss 0.9616 val acc 0.6452 (1.2s)
    epoch 26/34 loss 0.9572 val acc 0.6452 (1.2s)
    epoch 27/34 loss 0.9545 val acc 0.6452 (1.2s)
    epoch 28/34 loss 0.9526 val acc 0.6452 (1.2s)
    epoch 29/34 loss 0.9504 val acc 0.6129 (1.2s)
    epoch 30/34 loss 0.9499 val acc 0.6452 (1.2s)
    epoch 31/34 loss 0.9503 val acc 0.6452 (1.2s)
    epoch 32/34 loss 0.9499 val acc 0.6452 (1.2s)
    epoch 33/34 loss 0.9488 val acc 0.6452 (1.2s)
    epoch 34/34 loss 0.9492 val acc 0.6452 (1.2s)
  [customer_service.action] test acc 0.6200 macro-F1 0.3424 ECE 0.106 (T=1.14, 40s, 10.03M params)
  [customer_service.category] blocks split=14 depth=2, 5 labels, 269 train
    epoch 1/34 loss 1.6506 val acc 0.1935 (1.2s)
    epoch 2/34 loss 1.5751 val acc 0.1290 (1.2s)
    epoch 3/34 loss 1.5464 val acc 0.3548 (1.2s)
    epoch 4/34 loss 1.5078 val acc 0.1613 (1.2s)
    epoch 5/34 loss 1.3406 val acc 0.6452 (1.2s)
    epoch 6/34 loss 0.9223 val acc 0.7097 (1.2s)
    epoch 7/34 loss 0.6512 val acc 0.6774 (1.2s)
    epoch 8/34 loss 0.5734 val acc 0.7742 (1.2s)
    epoch 9/34 loss 0.5421 val acc 0.7419 (1.2s)
    epoch 10/34 loss 0.5059 val acc 0.7742 (1.2s)
    epoch 11/34 loss 0.4767 val acc 0.8065 (1.2s)
    epoch 12/34 loss 0.4585 val acc 0.7742 (1.2s)
    epoch 13/34 loss 0.4553 val acc 0.8065 (1.2s)
    epoch 14/34 loss 0.4387 val acc 0.7742 (1.1s)
    epoch 15/34 loss 0.4283 val acc 0.7419 (1.1s)
    epoch 16/34 loss 0.4271 val acc 0.8065 (1.0s)
    epoch 17/34 loss 0.4257 val acc 0.7419 (1.0s)
    epoch 18/34 loss 0.4191 val acc 0.7742 (1.0s)
    epoch 19/34 loss 0.4165 val acc 0.7742 (1.0s)
    epoch 20/34 loss 0.4144 val acc 0.7742 (1.0s)
    epoch 21/34 loss 0.4165 val acc 0.7742 (1.0s)
    epoch 22/34 loss 0.4108 val acc 0.7742 (1.0s)
    epoch 23/34 loss 0.4096 val acc 0.7742 (1.0s)
    epoch 24/34 loss 0.4100 val acc 0.7742 (1.0s)
    epoch 25/34 loss 0.4090 val acc 0.7742 (1.1s)
    epoch 26/34 loss 0.4080 val acc 0.7742 (1.1s)
    epoch 27/34 loss 0.4064 val acc 0.7742 (1.1s)
    epoch 28/34 loss 0.4075 val acc 0.7742 (1.1s)
    epoch 29/34 loss 0.4067 val acc 0.7742 (1.1s)
    epoch 30/34 loss 0.4067 val acc 0.7742 (1.1s)
    epoch 31/34 loss 0.4065 val acc 0.7742 (1.1s)
    epoch 32/34 loss 0.4051 val acc 0.7742 (1.1s)
    epoch 33/34 loss 0.4058 val acc 0.7742 (1.1s)
    epoch 34/34 loss 0.4065 val acc 0.7742 (1.1s)
  [customer_service.category] test acc 0.9000 macro-F1 0.9009 ECE 0.126 (T=1.22, 37s, 10.03M params)
  [customer_service.churn_risk] blocks split=14 depth=2, 4 labels, 269 train
    epoch 1/34 loss 1.5090 val acc 0.5161 (1.0s)
    epoch 2/34 loss 1.3366 val acc 0.3548 (1.3s)
    epoch 3/34 loss 1.3029 val acc 0.5161 (1.3s)
    epoch 4/34 loss 1.2788 val acc 0.5161 (1.4s)
    epoch 5/34 loss 1.2513 val acc 0.2903 (1.4s)
    epoch 6/34 loss 1.2412 val acc 0.3871 (1.4s)
    epoch 7/34 loss 1.2035 val acc 0.4516 (1.4s)
    epoch 8/34 loss 1.1485 val acc 0.6774 (1.3s)
    epoch 9/34 loss 1.1074 val acc 0.6774 (1.4s)
    epoch 10/34 loss 1.0296 val acc 0.7419 (1.3s)
    epoch 11/34 loss 1.0019 val acc 0.6774 (1.3s)
    epoch 12/34 loss 0.9833 val acc 0.8065 (1.3s)
    epoch 13/34 loss 0.9791 val acc 0.7419 (1.4s)
    epoch 14/34 loss 0.9566 val acc 0.6774 (1.4s)
    epoch 15/34 loss 0.9434 val acc 0.7419 (1.4s)
    epoch 16/34 loss 0.9261 val acc 0.7742 (1.3s)
    epoch 17/34 loss 0.9148 val acc 0.7419 (1.4s)
    epoch 18/34 loss 0.9069 val acc 0.7742 (1.4s)
    epoch 19/34 loss 0.9015 val acc 0.7742 (1.4s)
    epoch 20/34 loss 0.8971 val acc 0.8065 (1.3s)
    epoch 21/34 loss 0.8933 val acc 0.7419 (1.3s)
    epoch 22/34 loss 0.8953 val acc 0.7742 (1.4s)
    epoch 23/34 loss 0.8914 val acc 0.7742 (1.3s)
    epoch 24/34 loss 0.8902 val acc 0.8065 (1.4s)
    epoch 25/34 loss 0.8872 val acc 0.8387 (1.4s)
    epoch 26/34 loss 0.8852 val acc 0.8065 (1.4s)
    epoch 27/34 loss 0.8851 val acc 0.8387 (1.3s)
    epoch 28/34 loss 0.8855 val acc 0.8387 (1.3s)
    epoch 29/34 loss 0.8837 val acc 0.8387 (1.4s)
    epoch 30/34 loss 0.8837 val acc 0.8387 (1.4s)
    epoch 31/34 loss 0.8843 val acc 0.8387 (1.4s)
    epoch 32/34 loss 0.8832 val acc 0.8387 (1.4s)
    epoch 33/34 loss 0.8835 val acc 0.8387 (1.3s)
    epoch 34/34 loss 0.8836 val acc 0.8387 (1.4s)
  [customer_service.churn_risk] test acc 0.8000 macro-F1 0.6024 ECE 0.258 (T=1.12, 46s, 10.03M params)
  [customer_service.needs_human] blocks split=14 depth=2, 2 labels, 269 train
    epoch 1/34 loss 0.6950 val acc 0.7419 (1.3s)
    epoch 2/34 loss 0.6957 val acc 0.7419 (1.4s)
    epoch 3/34 loss 0.6791 val acc 0.3871 (1.4s)
    epoch 4/34 loss 0.6646 val acc 0.4516 (1.3s)
    epoch 5/34 loss 0.6517 val acc 0.6774 (1.3s)
    epoch 6/34 loss 0.6367 val acc 0.6129 (1.4s)
    epoch 7/34 loss 0.6199 val acc 0.5806 (1.4s)
    epoch 8/34 loss 0.6090 val acc 0.8710 (1.4s)
    epoch 9/34 loss 0.6205 val acc 0.4839 (1.3s)
    epoch 10/34 loss 0.6111 val acc 0.8710 (1.4s)
    epoch 11/34 loss 0.5967 val acc 0.8387 (1.4s)
    epoch 12/34 loss 0.5896 val acc 0.5161 (1.4s)
    epoch 13/34 loss 0.5805 val acc 0.7742 (1.3s)
    epoch 14/34 loss 0.5693 val acc 0.8065 (1.4s)
    epoch 15/34 loss 0.5605 val acc 0.6452 (1.4s)
    epoch 16/34 loss 0.5576 val acc 0.8387 (1.4s)
    epoch 17/34 loss 0.5618 val acc 0.8387 (1.3s)
    epoch 18/34 loss 0.5565 val acc 0.8065 (1.4s)
    epoch 19/34 loss 0.5506 val acc 0.7742 (1.4s)
    epoch 20/34 loss 0.5474 val acc 0.6452 (1.4s)
    epoch 21/34 loss 0.5484 val acc 0.7742 (1.3s)
    epoch 22/34 loss 0.5443 val acc 0.7097 (1.3s)
    epoch 23/34 loss 0.5421 val acc 0.6774 (1.4s)
    epoch 24/34 loss 0.5421 val acc 0.6774 (1.3s)
    epoch 25/34 loss 0.5414 val acc 0.6129 (1.3s)
    epoch 26/34 loss 0.5415 val acc 0.6129 (1.4s)
    epoch 27/34 loss 0.5411 val acc 0.7097 (1.4s)
    epoch 28/34 loss 0.5409 val acc 0.7097 (1.3s)
    epoch 29/34 loss 0.5408 val acc 0.6774 (1.4s)
    epoch 30/34 loss 0.5404 val acc 0.6774 (1.4s)
    epoch 31/34 loss 0.5406 val acc 0.7097 (1.4s)
    epoch 32/34 loss 0.5403 val acc 0.7097 (1.4s)
    epoch 33/34 loss 0.5405 val acc 0.6774 (1.4s)
    epoch 34/34 loss 0.5403 val acc 0.6774 (1.4s)
  [customer_service.needs_human] test acc 0.8500 macro-F1 0.8160 ECE 0.152 (T=0.93, 46s, 10.03M params)
  [customer_service.urgency] blocks split=14 depth=2, 4 labels, 269 train
    epoch 1/34 loss 1.6335 val acc 0.2581 (1.3s)
    epoch 2/34 loss 1.2977 val acc 0.5161 (1.3s)
    epoch 3/34 loss 1.2022 val acc 0.5161 (1.3s)
    epoch 4/34 loss 1.1757 val acc 0.5161 (1.3s)
    epoch 5/34 loss 1.1780 val acc 0.5161 (1.3s)
    epoch 6/34 loss 1.1481 val acc 0.3548 (1.3s)
    epoch 7/34 loss 1.1333 val acc 0.2581 (1.4s)
    epoch 8/34 loss 1.1144 val acc 0.6452 (1.3s)
    epoch 9/34 loss 1.0323 val acc 0.5806 (1.4s)
    epoch 10/34 loss 0.9788 val acc 0.5806 (1.4s)
    epoch 11/34 loss 0.9349 val acc 0.5806 (1.3s)
    epoch 12/34 loss 0.9294 val acc 0.6452 (1.4s)
    epoch 13/34 loss 0.9194 val acc 0.6774 (1.3s)
    epoch 14/34 loss 0.8952 val acc 0.6452 (1.4s)
    epoch 15/34 loss 0.8865 val acc 0.6774 (1.4s)
    epoch 16/34 loss 0.8796 val acc 0.6774 (1.3s)
    epoch 17/34 loss 0.8733 val acc 0.7097 (1.3s)
    epoch 18/34 loss 0.8648 val acc 0.6774 (1.4s)
    epoch 19/34 loss 0.8590 val acc 0.7097 (1.3s)
    epoch 20/34 loss 0.8530 val acc 0.7097 (1.4s)
    epoch 21/34 loss 0.8497 val acc 0.7097 (1.3s)
    epoch 22/34 loss 0.8484 val acc 0.7097 (1.4s)
    epoch 23/34 loss 0.8460 val acc 0.7097 (1.3s)
    epoch 24/34 loss 0.8447 val acc 0.7097 (1.3s)
    epoch 25/34 loss 0.8431 val acc 0.7097 (1.3s)
    epoch 26/34 loss 0.8425 val acc 0.7097 (1.3s)
    epoch 27/34 loss 0.8412 val acc 0.7097 (1.4s)
    epoch 28/34 loss 0.8413 val acc 0.7097 (1.4s)
    epoch 29/34 loss 0.8414 val acc 0.7097 (1.3s)
    epoch 30/34 loss 0.8404 val acc 0.7097 (1.4s)
    epoch 31/34 loss 0.8405 val acc 0.7097 (1.4s)
    epoch 32/34 loss 0.8397 val acc 0.7097 (1.4s)
    epoch 33/34 loss 0.8404 val acc 0.7097 (1.3s)
    epoch 34/34 loss 0.8404 val acc 0.7097 (1.4s)
  [customer_service.urgency] test acc 0.7400 macro-F1 0.5269 ECE 0.156 (T=1.03, 46s, 10.03M params)
-- typed-decisions 14+2 top seed0: 5 task(s)
  [customer_service.action] blocks split=14 depth=2, 5 labels, 269 train
    epoch 1/34 loss 1.3915 val acc 0.5484 (1.4s)
    epoch 2/34 loss 1.2939 val acc 0.5161 (1.3s)
    epoch 3/34 loss 1.2787 val acc 0.5161 (1.4s)
    epoch 4/34 loss 1.2537 val acc 0.5161 (1.4s)
    epoch 5/34 loss 1.2104 val acc 0.5161 (1.4s)
    epoch 6/34 loss 1.1716 val acc 0.5806 (1.3s)
    epoch 7/34 loss 1.1545 val acc 0.5484 (1.4s)
    epoch 8/34 loss 1.1259 val acc 0.6452 (1.3s)
    epoch 9/34 loss 1.1026 val acc 0.6452 (1.4s)
    epoch 10/34 loss 1.0833 val acc 0.6774 (1.4s)
    epoch 11/34 loss 1.0941 val acc 0.6774 (1.4s)
    epoch 12/34 loss 1.0862 val acc 0.6129 (1.4s)
    epoch 13/34 loss 1.0468 val acc 0.6774 (1.3s)
    epoch 14/34 loss 1.0411 val acc 0.6774 (1.4s)
    epoch 15/34 loss 1.0201 val acc 0.6774 (1.3s)
    epoch 16/34 loss 0.9989 val acc 0.7097 (1.4s)
    epoch 17/34 loss 0.9859 val acc 0.6452 (1.4s)
    epoch 18/34 loss 0.9797 val acc 0.6774 (1.4s)
    epoch 19/34 loss 0.9727 val acc 0.6129 (1.3s)
    epoch 20/34 loss 0.9718 val acc 0.6129 (1.4s)
    epoch 21/34 loss 0.9613 val acc 0.6129 (1.4s)
    epoch 22/34 loss 0.9645 val acc 0.6129 (1.4s)
    epoch 23/34 loss 0.9603 val acc 0.6129 (1.3s)
    epoch 24/34 loss 0.9676 val acc 0.6129 (1.4s)
    epoch 25/34 loss 0.9537 val acc 0.5806 (1.4s)
    epoch 26/34 loss 0.9456 val acc 0.6452 (1.4s)
    epoch 27/34 loss 0.9443 val acc 0.6129 (1.3s)
    epoch 28/34 loss 0.9421 val acc 0.6452 (1.4s)
    epoch 29/34 loss 0.9403 val acc 0.6452 (1.4s)
    epoch 30/34 loss 0.9399 val acc 0.6452 (1.3s)
    epoch 31/34 loss 0.9398 val acc 0.6129 (1.3s)
    epoch 32/34 loss 0.9388 val acc 0.6129 (1.3s)
    epoch 33/34 loss 0.9394 val acc 0.6452 (1.5s)
    epoch 34/34 loss 0.9383 val acc 0.6452 (1.3s)
  [customer_service.action] test acc 0.6000 macro-F1 0.3259 ECE 0.125 (T=1.16, 46s, 10.03M params)
  [customer_service.category] blocks split=14 depth=2, 5 labels, 269 train
    epoch 1/34 loss 1.6870 val acc 0.1613 (1.3s)
    epoch 2/34 loss 1.5703 val acc 0.2581 (1.4s)
    epoch 3/34 loss 1.4749 val acc 0.4516 (1.4s)
    epoch 4/34 loss 1.1782 val acc 0.5161 (1.4s)
    epoch 5/34 loss 0.8029 val acc 0.7419 (1.4s)
    epoch 6/34 loss 0.6507 val acc 0.8065 (1.3s)
    epoch 7/34 loss 0.5534 val acc 0.8387 (1.4s)
    epoch 8/34 loss 0.5193 val acc 0.8387 (1.3s)
    epoch 9/34 loss 0.4707 val acc 0.8710 (1.4s)
    epoch 10/34 loss 0.4592 val acc 0.8710 (1.4s)
    epoch 11/34 loss 0.4646 val acc 0.8065 (1.4s)
    epoch 12/34 loss 0.4548 val acc 0.8065 (1.4s)
    epoch 13/34 loss 0.4548 val acc 0.8065 (1.3s)
    epoch 14/34 loss 0.4568 val acc 0.7742 (1.4s)
    epoch 15/34 loss 0.4286 val acc 0.8387 (1.4s)
    epoch 16/34 loss 0.4223 val acc 0.8710 (1.4s)
    epoch 17/34 loss 0.4495 val acc 0.8387 (1.3s)
    epoch 18/34 loss 0.4238 val acc 0.8387 (1.3s)
    epoch 19/34 loss 0.4206 val acc 0.8387 (1.4s)
    epoch 20/34 loss 0.4181 val acc 0.8387 (1.3s)
    epoch 21/34 loss 0.4124 val acc 0.8710 (1.4s)
    epoch 22/34 loss 0.4098 val acc 0.8710 (1.3s)
    epoch 23/34 loss 0.4092 val acc 0.8387 (1.4s)
    epoch 24/34 loss 0.4079 val acc 0.8710 (1.3s)
    epoch 25/34 loss 0.4084 val acc 0.8387 (1.4s)
    epoch 26/34 loss 0.4062 val acc 0.8710 (1.3s)
    epoch 27/34 loss 0.4048 val acc 0.8710 (1.3s)
    epoch 28/34 loss 0.4038 val acc 0.8710 (1.4s)
    epoch 29/34 loss 0.4039 val acc 0.8710 (1.4s)
    epoch 30/34 loss 0.4040 val acc 0.8710 (1.4s)
    epoch 31/34 loss 0.4038 val acc 0.8710 (1.4s)
    epoch 32/34 loss 0.4039 val acc 0.8710 (1.4s)
    epoch 33/34 loss 0.4030 val acc 0.8710 (1.4s)
    epoch 34/34 loss 0.4035 val acc 0.8710 (1.4s)
  [customer_service.category] test acc 0.8700 macro-F1 0.8357 ECE 0.125 (T=0.97, 46s, 10.03M params)
  [customer_service.churn_risk] blocks split=14 depth=2, 4 labels, 269 train
    epoch 1/34 loss 1.5051 val acc 0.5484 (1.3s)
    epoch 2/34 loss 1.3568 val acc 0.5161 (1.4s)
    epoch 3/34 loss 1.3075 val acc 0.4194 (1.4s)
    epoch 4/34 loss 1.2656 val acc 0.5161 (1.4s)
    epoch 5/34 loss 1.2241 val acc 0.5484 (1.4s)
    epoch 6/34 loss 1.1796 val acc 0.5484 (1.4s)
    epoch 7/34 loss 1.1421 val acc 0.4516 (1.4s)
    epoch 8/34 loss 1.1190 val acc 0.3226 (1.3s)
    epoch 9/34 loss 1.0954 val acc 0.4516 (1.4s)
    epoch 10/34 loss 1.0574 val acc 0.5806 (1.4s)
    epoch 11/34 loss 1.0040 val acc 0.5806 (1.4s)
    epoch 12/34 loss 1.0137 val acc 0.7419 (1.3s)
    epoch 13/34 loss 0.9592 val acc 0.6774 (1.3s)
    epoch 14/34 loss 0.9519 val acc 0.6774 (1.4s)
    epoch 15/34 loss 0.9280 val acc 0.6774 (1.3s)
    epoch 16/34 loss 0.9405 val acc 0.7097 (1.3s)
    epoch 17/34 loss 0.9248 val acc 0.7097 (1.4s)
    epoch 18/34 loss 0.9198 val acc 0.6129 (1.4s)
    epoch 19/34 loss 0.9158 val acc 0.7097 (1.3s)
    epoch 20/34 loss 0.9039 val acc 0.7419 (1.3s)
    epoch 21/34 loss 0.8964 val acc 0.6774 (1.4s)
    epoch 22/34 loss 0.8992 val acc 0.7742 (1.3s)
    epoch 23/34 loss 0.9089 val acc 0.6774 (1.4s)
    epoch 24/34 loss 0.9045 val acc 0.7419 (1.4s)
    epoch 25/34 loss 0.8945 val acc 0.6774 (1.4s)
    epoch 26/34 loss 0.8877 val acc 0.7097 (1.4s)
    epoch 27/34 loss 0.8857 val acc 0.7097 (1.3s)
    epoch 28/34 loss 0.8851 val acc 0.7097 (1.3s)
    epoch 29/34 loss 0.8844 val acc 0.6774 (1.3s)
    epoch 30/34 loss 0.8842 val acc 0.7097 (1.4s)
    epoch 31/34 loss 0.8837 val acc 0.6774 (1.4s)
    epoch 32/34 loss 0.8834 val acc 0.7097 (1.4s)
    epoch 33/34 loss 0.8835 val acc 0.7097 (1.3s)
    epoch 34/34 loss 0.8831 val acc 0.7097 (1.3s)
  [customer_service.churn_risk] test acc 0.7200 macro-F1 0.5473 ECE 0.200 (T=1.19, 46s, 10.03M params)
  [customer_service.needs_human] blocks split=14 depth=2, 2 labels, 269 train
    epoch 1/34 loss 0.7485 val acc 0.7419 (1.3s)
    epoch 2/34 loss 0.7471 val acc 0.3226 (1.3s)
    epoch 3/34 loss 0.7020 val acc 0.6129 (1.4s)
    epoch 4/34 loss 0.6587 val acc 0.7097 (1.4s)
    epoch 5/34 loss 0.6386 val acc 0.7419 (1.4s)
    epoch 6/34 loss 0.6466 val acc 0.7419 (1.4s)
    epoch 7/34 loss 0.6224 val acc 0.7742 (1.3s)
    epoch 8/34 loss 0.6230 val acc 0.3871 (1.4s)
    epoch 9/34 loss 0.6908 val acc 0.7742 (1.4s)
    epoch 10/34 loss 0.6629 val acc 0.8065 (1.3s)
    epoch 11/34 loss 0.6105 val acc 0.8065 (1.3s)
    epoch 12/34 loss 0.6154 val acc 0.7419 (1.4s)
    epoch 13/34 loss 0.6034 val acc 0.8065 (1.4s)
    epoch 14/34 loss 0.5997 val acc 0.7742 (1.4s)
    epoch 15/34 loss 0.5874 val acc 0.7419 (1.3s)
    epoch 16/34 loss 0.5770 val acc 0.8065 (1.4s)
    epoch 17/34 loss 0.5718 val acc 0.7742 (1.4s)
    epoch 18/34 loss 0.5636 val acc 0.7097 (1.4s)
    epoch 19/34 loss 0.5577 val acc 0.7742 (1.3s)
    epoch 20/34 loss 0.5572 val acc 0.7742 (1.3s)
    epoch 21/34 loss 0.5610 val acc 0.7742 (1.3s)
    epoch 22/34 loss 0.5598 val acc 0.7742 (1.4s)
    epoch 23/34 loss 0.5535 val acc 0.7419 (1.3s)
    epoch 24/34 loss 0.5545 val acc 0.7742 (1.3s)
    epoch 25/34 loss 0.5508 val acc 0.7419 (1.4s)
    epoch 26/34 loss 0.5470 val acc 0.7742 (1.4s)
    epoch 27/34 loss 0.5471 val acc 0.8387 (1.4s)
    epoch 28/34 loss 0.5482 val acc 0.7742 (1.3s)
    epoch 29/34 loss 0.5451 val acc 0.7742 (1.4s)
    epoch 30/34 loss 0.5442 val acc 0.7742 (1.3s)
    epoch 31/34 loss 0.5435 val acc 0.7742 (1.4s)
    epoch 32/34 loss 0.5441 val acc 0.7742 (1.4s)
    epoch 33/34 loss 0.5437 val acc 0.7419 (1.4s)
    epoch 34/34 loss 0.5440 val acc 0.7419 (1.3s)
  [customer_service.needs_human] test acc 0.8000 macro-F1 0.7463 ECE 0.108 (T=0.84, 46s, 10.03M params)
  [customer_service.urgency] blocks split=14 depth=2, 4 labels, 269 train
    epoch 1/34 loss 1.5623 val acc 0.2903 (1.4s)
    epoch 2/34 loss 1.2542 val acc 0.2581 (1.3s)
    epoch 3/34 loss 1.2211 val acc 0.5161 (1.4s)
    epoch 4/34 loss 1.2074 val acc 0.5161 (1.3s)
    epoch 5/34 loss 1.2043 val acc 0.3871 (1.4s)
    epoch 6/34 loss 1.1437 val acc 0.2903 (1.4s)
    epoch 7/34 loss 1.1211 val acc 0.4516 (1.3s)
    epoch 8/34 loss 1.1061 val acc 0.5484 (1.3s)
    epoch 9/34 loss 1.0710 val acc 0.5806 (1.4s)
    epoch 10/34 loss 1.0204 val acc 0.5806 (1.3s)
    epoch 11/34 loss 0.9832 val acc 0.6774 (1.4s)
    epoch 12/34 loss 1.0038 val acc 0.7097 (1.4s)
    epoch 13/34 loss 0.9506 val acc 0.6452 (1.3s)
    epoch 14/34 loss 0.9195 val acc 0.7097 (1.3s)
    epoch 15/34 loss 0.8949 val acc 0.7097 (1.4s)
    epoch 16/34 loss 0.9003 val acc 0.7097 (1.4s)
    epoch 17/34 loss 0.8985 val acc 0.6452 (1.3s)
    epoch 18/34 loss 0.8746 val acc 0.4839 (1.4s)
    epoch 19/34 loss 0.8689 val acc 0.7097 (1.3s)
    epoch 20/34 loss 0.8706 val acc 0.6452 (1.4s)
    epoch 21/34 loss 0.8689 val acc 0.7097 (1.3s)
    epoch 22/34 loss 0.8622 val acc 0.7097 (1.3s)
    epoch 23/34 loss 0.8568 val acc 0.5161 (1.3s)
    epoch 24/34 loss 0.8682 val acc 0.6129 (1.4s)
    epoch 25/34 loss 0.8566 val acc 0.6129 (1.4s)
    epoch 26/34 loss 0.8492 val acc 0.7097 (1.3s)
    epoch 27/34 loss 0.8454 val acc 0.6774 (1.4s)
    epoch 28/34 loss 0.8438 val acc 0.7097 (1.4s)
    epoch 29/34 loss 0.8438 val acc 0.7097 (1.3s)
    epoch 30/34 loss 0.8429 val acc 0.7097 (1.4s)
    epoch 31/34 loss 0.8436 val acc 0.7097 (1.4s)
    epoch 32/34 loss 0.8431 val acc 0.7097 (1.4s)
    epoch 33/34 loss 0.8440 val acc 0.7097 (1.4s)
    epoch 34/34 loss 0.8434 val acc 0.7097 (1.3s)
  [customer_service.urgency] test acc 0.7200 macro-F1 0.5256 ECE 0.185 (T=1.11, 46s, 10.03M params)
-- typed-decisions 14+2 random seed0: 5 task(s)
  [customer_service.action] blocks split=14 depth=2, 5 labels, 269 train
    epoch 1/34 loss 1.4280 val acc 0.5484 (1.4s)
    epoch 2/34 loss 1.3210 val acc 0.5484 (1.3s)
    epoch 3/34 loss 1.2741 val acc 0.5161 (1.3s)
    epoch 4/34 loss 1.2743 val acc 0.5161 (1.4s)
    epoch 5/34 loss 1.2463 val acc 0.5484 (1.4s)
    epoch 6/34 loss 1.2574 val acc 0.5484 (1.4s)
    epoch 7/34 loss 1.2447 val acc 0.5161 (1.3s)
    epoch 8/34 loss 1.2283 val acc 0.5161 (1.3s)
    epoch 9/34 loss 1.2336 val acc 0.5484 (1.4s)
    epoch 10/34 loss 1.2112 val acc 0.5806 (1.4s)
    epoch 11/34 loss 1.2027 val acc 0.5161 (1.3s)
    epoch 12/34 loss 1.1887 val acc 0.4839 (1.4s)
    epoch 13/34 loss 1.1700 val acc 0.5484 (1.4s)
    epoch 14/34 loss 1.1477 val acc 0.5161 (1.4s)
    epoch 15/34 loss 1.1464 val acc 0.5806 (1.4s)
    epoch 16/34 loss 1.1353 val acc 0.4839 (1.3s)
    epoch 17/34 loss 1.1265 val acc 0.5806 (1.4s)
    epoch 18/34 loss 1.1108 val acc 0.6129 (1.4s)
    epoch 19/34 loss 1.1064 val acc 0.5806 (1.4s)
    epoch 20/34 loss 1.0953 val acc 0.6452 (1.3s)
    epoch 21/34 loss 1.0914 val acc 0.5806 (1.3s)
    epoch 22/34 loss 1.0856 val acc 0.6774 (1.4s)
    epoch 23/34 loss 1.0809 val acc 0.6774 (1.4s)
    epoch 24/34 loss 1.0724 val acc 0.6452 (1.3s)
    epoch 25/34 loss 1.0680 val acc 0.6452 (1.4s)
    epoch 26/34 loss 1.0622 val acc 0.6774 (1.4s)
    epoch 27/34 loss 1.0607 val acc 0.6129 (1.3s)
    epoch 28/34 loss 1.0530 val acc 0.6452 (1.4s)
    epoch 29/34 loss 1.0545 val acc 0.6129 (1.4s)
    epoch 30/34 loss 1.0491 val acc 0.6452 (1.4s)
    epoch 31/34 loss 1.0520 val acc 0.6774 (1.4s)
    epoch 32/34 loss 1.0499 val acc 0.6452 (1.4s)
    epoch 33/34 loss 1.0504 val acc 0.6452 (1.3s)
    epoch 34/34 loss 1.0490 val acc 0.6452 (1.4s)
  [customer_service.action] test acc 0.6400 macro-F1 0.3368 ECE 0.126 (T=1.06, 46s, 10.03M params)
  [customer_service.category] blocks split=14 depth=2, 5 labels, 269 train
    epoch 1/34 loss 1.6706 val acc 0.1290 (1.4s)
    epoch 2/34 loss 1.5784 val acc 0.1613 (1.4s)
    epoch 3/34 loss 1.5690 val acc 0.2258 (1.4s)
    epoch 4/34 loss 1.5764 val acc 0.1290 (1.3s)
    epoch 5/34 loss 1.5331 val acc 0.3871 (1.4s)
    epoch 6/34 loss 1.5219 val acc 0.2581 (1.3s)
    epoch 7/34 loss 1.4894 val acc 0.2258 (1.3s)
    epoch 8/34 loss 1.4056 val acc 0.4839 (1.4s)
    epoch 9/34 loss 1.2815 val acc 0.4516 (1.4s)
    epoch 10/34 loss 1.0163 val acc 0.6452 (1.4s)
    epoch 11/34 loss 0.8180 val acc 0.6774 (1.4s)
    epoch 12/34 loss 0.6999 val acc 0.6774 (1.4s)
    epoch 13/34 loss 0.6368 val acc 0.6774 (1.3s)
    epoch 14/34 loss 0.5773 val acc 0.8065 (1.4s)
    epoch 15/34 loss 0.5324 val acc 0.8065 (1.4s)
    epoch 16/34 loss 0.5040 val acc 0.7742 (1.3s)
    epoch 17/34 loss 0.4950 val acc 0.7419 (1.4s)
    epoch 18/34 loss 0.4805 val acc 0.7419 (1.4s)
    epoch 19/34 loss 0.4726 val acc 0.8065 (1.3s)
    epoch 20/34 loss 0.4621 val acc 0.7419 (1.4s)
    epoch 21/34 loss 0.4549 val acc 0.8065 (1.4s)
    epoch 22/34 loss 0.4477 val acc 0.8065 (1.3s)
    epoch 23/34 loss 0.4475 val acc 0.7097 (1.3s)
    epoch 24/34 loss 0.4435 val acc 0.8065 (1.4s)
    epoch 25/34 loss 0.4397 val acc 0.8065 (1.4s)
    epoch 26/34 loss 0.4381 val acc 0.8065 (1.4s)
    epoch 27/34 loss 0.4362 val acc 0.8065 (1.4s)
    epoch 28/34 loss 0.4364 val acc 0.8065 (1.3s)
    epoch 29/34 loss 0.4349 val acc 0.8065 (1.4s)
    epoch 30/34 loss 0.4331 val acc 0.8065 (1.4s)
    epoch 31/34 loss 0.4344 val acc 0.8065 (1.4s)
    epoch 32/34 loss 0.4339 val acc 0.8065 (1.4s)
    epoch 33/34 loss 0.4340 val acc 0.8065 (1.3s)
    epoch 34/34 loss 0.4336 val acc 0.8065 (1.4s)
  [customer_service.category] test acc 0.9200 macro-F1 0.9041 ECE 0.131 (T=1.17, 46s, 10.03M params)
  [customer_service.churn_risk] blocks split=14 depth=2, 4 labels, 269 train
    epoch 1/34 loss 1.5222 val acc 0.5161 (1.4s)
    epoch 2/34 loss 1.3465 val acc 0.2258 (1.4s)
    epoch 3/34 loss 1.3121 val acc 0.5484 (1.4s)
    epoch 4/34 loss 1.2900 val acc 0.4839 (1.4s)
    epoch 5/34 loss 1.2734 val acc 0.3871 (1.3s)
    epoch 6/34 loss 1.2774 val acc 0.4839 (1.3s)
    epoch 7/34 loss 1.2618 val acc 0.4839 (1.4s)
    epoch 8/34 loss 1.2460 val acc 0.5161 (1.4s)
    epoch 9/34 loss 1.2376 val acc 0.4516 (1.3s)
    epoch 10/34 loss 1.2234 val acc 0.3548 (1.4s)
    epoch 11/34 loss 1.1947 val acc 0.6129 (1.4s)
    epoch 12/34 loss 1.1561 val acc 0.5161 (1.4s)
    epoch 13/34 loss 1.0906 val acc 0.6452 (1.3s)
    epoch 14/34 loss 1.0292 val acc 0.7097 (1.4s)
    epoch 15/34 loss 0.9994 val acc 0.8065 (1.4s)
    epoch 16/34 loss 0.9930 val acc 0.7097 (1.4s)
    epoch 17/34 loss 0.9792 val acc 0.7742 (1.4s)
    epoch 18/34 loss 0.9699 val acc 0.7097 (1.4s)
    epoch 19/34 loss 0.9631 val acc 0.7097 (1.4s)
    epoch 20/34 loss 0.9440 val acc 0.8065 (1.4s)
    epoch 21/34 loss 0.9421 val acc 0.8065 (1.3s)
    epoch 22/34 loss 0.9347 val acc 0.8387 (1.3s)
    epoch 23/34 loss 0.9303 val acc 0.7419 (1.3s)
    epoch 24/34 loss 0.9257 val acc 0.7097 (1.4s)
    epoch 25/34 loss 0.9231 val acc 0.7742 (1.3s)
    epoch 26/34 loss 0.9219 val acc 0.7419 (1.4s)
    epoch 27/34 loss 0.9205 val acc 0.6774 (1.3s)
    epoch 28/34 loss 0.9180 val acc 0.7742 (1.3s)
    epoch 29/34 loss 0.9148 val acc 0.7419 (1.3s)
    epoch 30/34 loss 0.9159 val acc 0.7097 (1.3s)
    epoch 31/34 loss 0.9150 val acc 0.7097 (1.3s)
    epoch 32/34 loss 0.9147 val acc 0.7419 (1.4s)
    epoch 33/34 loss 0.9142 val acc 0.7419 (1.3s)
    epoch 34/34 loss 0.9147 val acc 0.7419 (1.4s)
  [customer_service.churn_risk] test acc 0.7600 macro-F1 0.6682 ECE 0.242 (T=1.20, 46s, 10.03M params)
  [customer_service.needs_human] blocks split=14 depth=2, 2 labels, 269 train
    epoch 1/34 loss 0.6887 val acc 0.7419 (1.4s)
    epoch 2/34 loss 0.6973 val acc 0.7419 (1.4s)
    epoch 3/34 loss 0.6735 val acc 0.7419 (1.3s)
    epoch 4/34 loss 0.6666 val acc 0.7097 (1.4s)
    epoch 5/34 loss 0.6659 val acc 0.7097 (1.4s)
    epoch 6/34 loss 0.6682 val acc 0.7419 (1.3s)
    epoch 7/34 loss 0.6608 val acc 0.7097 (1.4s)
    epoch 8/34 loss 0.6503 val acc 0.5161 (1.4s)
    epoch 9/34 loss 0.7257 val acc 0.7419 (1.4s)
    epoch 10/34 loss 0.6656 val acc 0.5484 (1.4s)
    epoch 11/34 loss 0.6420 val acc 0.6452 (1.4s)
    epoch 12/34 loss 0.6401 val acc 0.5806 (1.3s)
    epoch 13/34 loss 0.6351 val acc 0.6452 (1.4s)
    epoch 14/34 loss 0.6158 val acc 0.7419 (1.4s)
    epoch 15/34 loss 0.6346 val acc 0.8065 (1.2s)
    epoch 16/34 loss 0.6101 val acc 0.7097 (1.3s)
    epoch 17/34 loss 0.6128 val acc 0.7097 (1.4s)
    epoch 18/34 loss 0.5972 val acc 0.5161 (1.4s)
    epoch 19/34 loss 0.6164 val acc 0.8387 (1.4s)
    epoch 20/34 loss 0.5952 val acc 0.9032 (1.3s)
    epoch 21/34 loss 0.5961 val acc 0.7419 (1.3s)
    epoch 22/34 loss 0.5894 val acc 0.6129 (1.4s)
    epoch 23/34 loss 0.5895 val acc 0.7419 (1.4s)
    epoch 24/34 loss 0.5878 val acc 0.8065 (1.3s)
    epoch 25/34 loss 0.5844 val acc 0.7097 (1.4s)
    epoch 26/34 loss 0.5860 val acc 0.8710 (1.4s)
    epoch 27/34 loss 0.5827 val acc 0.6774 (1.4s)
    epoch 28/34 loss 0.5796 val acc 0.8710 (1.3s)
    epoch 29/34 loss 0.5835 val acc 0.8710 (1.4s)
    epoch 30/34 loss 0.5787 val acc 0.6774 (1.4s)
    epoch 31/34 loss 0.5786 val acc 0.6774 (1.3s)
    epoch 32/34 loss 0.5783 val acc 0.6774 (1.3s)
    epoch 33/34 loss 0.5773 val acc 0.6774 (1.3s)
    epoch 34/34 loss 0.5781 val acc 0.6774 (1.4s)
  [customer_service.needs_human] test acc 0.8300 macro-F1 0.7868 ECE 0.131 (T=0.91, 46s, 10.03M params)
  [customer_service.urgency] blocks split=14 depth=2, 4 labels, 269 train
    epoch 1/34 loss 1.6559 val acc 0.2581 (1.4s)
    epoch 2/34 loss 1.3406 val acc 0.5161 (1.3s)
    epoch 3/34 loss 1.2056 val acc 0.5161 (1.2s)
    epoch 4/34 loss 1.1985 val acc 0.5161 (1.0s)
    epoch 5/34 loss 1.1837 val acc 0.3871 (1.1s)
    epoch 6/34 loss 1.1714 val acc 0.5161 (1.1s)
    epoch 7/34 loss 1.1578 val acc 0.4194 (1.1s)
    epoch 8/34 loss 1.1602 val acc 0.5161 (1.1s)
    epoch 9/34 loss 1.1514 val acc 0.5161 (1.0s)
    epoch 10/34 loss 1.1535 val acc 0.2903 (1.2s)
    epoch 11/34 loss 1.1356 val acc 0.4516 (1.4s)
    epoch 12/34 loss 1.1056 val acc 0.5806 (1.4s)
    epoch 13/34 loss 1.0441 val acc 0.6129 (1.4s)
    epoch 14/34 loss 1.0058 val acc 0.5806 (1.4s)
    epoch 15/34 loss 0.9787 val acc 0.4839 (1.4s)
    epoch 16/34 loss 0.9759 val acc 0.5806 (1.4s)
    epoch 17/34 loss 0.9528 val acc 0.5161 (1.4s)
    epoch 18/34 loss 0.9405 val acc 0.5806 (1.4s)
    epoch 19/34 loss 0.9339 val acc 0.6774 (1.4s)
    epoch 20/34 loss 0.9253 val acc 0.6452 (1.4s)
    epoch 21/34 loss 0.9239 val acc 0.6774 (1.4s)
    epoch 22/34 loss 0.9141 val acc 0.7097 (1.4s)
    epoch 23/34 loss 0.9125 val acc 0.6452 (1.4s)
    epoch 24/34 loss 0.9057 val acc 0.7097 (1.4s)
    epoch 25/34 loss 0.9005 val acc 0.6774 (1.4s)
    epoch 26/34 loss 0.8998 val acc 0.6774 (1.4s)
    epoch 27/34 loss 0.8953 val acc 0.7097 (1.4s)
    epoch 28/34 loss 0.8956 val acc 0.7097 (1.4s)
    epoch 29/34 loss 0.8938 val acc 0.7097 (1.4s)
    epoch 30/34 loss 0.8907 val acc 0.7097 (1.4s)
    epoch 31/34 loss 0.8904 val acc 0.7097 (1.4s)
    epoch 32/34 loss 0.8901 val acc 0.7097 (1.4s)
    epoch 33/34 loss 0.8915 val acc 0.7097 (1.4s)
    epoch 34/34 loss 0.8913 val acc 0.7097 (1.4s)
  [customer_service.urgency] test acc 0.7200 macro-F1 0.5150 ECE 0.167 (T=0.97, 45s, 10.03M params)
-- typed-decisions 14+2 next seed1: 5 task(s)
  [customer_service.action] blocks split=14 depth=2, 5 labels, 269 train
    epoch 1/34 loss 1.4223 val acc 0.5484 (1.4s)
    epoch 2/34 loss 1.3097 val acc 0.5484 (1.4s)
    epoch 3/34 loss 1.2731 val acc 0.5484 (1.4s)
    epoch 4/34 loss 1.2508 val acc 0.5161 (1.4s)
    epoch 5/34 loss 1.2162 val acc 0.4839 (1.4s)
    epoch 6/34 loss 1.2153 val acc 0.2258 (1.4s)
    epoch 7/34 loss 1.2347 val acc 0.4516 (1.4s)
    epoch 8/34 loss 1.1636 val acc 0.5161 (1.4s)
    epoch 9/34 loss 1.1296 val acc 0.5161 (1.4s)
    epoch 10/34 loss 1.1082 val acc 0.6129 (1.3s)
    epoch 11/34 loss 1.0824 val acc 0.6774 (1.3s)
    epoch 12/34 loss 1.0707 val acc 0.5484 (1.0s)
    epoch 13/34 loss 1.0607 val acc 0.6129 (1.1s)
    epoch 14/34 loss 1.0381 val acc 0.6452 (1.1s)
    epoch 15/34 loss 1.0190 val acc 0.5484 (1.1s)
    epoch 16/34 loss 1.0015 val acc 0.6452 (1.1s)
    epoch 17/34 loss 0.9872 val acc 0.6452 (1.1s)
    epoch 18/34 loss 0.9765 val acc 0.6452 (1.2s)
    epoch 19/34 loss 0.9650 val acc 0.6452 (1.4s)
    epoch 20/34 loss 0.9641 val acc 0.6452 (1.4s)
    epoch 21/34 loss 0.9572 val acc 0.5806 (1.4s)
    epoch 22/34 loss 0.9533 val acc 0.5161 (1.4s)
    epoch 23/34 loss 0.9507 val acc 0.6452 (1.4s)
    epoch 24/34 loss 0.9487 val acc 0.5806 (1.4s)
    epoch 25/34 loss 0.9450 val acc 0.6452 (1.4s)
    epoch 26/34 loss 0.9433 val acc 0.6452 (1.4s)
    epoch 27/34 loss 0.9424 val acc 0.6774 (1.4s)
    epoch 28/34 loss 0.9409 val acc 0.6452 (1.4s)
    epoch 29/34 loss 0.9407 val acc 0.6452 (1.4s)
    epoch 30/34 loss 0.9394 val acc 0.6129 (1.4s)
    epoch 31/34 loss 0.9383 val acc 0.6129 (1.4s)
    epoch 32/34 loss 0.9393 val acc 0.6129 (1.4s)
    epoch 33/34 loss 0.9382 val acc 0.6452 (1.4s)
    epoch 34/34 loss 0.9381 val acc 0.6452 (1.4s)
  [customer_service.action] test acc 0.6300 macro-F1 0.3531 ECE 0.114 (T=1.17, 45s, 10.03M params)
  [customer_service.category] blocks split=14 depth=2, 5 labels, 269 train
    epoch 1/34 loss 1.6386 val acc 0.2903 (1.4s)
    epoch 2/34 loss 1.5792 val acc 0.1290 (1.4s)
    epoch 3/34 loss 1.5664 val acc 0.5161 (1.4s)
    epoch 4/34 loss 1.4871 val acc 0.2903 (1.4s)
    epoch 5/34 loss 1.3318 val acc 0.2258 (1.4s)
    epoch 6/34 loss 1.0009 val acc 0.6452 (1.4s)
    epoch 7/34 loss 0.6563 val acc 0.7419 (1.4s)
    epoch 8/34 loss 0.5578 val acc 0.8387 (1.4s)
    epoch 9/34 loss 0.5240 val acc 0.8065 (1.4s)
    epoch 10/34 loss 0.4783 val acc 0.8065 (1.4s)
    epoch 11/34 loss 0.4565 val acc 0.8065 (1.4s)
    epoch 12/34 loss 0.4472 val acc 0.8065 (1.4s)
    epoch 13/34 loss 0.4353 val acc 0.8065 (1.4s)
    epoch 14/34 loss 0.4403 val acc 0.7742 (1.4s)
    epoch 15/34 loss 0.4287 val acc 0.8065 (1.4s)
    epoch 16/34 loss 0.4273 val acc 0.8065 (1.4s)
    epoch 17/34 loss 0.4218 val acc 0.7742 (1.4s)
    epoch 18/34 loss 0.4173 val acc 0.8387 (1.4s)
    epoch 19/34 loss 0.4137 val acc 0.8065 (1.4s)
    epoch 20/34 loss 0.4126 val acc 0.8065 (1.1s)
    epoch 21/34 loss 0.4104 val acc 0.8065 (1.1s)
    epoch 22/34 loss 0.4102 val acc 0.8065 (1.1s)
    epoch 23/34 loss 0.4078 val acc 0.8065 (1.0s)
    epoch 24/34 loss 0.4080 val acc 0.8065 (1.1s)
    epoch 25/34 loss 0.4066 val acc 0.8065 (1.1s)
    epoch 26/34 loss 0.4069 val acc 0.8065 (1.0s)
    epoch 27/34 loss 0.4061 val acc 0.8065 (1.3s)
    epoch 28/34 loss 0.4058 val acc 0.8065 (1.4s)
    epoch 29/34 loss 0.4051 val acc 0.8065 (1.4s)
    epoch 30/34 loss 0.4054 val acc 0.8065 (1.4s)
    epoch 31/34 loss 0.4048 val acc 0.8065 (1.4s)
    epoch 32/34 loss 0.4055 val acc 0.8065 (1.4s)
    epoch 33/34 loss 0.4048 val acc 0.8065 (1.4s)
    epoch 34/34 loss 0.4049 val acc 0.8065 (1.4s)
  [customer_service.category] test acc 0.9000 macro-F1 0.9019 ECE 0.144 (T=1.06, 45s, 10.03M params)
  [customer_service.churn_risk] blocks split=14 depth=2, 4 labels, 269 train
    epoch 1/34 loss 1.5318 val acc 0.5161 (1.4s)
    epoch 2/34 loss 1.3504 val acc 0.5161 (1.4s)
    epoch 3/34 loss 1.3237 val acc 0.5161 (1.4s)
    epoch 4/34 loss 1.2794 val acc 0.4839 (1.4s)
    epoch 5/34 loss 1.2621 val acc 0.5161 (1.4s)
    epoch 6/34 loss 1.2489 val acc 0.6774 (1.4s)
    epoch 7/34 loss 1.2048 val acc 0.5484 (1.4s)
    epoch 8/34 loss 1.1216 val acc 0.6452 (1.4s)
    epoch 9/34 loss 1.1216 val acc 0.7742 (1.4s)
    epoch 10/34 loss 1.0536 val acc 0.7742 (1.4s)
    epoch 11/34 loss 1.0133 val acc 0.6452 (1.4s)
    epoch 12/34 loss 0.9811 val acc 0.7742 (1.5s)
    epoch 13/34 loss 0.9902 val acc 0.7419 (1.4s)
    epoch 14/34 loss 0.9427 val acc 0.7097 (1.4s)
    epoch 15/34 loss 0.9335 val acc 0.7097 (1.4s)
    epoch 16/34 loss 0.9222 val acc 0.7742 (1.4s)
    epoch 17/34 loss 0.9206 val acc 0.7419 (1.4s)
    epoch 18/34 loss 0.9119 val acc 0.7419 (1.4s)
    epoch 19/34 loss 0.9098 val acc 0.7419 (1.4s)
    epoch 20/34 loss 0.9022 val acc 0.7419 (1.4s)
    epoch 21/34 loss 0.8938 val acc 0.7419 (1.4s)
    epoch 22/34 loss 0.8923 val acc 0.7097 (1.4s)
    epoch 23/34 loss 0.8896 val acc 0.7097 (1.4s)
    epoch 24/34 loss 0.8870 val acc 0.7097 (1.4s)
    epoch 25/34 loss 0.8865 val acc 0.7097 (1.4s)
    epoch 26/34 loss 0.8851 val acc 0.7097 (1.3s)
    epoch 27/34 loss 0.8842 val acc 0.7097 (1.4s)
    epoch 28/34 loss 0.8840 val acc 0.7097 (1.4s)
    epoch 29/34 loss 0.8837 val acc 0.7097 (1.2s)
    epoch 30/34 loss 0.8830 val acc 0.7097 (1.1s)
    epoch 31/34 loss 0.8830 val acc 0.7097 (1.2s)
    epoch 32/34 loss 0.8831 val acc 0.7097 (1.0s)
    epoch 33/34 loss 0.8836 val acc 0.7097 (1.0s)
    epoch 34/34 loss 0.8823 val acc 0.7097 (1.0s)
  [customer_service.churn_risk] test acc 0.7900 macro-F1 0.5972 ECE 0.236 (T=1.20, 46s, 10.03M params)
  [customer_service.needs_human] blocks split=14 depth=2, 2 labels, 269 train
    epoch 1/34 loss 0.7042 val acc 0.7419 (1.0s)
    epoch 2/34 loss 0.6953 val acc 0.7419 (1.4s)
    epoch 3/34 loss 0.7086 val acc 0.7419 (1.4s)
    epoch 4/34 loss 0.6771 val acc 0.7419 (1.4s)
    epoch 5/34 loss 0.6579 val acc 0.2903 (1.4s)
    epoch 6/34 loss 0.6911 val acc 0.6774 (1.4s)
    epoch 7/34 loss 0.6538 val acc 0.7419 (1.4s)
    epoch 8/34 loss 0.6387 val acc 0.8065 (1.4s)
    epoch 9/34 loss 0.6330 val acc 0.8387 (1.4s)
    epoch 10/34 loss 0.6211 val acc 0.3871 (1.4s)
    epoch 11/34 loss 0.6696 val acc 0.8065 (1.4s)
    epoch 12/34 loss 0.6173 val acc 0.8387 (1.4s)
    epoch 13/34 loss 0.6325 val acc 0.6129 (1.4s)
    epoch 14/34 loss 0.5974 val acc 0.6774 (1.4s)
    epoch 15/34 loss 0.6019 val acc 0.7419 (1.4s)
    epoch 16/34 loss 0.5885 val acc 0.7097 (1.4s)
    epoch 17/34 loss 0.5749 val acc 0.8065 (1.4s)
    epoch 18/34 loss 0.5689 val acc 0.7742 (1.4s)
    epoch 19/34 loss 0.5643 val acc 0.6774 (1.4s)
    epoch 20/34 loss 0.5656 val acc 0.8065 (1.4s)
    epoch 21/34 loss 0.5618 val acc 0.8065 (1.4s)
    epoch 22/34 loss 0.5552 val acc 0.8065 (1.4s)
    epoch 23/34 loss 0.5511 val acc 0.7742 (1.4s)
    epoch 24/34 loss 0.5490 val acc 0.7742 (1.4s)
    epoch 25/34 loss 0.5476 val acc 0.8387 (1.4s)
    epoch 26/34 loss 0.5455 val acc 0.8065 (1.4s)
    epoch 27/34 loss 0.5451 val acc 0.8065 (1.4s)
    epoch 28/34 loss 0.5445 val acc 0.8065 (1.4s)
    epoch 29/34 loss 0.5451 val acc 0.8065 (1.4s)
    epoch 30/34 loss 0.5436 val acc 0.7742 (1.4s)
    epoch 31/34 loss 0.5433 val acc 0.8065 (1.4s)
    epoch 32/34 loss 0.5435 val acc 0.8065 (1.4s)
    epoch 33/34 loss 0.5437 val acc 0.8065 (1.4s)
    epoch 34/34 loss 0.5433 val acc 0.8065 (1.4s)
  [customer_service.needs_human] test acc 0.8000 macro-F1 0.7463 ECE 0.137 (T=0.88, 48s, 10.03M params)
  [customer_service.urgency] blocks split=14 depth=2, 4 labels, 269 train
    epoch 1/34 loss 1.6672 val acc 0.2581 (1.3s)
    epoch 2/34 loss 1.3153 val acc 0.5161 (1.4s)
    epoch 3/34 loss 1.2055 val acc 0.3871 (1.5s)
    epoch 4/34 loss 1.1932 val acc 0.5806 (1.4s)
    epoch 5/34 loss 1.1740 val acc 0.2903 (1.1s)
    epoch 6/34 loss 1.1851 val acc 0.5484 (1.1s)
    epoch 7/34 loss 1.1434 val acc 0.3226 (1.0s)
    epoch 8/34 loss 1.1146 val acc 0.5484 (1.1s)
    epoch 9/34 loss 1.0273 val acc 0.6452 (1.1s)
    epoch 10/34 loss 0.9880 val acc 0.6129 (1.1s)
    epoch 11/34 loss 0.9539 val acc 0.6452 (1.0s)
    epoch 12/34 loss 0.9288 val acc 0.6452 (1.3s)
    epoch 13/34 loss 0.9063 val acc 0.6129 (1.4s)
    epoch 14/34 loss 0.8901 val acc 0.6129 (1.4s)
    epoch 15/34 loss 0.8781 val acc 0.6774 (1.4s)
    epoch 16/34 loss 0.8682 val acc 0.7097 (1.4s)
    epoch 17/34 loss 0.8654 val acc 0.6774 (1.4s)
    epoch 18/34 loss 0.8602 val acc 0.6774 (1.4s)
    epoch 19/34 loss 0.8532 val acc 0.7097 (1.4s)
    epoch 20/34 loss 0.8510 val acc 0.6774 (1.4s)
    epoch 21/34 loss 0.8470 val acc 0.6774 (1.4s)
    epoch 22/34 loss 0.8460 val acc 0.7097 (1.4s)
    epoch 23/34 loss 0.8436 val acc 0.6774 (1.4s)
    epoch 24/34 loss 0.8413 val acc 0.7097 (1.4s)
    epoch 25/34 loss 0.8413 val acc 0.7097 (1.4s)
    epoch 26/34 loss 0.8410 val acc 0.7097 (1.4s)
    epoch 27/34 loss 0.8394 val acc 0.6774 (1.4s)
    epoch 28/34 loss 0.8391 val acc 0.7097 (1.4s)
    epoch 29/34 loss 0.8385 val acc 0.6774 (1.4s)
    epoch 30/34 loss 0.8386 val acc 0.7097 (1.4s)
    epoch 31/34 loss 0.8391 val acc 0.7097 (1.4s)
    epoch 32/34 loss 0.8390 val acc 0.7097 (1.4s)
    epoch 33/34 loss 0.8378 val acc 0.7097 (1.4s)
    epoch 34/34 loss 0.8380 val acc 0.7097 (1.4s)
  [customer_service.urgency] test acc 0.7600 macro-F1 0.5516 ECE 0.181 (T=1.04, 45s, 10.03M params)
-- typed-decisions 14+2 top seed1: 5 task(s)
  [customer_service.action] blocks split=14 depth=2, 5 labels, 269 train
    epoch 1/34 loss 1.5751 val acc 0.5484 (1.4s)
    epoch 2/34 loss 1.3140 val acc 0.5484 (1.4s)
    epoch 3/34 loss 1.2745 val acc 0.3871 (1.4s)
    epoch 4/34 loss 1.2416 val acc 0.5484 (1.4s)
    epoch 5/34 loss 1.2029 val acc 0.5161 (1.4s)
    epoch 6/34 loss 1.2283 val acc 0.1935 (1.4s)
    epoch 7/34 loss 1.2180 val acc 0.5806 (1.4s)
    epoch 8/34 loss 1.1362 val acc 0.6129 (1.4s)
    epoch 9/34 loss 1.1061 val acc 0.6452 (1.4s)
    epoch 10/34 loss 1.0996 val acc 0.6129 (1.4s)
    epoch 11/34 loss 1.0676 val acc 0.5806 (1.3s)
    epoch 12/34 loss 1.0697 val acc 0.7419 (1.0s)
    epoch 13/34 loss 1.0470 val acc 0.4516 (1.0s)
    epoch 14/34 loss 1.0303 val acc 0.4194 (1.0s)
    epoch 15/34 loss 1.0411 val acc 0.5806 (1.0s)
    epoch 16/34 loss 1.0027 val acc 0.6129 (1.0s)
    epoch 17/34 loss 1.0008 val acc 0.5484 (1.0s)
    epoch 18/34 loss 1.0119 val acc 0.6452 (1.0s)
    epoch 19/34 loss 0.9745 val acc 0.6452 (1.0s)
    epoch 20/34 loss 0.9797 val acc 0.6452 (1.0s)
    epoch 21/34 loss 0.9722 val acc 0.6452 (1.0s)
    epoch 22/34 loss 0.9579 val acc 0.6129 (1.2s)
    epoch 23/34 loss 0.9537 val acc 0.6129 (1.2s)
    epoch 24/34 loss 0.9492 val acc 0.6129 (1.2s)
    epoch 25/34 loss 0.9455 val acc 0.6129 (1.2s)
    epoch 26/34 loss 0.9447 val acc 0.6129 (1.2s)
    epoch 27/34 loss 0.9415 val acc 0.6129 (1.2s)
    epoch 28/34 loss 0.9404 val acc 0.5484 (1.0s)
    epoch 29/34 loss 0.9401 val acc 0.6129 (1.0s)
    epoch 30/34 loss 0.9384 val acc 0.6129 (1.0s)
    epoch 31/34 loss 0.9386 val acc 0.6129 (1.0s)
    epoch 32/34 loss 0.9388 val acc 0.6129 (1.0s)
    epoch 33/34 loss 0.9384 val acc 0.6129 (1.0s)
    epoch 34/34 loss 0.9379 val acc 0.6129 (1.0s)
  [customer_service.action] test acc 0.5900 macro-F1 0.3219 ECE 0.138 (T=1.19, 40s, 10.03M params)
  [customer_service.category] blocks split=14 depth=2, 5 labels, 269 train
    epoch 1/34 loss 1.7373 val acc 0.1613 (1.0s)
    epoch 2/34 loss 1.5828 val acc 0.2258 (1.0s)
    epoch 3/34 loss 1.4909 val acc 0.4194 (1.0s)
    epoch 4/34 loss 1.1973 val acc 0.6129 (1.0s)
    epoch 5/34 loss 0.7566 val acc 0.7097 (1.0s)
    epoch 6/34 loss 0.6166 val acc 0.7419 (1.0s)
    epoch 7/34 loss 0.5481 val acc 0.7742 (1.1s)
    epoch 8/34 loss 0.5056 val acc 0.7419 (1.1s)
    epoch 9/34 loss 0.4883 val acc 0.8065 (1.0s)
    epoch 10/34 loss 0.5068 val acc 0.9032 (1.0s)
    epoch 11/34 loss 0.4657 val acc 0.8387 (1.0s)
    epoch 12/34 loss 0.4578 val acc 0.8065 (1.0s)
    epoch 13/34 loss 0.4513 val acc 0.7419 (1.1s)
    epoch 14/34 loss 0.4508 val acc 0.7742 (1.0s)
    epoch 15/34 loss 0.4271 val acc 0.8710 (1.0s)
    epoch 16/34 loss 0.4196 val acc 0.8387 (1.0s)
    epoch 17/34 loss 0.4149 val acc 0.8065 (1.0s)
    epoch 18/34 loss 0.4178 val acc 0.7742 (1.0s)
    epoch 19/34 loss 0.4146 val acc 0.8387 (1.0s)
    epoch 20/34 loss 0.4120 val acc 0.8387 (1.0s)
    epoch 21/34 loss 0.4090 val acc 0.8710 (1.0s)
    epoch 22/34 loss 0.4099 val acc 0.8710 (1.0s)
    epoch 23/34 loss 0.4073 val acc 0.8387 (1.0s)
    epoch 24/34 loss 0.4074 val acc 0.8387 (1.0s)
    epoch 25/34 loss 0.4046 val acc 0.8387 (1.0s)
    epoch 26/34 loss 0.4048 val acc 0.8065 (1.0s)
    epoch 27/34 loss 0.4039 val acc 0.8387 (1.1s)
    epoch 28/34 loss 0.4045 val acc 0.8387 (1.0s)
    epoch 29/34 loss 0.4034 val acc 0.8065 (1.0s)
    epoch 30/34 loss 0.4042 val acc 0.8387 (1.1s)
    epoch 31/34 loss 0.4030 val acc 0.8387 (1.1s)
    epoch 32/34 loss 0.4032 val acc 0.8387 (1.1s)
    epoch 33/34 loss 0.4028 val acc 0.8065 (1.1s)
    epoch 34/34 loss 0.4030 val acc 0.8065 (1.1s)
  [customer_service.category] test acc 0.8900 macro-F1 0.8726 ECE 0.079 (T=0.93, 36s, 10.03M params)
  [customer_service.churn_risk] blocks split=14 depth=2, 4 labels, 269 train
    epoch 1/34 loss 1.3875 val acc 0.5484 (1.0s)
    epoch 2/34 loss 1.3430 val acc 0.5161 (1.0s)
    epoch 3/34 loss 1.3110 val acc 0.4839 (1.0s)
    epoch 4/34 loss 1.2799 val acc 0.5806 (1.0s)
    epoch 5/34 loss 1.2290 val acc 0.6129 (1.1s)
    epoch 6/34 loss 1.1612 val acc 0.2903 (1.0s)
    epoch 7/34 loss 1.1021 val acc 0.6452 (1.0s)
    epoch 8/34 loss 1.0455 val acc 0.5161 (1.0s)
    epoch 9/34 loss 1.0365 val acc 0.5806 (1.1s)
    epoch 10/34 loss 0.9756 val acc 0.7419 (1.0s)
    epoch 11/34 loss 0.9590 val acc 0.6452 (1.0s)
    epoch 12/34 loss 0.9679 val acc 0.4839 (1.1s)
    epoch 13/34 loss 1.0037 val acc 0.6452 (1.0s)
    epoch 14/34 loss 0.9400 val acc 0.5806 (1.1s)
    epoch 15/34 loss 0.9359 val acc 0.5484 (1.0s)
    epoch 16/34 loss 0.9149 val acc 0.5806 (1.0s)
    epoch 17/34 loss 0.9080 val acc 0.7419 (1.1s)
    epoch 18/34 loss 0.9060 val acc 0.7419 (1.0s)
    epoch 19/34 loss 0.9029 val acc 0.5484 (1.1s)
    epoch 20/34 loss 0.9042 val acc 0.7097 (1.0s)
    epoch 21/34 loss 0.8983 val acc 0.5806 (1.1s)
    epoch 22/34 loss 0.8963 val acc 0.7419 (1.0s)
    epoch 23/34 loss 0.8889 val acc 0.7742 (1.0s)
    epoch 24/34 loss 0.8875 val acc 0.7419 (1.1s)
    epoch 25/34 loss 0.8916 val acc 0.7097 (1.0s)
    epoch 26/34 loss 0.8899 val acc 0.7742 (1.1s)
    epoch 27/34 loss 0.8863 val acc 0.7097 (1.0s)
    epoch 28/34 loss 0.8831 val acc 0.7742 (1.1s)
    epoch 29/34 loss 0.8835 val acc 0.7419 (1.1s)
    epoch 30/34 loss 0.8836 val acc 0.7419 (1.1s)
    epoch 31/34 loss 0.8830 val acc 0.7419 (1.1s)
    epoch 32/34 loss 0.8827 val acc 0.7419 (1.1s)
    epoch 33/34 loss 0.8821 val acc 0.7419 (1.0s)
    epoch 34/34 loss 0.8820 val acc 0.7419 (1.1s)
  [customer_service.churn_risk] test acc 0.6900 macro-F1 0.5274 ECE 0.172 (T=1.15, 36s, 10.03M params)
  [customer_service.needs_human] blocks split=14 depth=2, 2 labels, 269 train
    epoch 1/34 loss 0.7282 val acc 0.7419 (1.0s)
    epoch 2/34 loss 0.7009 val acc 0.4194 (1.1s)
    epoch 3/34 loss 0.6884 val acc 0.4839 (1.0s)
    epoch 4/34 loss 0.6958 val acc 0.7419 (1.1s)
    epoch 5/34 loss 0.6328 val acc 0.5484 (1.0s)
    epoch 6/34 loss 0.6775 val acc 0.3548 (1.1s)
    epoch 7/34 loss 0.7105 val acc 0.4839 (1.0s)
    epoch 8/34 loss 0.6477 val acc 0.8065 (1.0s)
    epoch 9/34 loss 0.6182 val acc 0.5484 (1.1s)
    epoch 10/34 loss 0.6277 val acc 0.4516 (1.1s)
    epoch 11/34 loss 0.6305 val acc 0.6452 (1.0s)
    epoch 12/34 loss 0.6093 val acc 0.8065 (1.1s)
    epoch 13/34 loss 0.6087 val acc 0.8710 (1.1s)
    epoch 14/34 loss 0.5776 val acc 0.7097 (1.0s)
    epoch 15/34 loss 0.5925 val acc 0.6452 (1.0s)
    epoch 16/34 loss 0.5895 val acc 0.7097 (1.1s)
    epoch 17/34 loss 0.5844 val acc 0.8387 (1.0s)
    epoch 18/34 loss 0.5625 val acc 0.7419 (1.1s)
    epoch 19/34 loss 0.5615 val acc 0.7097 (1.1s)
    epoch 20/34 loss 0.5592 val acc 0.8387 (1.1s)
    epoch 21/34 loss 0.5555 val acc 0.7419 (1.1s)
    epoch 22/34 loss 0.5510 val acc 0.7419 (1.0s)
    epoch 23/34 loss 0.5524 val acc 0.7419 (1.1s)
    epoch 24/34 loss 0.5463 val acc 0.7419 (1.1s)
    epoch 25/34 loss 0.5452 val acc 0.7742 (1.0s)
    epoch 26/34 loss 0.5447 val acc 0.7419 (1.0s)
    epoch 27/34 loss 0.5446 val acc 0.7097 (1.1s)
    epoch 28/34 loss 0.5456 val acc 0.8065 (1.0s)
    epoch 29/34 loss 0.5453 val acc 0.7097 (1.0s)
    epoch 30/34 loss 0.5442 val acc 0.7419 (1.1s)
    epoch 31/34 loss 0.5436 val acc 0.7419 (1.1s)
    epoch 32/34 loss 0.5436 val acc 0.7419 (1.0s)
    epoch 33/34 loss 0.5428 val acc 0.7419 (1.1s)
    epoch 34/34 loss 0.5427 val acc 0.7419 (1.0s)
  [customer_service.needs_human] test acc 0.8000 macro-F1 0.7520 ECE 0.147 (T=0.90, 36s, 10.03M params)
  [customer_service.urgency] blocks split=14 depth=2, 4 labels, 269 train
    epoch 1/34 loss 1.3541 val acc 0.4194 (1.0s)
    epoch 2/34 loss 1.2153 val acc 0.4194 (1.0s)
    epoch 3/34 loss 1.2147 val acc 0.5484 (1.1s)
    epoch 4/34 loss 1.1763 val acc 0.5161 (1.0s)
    epoch 5/34 loss 1.1482 val acc 0.5161 (1.1s)
    epoch 6/34 loss 1.1060 val acc 0.6129 (1.1s)
    epoch 7/34 loss 1.0808 val acc 0.4516 (1.0s)
    epoch 8/34 loss 1.0671 val acc 0.5161 (1.0s)
    epoch 9/34 loss 1.0568 val acc 0.5484 (1.1s)
    epoch 10/34 loss 1.0318 val acc 0.6129 (1.1s)
    epoch 11/34 loss 0.9893 val acc 0.6129 (1.1s)
    epoch 12/34 loss 0.9935 val acc 0.5806 (1.1s)
    epoch 13/34 loss 0.9387 val acc 0.4194 (1.1s)
    epoch 14/34 loss 0.9319 val acc 0.5806 (1.0s)
    epoch 15/34 loss 0.8913 val acc 0.6452 (1.0s)
    epoch 16/34 loss 0.8872 val acc 0.6452 (1.1s)
    epoch 17/34 loss 0.9007 val acc 0.6452 (1.0s)
    epoch 18/34 loss 0.8693 val acc 0.6452 (1.1s)
    epoch 19/34 loss 0.8818 val acc 0.6129 (1.1s)
    epoch 20/34 loss 0.8776 val acc 0.5806 (1.1s)
    epoch 21/34 loss 0.8654 val acc 0.5806 (1.0s)
    epoch 22/34 loss 0.8545 val acc 0.6129 (1.0s)
    epoch 23/34 loss 0.8531 val acc 0.6452 (1.0s)
    epoch 24/34 loss 0.8477 val acc 0.6452 (1.1s)
    epoch 25/34 loss 0.8450 val acc 0.6452 (1.0s)
    epoch 26/34 loss 0.8448 val acc 0.6452 (1.1s)
    epoch 27/34 loss 0.8438 val acc 0.6774 (1.1s)
    epoch 28/34 loss 0.8403 val acc 0.6774 (1.1s)
    epoch 29/34 loss 0.8408 val acc 0.7097 (1.1s)
    epoch 30/34 loss 0.8407 val acc 0.6774 (1.1s)
    epoch 31/34 loss 0.8399 val acc 0.7097 (1.1s)
    epoch 32/34 loss 0.8404 val acc 0.6774 (1.1s)
    epoch 33/34 loss 0.8397 val acc 0.6774 (1.0s)
    epoch 34/34 loss 0.8401 val acc 0.6774 (1.0s)
  [customer_service.urgency] test acc 0.6100 macro-F1 0.4278 ECE 0.106 (T=1.03, 36s, 10.03M params)
-- typed-decisions 14+2 random seed1: 5 task(s)
  [customer_service.action] blocks split=14 depth=2, 5 labels, 269 train
    epoch 1/34 loss 1.4125 val acc 0.5484 (1.1s)
    epoch 2/34 loss 1.3199 val acc 0.5484 (1.1s)
    epoch 3/34 loss 1.2772 val acc 0.5484 (1.2s)
    epoch 4/34 loss 1.2534 val acc 0.5484 (1.2s)
    epoch 5/34 loss 1.2486 val acc 0.2258 (1.1s)
    epoch 6/34 loss 1.2726 val acc 0.5484 (1.1s)
    epoch 7/34 loss 1.2516 val acc 0.4839 (1.2s)
    epoch 8/34 loss 1.2330 val acc 0.5484 (1.1s)
    epoch 9/34 loss 1.2116 val acc 0.5161 (1.1s)
    epoch 10/34 loss 1.1982 val acc 0.3871 (1.2s)
    epoch 11/34 loss 1.1899 val acc 0.4516 (1.2s)
    epoch 12/34 loss 1.1729 val acc 0.5806 (1.2s)
    epoch 13/34 loss 1.1635 val acc 0.5484 (1.1s)
    epoch 14/34 loss 1.1502 val acc 0.5806 (1.2s)
    epoch 15/34 loss 1.1414 val acc 0.6129 (1.2s)
    epoch 16/34 loss 1.1339 val acc 0.5161 (1.1s)
    epoch 17/34 loss 1.1220 val acc 0.5806 (1.2s)
    epoch 18/34 loss 1.1063 val acc 0.5161 (1.2s)
    epoch 19/34 loss 1.1003 val acc 0.5484 (1.1s)
    epoch 20/34 loss 1.0947 val acc 0.5806 (1.1s)
    epoch 21/34 loss 1.0822 val acc 0.6129 (1.2s)
    epoch 22/34 loss 1.0742 val acc 0.5806 (1.2s)
    epoch 23/34 loss 1.0698 val acc 0.6452 (1.2s)
    epoch 24/34 loss 1.0590 val acc 0.6774 (1.2s)
    epoch 25/34 loss 1.0533 val acc 0.6452 (1.2s)
    epoch 26/34 loss 1.0485 val acc 0.6129 (1.2s)
    epoch 27/34 loss 1.0478 val acc 0.6452 (1.2s)
    epoch 28/34 loss 1.0446 val acc 0.6452 (1.1s)
    epoch 29/34 loss 1.0435 val acc 0.6452 (1.2s)
    epoch 30/34 loss 1.0406 val acc 0.6452 (1.1s)
    epoch 31/34 loss 1.0367 val acc 0.6452 (1.2s)
    epoch 32/34 loss 1.0397 val acc 0.6774 (1.1s)
    epoch 33/34 loss 1.0378 val acc 0.6774 (1.2s)
    epoch 34/34 loss 1.0362 val acc 0.6774 (1.2s)
  [customer_service.action] test acc 0.6100 macro-F1 0.3098 ECE 0.099 (T=1.08, 39s, 10.03M params)
  [customer_service.category] blocks split=14 depth=2, 5 labels, 269 train
    epoch 1/34 loss 1.6844 val acc 0.1290 (1.2s)
    epoch 2/34 loss 1.5857 val acc 0.2581 (1.1s)
    epoch 3/34 loss 1.6027 val acc 0.2581 (1.1s)
    epoch 4/34 loss 1.5459 val acc 0.2903 (1.2s)
    epoch 5/34 loss 1.5096 val acc 0.1935 (1.1s)
    epoch 6/34 loss 1.4879 val acc 0.2903 (1.2s)
    epoch 7/34 loss 1.4309 val acc 0.3226 (1.2s)
    epoch 8/34 loss 1.3390 val acc 0.4194 (1.2s)
    epoch 9/34 loss 1.0799 val acc 0.5484 (1.1s)
    epoch 10/34 loss 0.8422 val acc 0.6452 (1.1s)
    epoch 11/34 loss 0.7355 val acc 0.6774 (1.2s)
    epoch 12/34 loss 0.6474 val acc 0.6774 (1.2s)
    epoch 13/34 loss 0.5888 val acc 0.7097 (1.1s)
    epoch 14/34 loss 0.5400 val acc 0.8065 (1.2s)
    epoch 15/34 loss 0.5121 val acc 0.8065 (1.2s)
    epoch 16/34 loss 0.4955 val acc 0.6774 (1.2s)
    epoch 17/34 loss 0.4841 val acc 0.8065 (1.1s)
    epoch 18/34 loss 0.4741 val acc 0.8065 (1.2s)
    epoch 19/34 loss 0.4642 val acc 0.6452 (1.2s)
    epoch 20/34 loss 0.4583 val acc 0.8065 (1.2s)
    epoch 21/34 loss 0.4516 val acc 0.8065 (1.2s)
    epoch 22/34 loss 0.4473 val acc 0.8065 (1.2s)
    epoch 23/34 loss 0.4442 val acc 0.8065 (1.2s)
    epoch 24/34 loss 0.4414 val acc 0.8065 (1.2s)
    epoch 25/34 loss 0.4399 val acc 0.8065 (1.2s)
    epoch 26/34 loss 0.4382 val acc 0.8065 (1.2s)
    epoch 27/34 loss 0.4359 val acc 0.8065 (1.2s)
    epoch 28/34 loss 0.4352 val acc 0.8065 (1.2s)
    epoch 29/34 loss 0.4346 val acc 0.8065 (1.2s)
    epoch 30/34 loss 0.4330 val acc 0.8065 (1.2s)
    epoch 31/34 loss 0.4335 val acc 0.8065 (1.2s)
    epoch 32/34 loss 0.4328 val acc 0.8065 (1.2s)
    epoch 33/34 loss 0.4330 val acc 0.8065 (1.2s)
    epoch 34/34 loss 0.4335 val acc 0.8065 (1.2s)
  [customer_service.category] test acc 0.9200 macro-F1 0.9041 ECE 0.141 (T=1.15, 41s, 10.03M params)
  [customer_service.churn_risk] blocks split=14 depth=2, 4 labels, 269 train
    epoch 1/34 loss 1.5254 val acc 0.5161 (1.2s)
    epoch 2/34 loss 1.3552 val acc 0.4839 (1.2s)
    epoch 3/34 loss 1.3193 val acc 0.4839 (1.2s)
    epoch 4/34 loss 1.2897 val acc 0.5161 (1.2s)
    epoch 5/34 loss 1.2896 val acc 0.5806 (1.2s)
    epoch 6/34 loss 1.2804 val acc 0.4839 (1.2s)
    epoch 7/34 loss 1.2530 val acc 0.4839 (1.2s)
    epoch 8/34 loss 1.2433 val acc 0.4516 (1.2s)
    epoch 9/34 loss 1.2252 val acc 0.4839 (1.2s)
    epoch 10/34 loss 1.1961 val acc 0.6129 (1.2s)
    epoch 11/34 loss 1.1454 val acc 0.5484 (1.2s)
    epoch 12/34 loss 1.1148 val acc 0.5484 (1.2s)
    epoch 13/34 loss 1.0820 val acc 0.6129 (1.2s)
    epoch 14/34 loss 1.0240 val acc 0.7097 (1.2s)
    epoch 15/34 loss 1.0071 val acc 0.7097 (1.2s)
    epoch 16/34 loss 0.9934 val acc 0.6774 (1.2s)
    epoch 17/34 loss 0.9743 val acc 0.7742 (1.2s)
    epoch 18/34 loss 0.9571 val acc 0.6452 (1.2s)
    epoch 19/34 loss 0.9562 val acc 0.8065 (1.2s)
    epoch 20/34 loss 0.9457 val acc 0.5806 (1.2s)
    epoch 21/34 loss 0.9391 val acc 0.8387 (1.2s)
    epoch 22/34 loss 0.9307 val acc 0.7742 (1.2s)
    epoch 23/34 loss 0.9288 val acc 0.8065 (1.2s)
    epoch 24/34 loss 0.9241 val acc 0.7419 (1.2s)
    epoch 25/34 loss 0.9235 val acc 0.8065 (1.2s)
    epoch 26/34 loss 0.9178 val acc 0.7742 (1.2s)
    epoch 27/34 loss 0.9171 val acc 0.7419 (1.2s)
    epoch 28/34 loss 0.9136 val acc 0.8065 (1.2s)
    epoch 29/34 loss 0.9125 val acc 0.7742 (1.2s)
    epoch 30/34 loss 0.9108 val acc 0.8065 (1.2s)
    epoch 31/34 loss 0.9117 val acc 0.7742 (1.2s)
    epoch 32/34 loss 0.9115 val acc 0.7742 (1.2s)
    epoch 33/34 loss 0.9112 val acc 0.7742 (1.2s)
    epoch 34/34 loss 0.9084 val acc 0.7742 (1.2s)
  [customer_service.churn_risk] test acc 0.7500 macro-F1 0.6409 ECE 0.235 (T=1.23, 42s, 10.03M params)
  [customer_service.needs_human] blocks split=14 depth=2, 2 labels, 269 train
    epoch 1/34 loss 0.7577 val acc 0.5484 (1.2s)
    epoch 2/34 loss 0.7184 val acc 0.7419 (1.2s)
    epoch 3/34 loss 0.7010 val acc 0.6452 (1.2s)
    epoch 4/34 loss 0.6810 val acc 0.7419 (1.2s)
    epoch 5/34 loss 0.6647 val acc 0.2581 (1.2s)
    epoch 6/34 loss 0.7203 val acc 0.7419 (1.2s)
    epoch 7/34 loss 0.6819 val acc 0.3226 (1.2s)
    epoch 8/34 loss 0.6688 val acc 0.6129 (1.2s)
    epoch 9/34 loss 0.6565 val acc 0.7742 (1.2s)
    epoch 10/34 loss 0.6498 val acc 0.5161 (1.2s)
    epoch 11/34 loss 0.6755 val acc 0.7742 (1.2s)
    epoch 12/34 loss 0.6921 val acc 0.2903 (1.2s)
    epoch 13/34 loss 0.6813 val acc 0.7419 (1.2s)
    epoch 14/34 loss 0.6597 val acc 0.5161 (1.2s)
    epoch 15/34 loss 0.6419 val acc 0.7419 (1.2s)
    epoch 16/34 loss 0.6295 val acc 0.6129 (1.2s)
    epoch 17/34 loss 0.6150 val acc 0.7742 (1.2s)
    epoch 18/34 loss 0.6161 val acc 0.8387 (1.2s)
    epoch 19/34 loss 0.6066 val acc 0.6774 (1.2s)
    epoch 20/34 loss 0.6020 val acc 0.5161 (1.2s)
    epoch 21/34 loss 0.6073 val acc 0.8387 (1.2s)
    epoch 22/34 loss 0.6020 val acc 0.6452 (1.2s)
    epoch 23/34 loss 0.5951 val acc 0.8387 (1.2s)
    epoch 24/34 loss 0.5921 val acc 0.6774 (1.2s)
    epoch 25/34 loss 0.5917 val acc 0.7742 (1.3s)
    epoch 26/34 loss 0.5889 val acc 0.8387 (1.2s)
    epoch 27/34 loss 0.5890 val acc 0.7097 (1.2s)
    epoch 28/34 loss 0.5857 val acc 0.7419 (1.2s)
    epoch 29/34 loss 0.5866 val acc 0.7419 (1.2s)
    epoch 30/34 loss 0.5864 val acc 0.7097 (1.2s)
    epoch 31/34 loss 0.5834 val acc 0.7419 (1.2s)
    epoch 32/34 loss 0.5850 val acc 0.7419 (1.2s)
    epoch 33/34 loss 0.5839 val acc 0.7419 (1.2s)
    epoch 34/34 loss 0.5823 val acc 0.7419 (1.2s)
  [customer_service.needs_human] test acc 0.8100 macro-F1 0.7669 ECE 0.102 (T=0.89, 42s, 10.03M params)
  [customer_service.urgency] blocks split=14 depth=2, 4 labels, 269 train
    epoch 1/34 loss 1.6368 val acc 0.2581 (1.2s)
    epoch 2/34 loss 1.3365 val acc 0.5161 (1.2s)
    epoch 3/34 loss 1.2043 val acc 0.2903 (1.2s)
    epoch 4/34 loss 1.1885 val acc 0.4839 (1.2s)
    epoch 5/34 loss 1.1680 val acc 0.2903 (1.2s)
    epoch 6/34 loss 1.1888 val acc 0.6452 (1.2s)
    epoch 7/34 loss 1.1700 val acc 0.2903 (1.2s)
    epoch 8/34 loss 1.1733 val acc 0.5161 (1.2s)
    epoch 9/34 loss 1.1483 val acc 0.5806 (1.2s)
    epoch 10/34 loss 1.1471 val acc 0.2581 (1.2s)
    epoch 11/34 loss 1.1394 val acc 0.5161 (1.2s)
    epoch 12/34 loss 1.1461 val acc 0.6129 (1.2s)
    epoch 13/34 loss 1.0786 val acc 0.6129 (1.3s)
    epoch 14/34 loss 1.0209 val acc 0.6129 (1.2s)
    epoch 15/34 loss 0.9867 val acc 0.5806 (1.2s)
    epoch 16/34 loss 0.9722 val acc 0.5806 (1.2s)
    epoch 17/34 loss 0.9619 val acc 0.6129 (1.2s)
    epoch 18/34 loss 0.9629 val acc 0.6452 (1.2s)
    epoch 19/34 loss 0.9333 val acc 0.6129 (1.2s)
    epoch 20/34 loss 0.9268 val acc 0.6774 (1.2s)
    epoch 21/34 loss 0.9211 val acc 0.6452 (1.2s)
    epoch 22/34 loss 0.9119 val acc 0.6774 (1.2s)
    epoch 23/34 loss 0.9075 val acc 0.6452 (1.2s)
    epoch 24/34 loss 0.9038 val acc 0.6452 (1.2s)
    epoch 25/34 loss 0.8984 val acc 0.6452 (1.3s)
    epoch 26/34 loss 0.8997 val acc 0.6774 (1.2s)
    epoch 27/34 loss 0.8928 val acc 0.6774 (1.2s)
    epoch 28/34 loss 0.8926 val acc 0.6774 (1.2s)
    epoch 29/34 loss 0.8905 val acc 0.6774 (1.2s)
    epoch 30/34 loss 0.8901 val acc 0.6774 (1.2s)
    epoch 31/34 loss 0.8895 val acc 0.6774 (1.2s)
    epoch 32/34 loss 0.8907 val acc 0.6774 (1.2s)
    epoch 33/34 loss 0.8865 val acc 0.6774 (1.2s)
    epoch 34/34 loss 0.8883 val acc 0.6774 (1.2s)
  [customer_service.urgency] test acc 0.7500 macro-F1 0.5409 ECE 0.173 (T=0.97, 42s, 10.03M params)
-- typed-decisions 14+2 next seed2: 5 task(s)
  [customer_service.action] blocks split=14 depth=2, 5 labels, 269 train
    epoch 1/34 loss 1.4369 val acc 0.5484 (1.2s)
    epoch 2/34 loss 1.3054 val acc 0.5484 (1.2s)
    epoch 3/34 loss 1.2630 val acc 0.5484 (1.2s)
    epoch 4/34 loss 1.2498 val acc 0.4194 (1.2s)
    epoch 5/34 loss 1.2464 val acc 0.4516 (1.2s)
    epoch 6/34 loss 1.2249 val acc 0.4839 (1.2s)
    epoch 7/34 loss 1.1963 val acc 0.5161 (1.2s)
    epoch 8/34 loss 1.1798 val acc 0.5806 (1.2s)
    epoch 9/34 loss 1.1365 val acc 0.5161 (1.2s)
    epoch 10/34 loss 1.1357 val acc 0.5806 (1.2s)
    epoch 11/34 loss 1.0984 val acc 0.6452 (1.2s)
    epoch 12/34 loss 1.0936 val acc 0.6452 (1.2s)
    epoch 13/34 loss 1.0673 val acc 0.6774 (1.2s)
    epoch 14/34 loss 1.0388 val acc 0.6774 (1.2s)
    epoch 15/34 loss 1.0217 val acc 0.6774 (1.2s)
    epoch 16/34 loss 1.0104 val acc 0.6774 (1.2s)
    epoch 17/34 loss 1.0028 val acc 0.6452 (1.2s)
    epoch 18/34 loss 0.9913 val acc 0.6774 (1.2s)
    epoch 19/34 loss 0.9779 val acc 0.6774 (1.2s)
    epoch 20/34 loss 0.9758 val acc 0.6774 (1.2s)
    epoch 21/34 loss 0.9670 val acc 0.6774 (1.2s)
    epoch 22/34 loss 0.9662 val acc 0.6774 (1.2s)
    epoch 23/34 loss 0.9565 val acc 0.7097 (1.2s)
    epoch 24/34 loss 0.9533 val acc 0.7419 (1.2s)
    epoch 25/34 loss 0.9513 val acc 0.7097 (1.2s)
    epoch 26/34 loss 0.9498 val acc 0.7419 (1.2s)
    epoch 27/34 loss 0.9473 val acc 0.7097 (1.2s)
    epoch 28/34 loss 0.9450 val acc 0.7097 (1.2s)
    epoch 29/34 loss 0.9440 val acc 0.7097 (1.2s)
    epoch 30/34 loss 0.9445 val acc 0.7097 (1.2s)
    epoch 31/34 loss 0.9442 val acc 0.7097 (1.2s)
    epoch 32/34 loss 0.9426 val acc 0.7097 (1.2s)
    epoch 33/34 loss 0.9435 val acc 0.7097 (1.2s)
    epoch 34/34 loss 0.9439 val acc 0.7097 (1.2s)
  [customer_service.action] test acc 0.6200 macro-F1 0.3329 ECE 0.099 (T=1.09, 41s, 10.03M params)
  [customer_service.category] blocks split=14 depth=2, 5 labels, 269 train
    epoch 1/34 loss 1.9694 val acc 0.1290 (1.2s)
    epoch 2/34 loss 1.6706 val acc 0.1613 (1.2s)
    epoch 3/34 loss 1.6008 val acc 0.3548 (1.2s)
    epoch 4/34 loss 1.5483 val acc 0.3871 (1.2s)
    epoch 5/34 loss 1.4584 val acc 0.4839 (1.2s)
    epoch 6/34 loss 1.2994 val acc 0.3871 (1.2s)
    epoch 7/34 loss 0.9407 val acc 0.6129 (1.2s)
    epoch 8/34 loss 0.6247 val acc 0.8065 (1.2s)
    epoch 9/34 loss 0.5446 val acc 0.8065 (1.2s)
    epoch 10/34 loss 0.5147 val acc 0.8065 (1.2s)
    epoch 11/34 loss 0.4889 val acc 0.7742 (1.2s)
    epoch 12/34 loss 0.4588 val acc 0.7742 (1.2s)
    epoch 13/34 loss 0.4390 val acc 0.8065 (1.2s)
    epoch 14/34 loss 0.4410 val acc 0.7742 (1.2s)
    epoch 15/34 loss 0.4306 val acc 0.7097 (1.2s)
    epoch 16/34 loss 0.4347 val acc 0.7742 (1.2s)
    epoch 17/34 loss 0.4205 val acc 0.7742 (1.2s)
    epoch 18/34 loss 0.4178 val acc 0.7742 (1.2s)
    epoch 19/34 loss 0.4149 val acc 0.7742 (1.2s)
    epoch 20/34 loss 0.4133 val acc 0.7742 (1.2s)
    epoch 21/34 loss 0.4138 val acc 0.7742 (1.2s)
    epoch 22/34 loss 0.4148 val acc 0.7742 (1.2s)
    epoch 23/34 loss 0.4126 val acc 0.7742 (1.2s)
    epoch 24/34 loss 0.4106 val acc 0.7742 (1.2s)
    epoch 25/34 loss 0.4100 val acc 0.7742 (1.2s)
    epoch 26/34 loss 0.4079 val acc 0.7742 (1.2s)
    epoch 27/34 loss 0.4077 val acc 0.7742 (1.2s)
    epoch 28/34 loss 0.4074 val acc 0.7742 (1.2s)
    epoch 29/34 loss 0.4056 val acc 0.7742 (1.2s)
    epoch 30/34 loss 0.4054 val acc 0.7742 (1.2s)
    epoch 31/34 loss 0.4053 val acc 0.7742 (1.2s)
    epoch 32/34 loss 0.4061 val acc 0.7742 (1.2s)
    epoch 33/34 loss 0.4051 val acc 0.7742 (1.2s)
    epoch 34/34 loss 0.4053 val acc 0.7742 (1.2s)
  [customer_service.category] test acc 0.9300 macro-F1 0.9360 ECE 0.129 (T=1.14, 41s, 10.03M params)
  [customer_service.churn_risk] blocks split=14 depth=2, 4 labels, 269 train
    epoch 1/34 loss 1.4019 val acc 0.5161 (1.2s)
    epoch 2/34 loss 1.3247 val acc 0.4839 (1.2s)
    epoch 3/34 loss 1.3087 val acc 0.5161 (1.2s)
    epoch 4/34 loss 1.2862 val acc 0.5484 (1.2s)
    epoch 5/34 loss 1.2546 val acc 0.3548 (1.2s)
    epoch 6/34 loss 1.2136 val acc 0.5806 (1.2s)
    epoch 7/34 loss 1.1626 val acc 0.5161 (1.2s)
    epoch 8/34 loss 1.0740 val acc 0.7097 (1.2s)
    epoch 9/34 loss 1.0185 val acc 0.6774 (1.2s)
    epoch 10/34 loss 0.9721 val acc 0.7742 (1.2s)
    epoch 11/34 loss 0.9491 val acc 0.6774 (1.2s)
    epoch 12/34 loss 0.9538 val acc 0.6774 (1.2s)
    epoch 13/34 loss 0.9479 val acc 0.8065 (1.2s)
    epoch 14/34 loss 0.9459 val acc 0.6774 (1.2s)
    epoch 15/34 loss 0.9150 val acc 0.6452 (1.2s)
    epoch 16/34 loss 0.9097 val acc 0.7742 (1.2s)
    epoch 17/34 loss 0.9040 val acc 0.7419 (1.2s)
    epoch 18/34 loss 0.8994 val acc 0.7419 (1.2s)
    epoch 19/34 loss 0.8941 val acc 0.8065 (1.2s)
    epoch 20/34 loss 0.8917 val acc 0.6774 (1.2s)
    epoch 21/34 loss 0.8878 val acc 0.7419 (1.2s)
    epoch 22/34 loss 0.8891 val acc 0.7097 (1.2s)
    epoch 23/34 loss 0.8869 val acc 0.7097 (1.2s)
    epoch 24/34 loss 0.8849 val acc 0.7742 (1.2s)
    epoch 25/34 loss 0.8846 val acc 0.7419 (1.2s)
    epoch 26/34 loss 0.8833 val acc 0.7742 (1.2s)
    epoch 27/34 loss 0.8823 val acc 0.7097 (1.2s)
    epoch 28/34 loss 0.8826 val acc 0.7742 (1.2s)
    epoch 29/34 loss 0.8826 val acc 0.7419 (1.2s)
    epoch 30/34 loss 0.8820 val acc 0.7097 (1.2s)
    epoch 31/34 loss 0.8822 val acc 0.7742 (1.2s)
    epoch 32/34 loss 0.8822 val acc 0.7742 (1.2s)
    epoch 33/34 loss 0.8812 val acc 0.7742 (1.2s)
    epoch 34/34 loss 0.8819 val acc 0.7742 (1.2s)
  [customer_service.churn_risk] test acc 0.8200 macro-F1 0.7427 ECE 0.259 (T=1.14, 40s, 10.03M params)
  [customer_service.needs_human] blocks split=14 depth=2, 2 labels, 269 train
    epoch 1/34 loss 0.6812 val acc 0.7419 (1.2s)
    epoch 2/34 loss 0.6836 val acc 0.7097 (1.2s)
    epoch 3/34 loss 0.6695 val acc 0.3226 (1.2s)
    epoch 4/34 loss 0.7187 val acc 0.7742 (1.2s)
    epoch 5/34 loss 0.6594 val acc 0.7742 (1.2s)
    epoch 6/34 loss 0.6505 val acc 0.5806 (1.2s)
    epoch 7/34 loss 0.6632 val acc 0.2903 (1.2s)
    epoch 8/34 loss 0.6827 val acc 0.7419 (1.2s)
    epoch 9/34 loss 0.6257 val acc 0.7419 (1.2s)
    epoch 10/34 loss 0.6131 val acc 0.8065 (1.2s)
    epoch 11/34 loss 0.6168 val acc 0.7419 (1.2s)
    epoch 12/34 loss 0.5970 val acc 0.8387 (1.2s)
    epoch 13/34 loss 0.5921 val acc 0.6129 (1.2s)
    epoch 14/34 loss 0.5848 val acc 0.5484 (1.3s)
    epoch 15/34 loss 0.5731 val acc 0.6774 (1.2s)
    epoch 16/34 loss 0.5657 val acc 0.8065 (1.2s)
    epoch 17/34 loss 0.5602 val acc 0.6452 (1.2s)
    epoch 18/34 loss 0.5538 val acc 0.5484 (1.2s)
    epoch 19/34 loss 0.5537 val acc 0.7742 (1.2s)
    epoch 20/34 loss 0.5480 val acc 0.6129 (1.2s)
    epoch 21/34 loss 0.5497 val acc 0.6452 (1.2s)
    epoch 22/34 loss 0.5556 val acc 0.7742 (1.2s)
    epoch 23/34 loss 0.5515 val acc 0.6452 (1.2s)
    epoch 24/34 loss 0.5429 val acc 0.6129 (1.2s)
    epoch 25/34 loss 0.5434 val acc 0.8065 (1.2s)
    epoch 26/34 loss 0.5437 val acc 0.6129 (1.2s)
    epoch 27/34 loss 0.5440 val acc 0.6452 (1.3s)
    epoch 28/34 loss 0.5423 val acc 0.6774 (1.2s)
    epoch 29/34 loss 0.5422 val acc 0.6774 (1.2s)
    epoch 30/34 loss 0.5416 val acc 0.6129 (1.2s)
    epoch 31/34 loss 0.5415 val acc 0.6774 (1.2s)
    epoch 32/34 loss 0.5414 val acc 0.6774 (1.2s)
    epoch 33/34 loss 0.5416 val acc 0.6774 (1.2s)
    epoch 34/34 loss 0.5414 val acc 0.6774 (1.2s)
  [customer_service.needs_human] test acc 0.7800 macro-F1 0.7210 ECE 0.126 (T=1.01, 42s, 10.03M params)
  [customer_service.urgency] blocks split=14 depth=2, 4 labels, 269 train
    epoch 1/34 loss 1.3037 val acc 0.3871 (1.3s)
    epoch 2/34 loss 1.2215 val acc 0.5161 (1.2s)
    epoch 3/34 loss 1.2153 val acc 0.2581 (1.2s)
    epoch 4/34 loss 1.1876 val acc 0.4839 (1.2s)
    epoch 5/34 loss 1.1694 val acc 0.5161 (1.2s)
    epoch 6/34 loss 1.1490 val acc 0.4194 (1.2s)
    epoch 7/34 loss 1.1191 val acc 0.5484 (1.2s)
    epoch 8/34 loss 1.0573 val acc 0.5161 (1.2s)
    epoch 9/34 loss 0.9887 val acc 0.5806 (1.2s)
    epoch 10/34 loss 1.0091 val acc 0.6129 (1.2s)
    epoch 11/34 loss 0.9716 val acc 0.7419 (1.2s)
    epoch 12/34 loss 0.9174 val acc 0.7419 (1.2s)
    epoch 13/34 loss 0.9068 val acc 0.6129 (1.2s)
    epoch 14/34 loss 0.8913 val acc 0.6774 (1.2s)
    epoch 15/34 loss 0.8737 val acc 0.6129 (1.2s)
    epoch 16/34 loss 0.8750 val acc 0.7097 (1.2s)
    epoch 17/34 loss 0.8789 val acc 0.6129 (1.2s)
    epoch 18/34 loss 0.8656 val acc 0.5806 (1.2s)
    epoch 19/34 loss 0.8676 val acc 0.5806 (1.2s)
    epoch 20/34 loss 0.8615 val acc 0.6129 (1.3s)
    epoch 21/34 loss 0.8587 val acc 0.7097 (1.2s)
    epoch 22/34 loss 0.8548 val acc 0.7419 (1.2s)
    epoch 23/34 loss 0.8496 val acc 0.7097 (1.2s)
    epoch 24/34 loss 0.8468 val acc 0.7097 (1.2s)
    epoch 25/34 loss 0.8451 val acc 0.7097 (1.2s)
    epoch 26/34 loss 0.8441 val acc 0.7097 (1.2s)
    epoch 27/34 loss 0.8419 val acc 0.7097 (1.2s)
    epoch 28/34 loss 0.8421 val acc 0.7097 (1.2s)
    epoch 29/34 loss 0.8416 val acc 0.7097 (1.2s)
    epoch 30/34 loss 0.8414 val acc 0.7097 (1.2s)
    epoch 31/34 loss 0.8413 val acc 0.7097 (1.2s)
    epoch 32/34 loss 0.8415 val acc 0.7097 (1.2s)
    epoch 33/34 loss 0.8407 val acc 0.7097 (1.2s)
    epoch 34/34 loss 0.8402 val acc 0.7097 (1.2s)
  [customer_service.urgency] test acc 0.7000 macro-F1 0.5015 ECE 0.147 (T=1.04, 42s, 10.03M params)
-- typed-decisions 14+2 top seed2: 5 task(s)
  [customer_service.action] blocks split=14 depth=2, 5 labels, 269 train
    epoch 1/34 loss 1.4238 val acc 0.5484 (1.2s)
    epoch 2/34 loss 1.3058 val acc 0.5161 (1.2s)
    epoch 3/34 loss 1.2873 val acc 0.5161 (1.2s)
    epoch 4/34 loss 1.2522 val acc 0.3226 (1.2s)
    epoch 5/34 loss 1.2216 val acc 0.5161 (1.3s)
    epoch 6/34 loss 1.1790 val acc 0.5484 (1.2s)
    epoch 7/34 loss 1.2161 val acc 0.3548 (1.2s)
    epoch 8/34 loss 1.1750 val acc 0.5806 (1.2s)
    epoch 9/34 loss 1.1412 val acc 0.6774 (1.3s)
    epoch 10/34 loss 1.1183 val acc 0.5161 (1.2s)
    epoch 11/34 loss 1.0875 val acc 0.6452 (1.2s)
    epoch 12/34 loss 1.0673 val acc 0.6452 (1.2s)
    epoch 13/34 loss 1.0623 val acc 0.7419 (1.2s)
    epoch 14/34 loss 1.0259 val acc 0.6774 (1.3s)
    epoch 15/34 loss 1.0173 val acc 0.6452 (1.2s)
    epoch 16/34 loss 0.9963 val acc 0.6774 (1.2s)
    epoch 17/34 loss 0.9874 val acc 0.5484 (1.2s)
    epoch 18/34 loss 0.9813 val acc 0.6774 (1.2s)
    epoch 19/34 loss 0.9723 val acc 0.6774 (1.2s)
    epoch 20/34 loss 0.9757 val acc 0.7097 (1.2s)
    epoch 21/34 loss 0.9607 val acc 0.6774 (1.2s)
    epoch 22/34 loss 0.9582 val acc 0.6452 (1.2s)
    epoch 23/34 loss 0.9559 val acc 0.7097 (1.2s)
    epoch 24/34 loss 0.9492 val acc 0.6774 (1.2s)
    epoch 25/34 loss 0.9452 val acc 0.6774 (1.2s)
    epoch 26/34 loss 0.9434 val acc 0.6452 (1.2s)
    epoch 27/34 loss 0.9433 val acc 0.6452 (1.2s)
    epoch 28/34 loss 0.9412 val acc 0.6129 (1.3s)
    epoch 29/34 loss 0.9396 val acc 0.6452 (1.2s)
    epoch 30/34 loss 0.9384 val acc 0.6452 (1.2s)
    epoch 31/34 loss 0.9394 val acc 0.6452 (1.2s)
    epoch 32/34 loss 0.9368 val acc 0.6452 (1.2s)
    epoch 33/34 loss 0.9383 val acc 0.6452 (1.2s)
    epoch 34/34 loss 0.9375 val acc 0.6452 (1.3s)
  [customer_service.action] test acc 0.6000 macro-F1 0.3161 ECE 0.093 (T=1.09, 42s, 10.03M params)
  [customer_service.category] blocks split=14 depth=2, 5 labels, 269 train
    epoch 1/34 loss 1.7343 val acc 0.2581 (1.2s)
    epoch 2/34 loss 1.5899 val acc 0.4194 (1.2s)
    epoch 3/34 loss 1.5270 val acc 0.3871 (1.2s)
    epoch 4/34 loss 1.2234 val acc 0.5806 (1.2s)
    epoch 5/34 loss 0.8628 val acc 0.6774 (1.2s)
    epoch 6/34 loss 0.6756 val acc 0.6774 (1.2s)
    epoch 7/34 loss 0.6071 val acc 0.8065 (1.2s)
    epoch 8/34 loss 0.5730 val acc 0.8387 (1.2s)
    epoch 9/34 loss 0.5136 val acc 0.8710 (1.2s)
    epoch 10/34 loss 0.4932 val acc 0.8387 (1.2s)
    epoch 11/34 loss 0.4742 val acc 0.8387 (1.2s)
    epoch 12/34 loss 0.4728 val acc 0.8387 (1.3s)
    epoch 13/34 loss 0.4527 val acc 0.8387 (1.2s)
    epoch 14/34 loss 0.4442 val acc 0.8710 (1.2s)
    epoch 15/34 loss 0.4329 val acc 0.8387 (1.2s)
    epoch 16/34 loss 0.4258 val acc 0.8387 (1.2s)
    epoch 17/34 loss 0.4205 val acc 0.8065 (1.2s)
    epoch 18/34 loss 0.4195 val acc 0.8387 (1.2s)
    epoch 19/34 loss 0.4159 val acc 0.8065 (1.2s)
    epoch 20/34 loss 0.4148 val acc 0.8387 (1.2s)
    epoch 21/34 loss 0.4123 val acc 0.8387 (1.2s)
    epoch 22/34 loss 0.4100 val acc 0.8710 (1.2s)
    epoch 23/34 loss 0.4112 val acc 0.8065 (1.2s)
    epoch 24/34 loss 0.4070 val acc 0.8387 (1.2s)
    epoch 25/34 loss 0.4076 val acc 0.8710 (1.2s)
    epoch 26/34 loss 0.4064 val acc 0.8387 (1.2s)
    epoch 27/34 loss 0.4051 val acc 0.8387 (1.2s)
    epoch 28/34 loss 0.4044 val acc 0.8710 (1.2s)
    epoch 29/34 loss 0.4030 val acc 0.8387 (1.2s)
    epoch 30/34 loss 0.4039 val acc 0.8387 (1.2s)
    epoch 31/34 loss 0.4039 val acc 0.8710 (1.2s)
    epoch 32/34 loss 0.4036 val acc 0.8710 (1.2s)
    epoch 33/34 loss 0.4041 val acc 0.8710 (1.2s)
    epoch 34/34 loss 0.4030 val acc 0.8710 (1.2s)
  [customer_service.category] test acc 0.8800 macro-F1 0.8623 ECE 0.072 (T=1.04, 42s, 10.03M params)
  [customer_service.churn_risk] blocks split=14 depth=2, 4 labels, 269 train
    epoch 1/34 loss 1.3819 val acc 0.4516 (1.2s)
    epoch 2/34 loss 1.3263 val acc 0.3548 (1.2s)
    epoch 3/34 loss 1.2688 val acc 0.4839 (1.2s)
    epoch 4/34 loss 1.2614 val acc 0.2258 (1.2s)
    epoch 5/34 loss 1.2099 val acc 0.2903 (1.2s)
    epoch 6/34 loss 1.1418 val acc 0.5806 (1.2s)
    epoch 7/34 loss 1.1686 val acc 0.4516 (1.2s)
    epoch 8/34 loss 1.0680 val acc 0.3548 (1.2s)
    epoch 9/34 loss 1.0455 val acc 0.5806 (1.2s)
    epoch 10/34 loss 0.9897 val acc 0.5161 (1.2s)
    epoch 11/34 loss 0.9891 val acc 0.6129 (1.2s)
    epoch 12/34 loss 0.9645 val acc 0.7097 (1.2s)
    epoch 13/34 loss 0.9331 val acc 0.6774 (1.2s)
    epoch 14/34 loss 0.9754 val acc 0.6129 (1.2s)
    epoch 15/34 loss 0.9702 val acc 0.6129 (1.2s)
    epoch 16/34 loss 0.9431 val acc 0.8065 (1.2s)
    epoch 17/34 loss 0.9245 val acc 0.7419 (1.2s)
    epoch 18/34 loss 0.9098 val acc 0.6129 (1.2s)
    epoch 19/34 loss 0.9030 val acc 0.7097 (1.2s)
    epoch 20/34 loss 0.9029 val acc 0.7742 (1.2s)
    epoch 21/34 loss 0.8990 val acc 0.6774 (1.2s)
    epoch 22/34 loss 0.8927 val acc 0.6774 (1.2s)
    epoch 23/34 loss 0.8931 val acc 0.7097 (1.2s)
    epoch 24/34 loss 0.8908 val acc 0.6774 (1.2s)
    epoch 25/34 loss 0.8874 val acc 0.7097 (1.2s)
    epoch 26/34 loss 0.8859 val acc 0.7097 (1.2s)
    epoch 27/34 loss 0.8840 val acc 0.6774 (1.2s)
    epoch 28/34 loss 0.8841 val acc 0.6774 (1.2s)
    epoch 29/34 loss 0.8837 val acc 0.6774 (1.2s)
    epoch 30/34 loss 0.8834 val acc 0.6774 (1.2s)
    epoch 31/34 loss 0.8827 val acc 0.6774 (1.2s)
    epoch 32/34 loss 0.8826 val acc 0.6774 (1.2s)
    epoch 33/34 loss 0.8827 val acc 0.6774 (1.2s)
    epoch 34/34 loss 0.8829 val acc 0.6774 (1.2s)
  [customer_service.churn_risk] test acc 0.8200 macro-F1 0.6222 ECE 0.301 (T=1.18, 42s, 10.03M params)
  [customer_service.needs_human] blocks split=14 depth=2, 2 labels, 269 train
    epoch 1/34 loss 0.7562 val acc 0.7419 (1.2s)
    epoch 2/34 loss 0.7055 val acc 0.2903 (1.2s)
    epoch 3/34 loss 0.7019 val acc 0.2903 (1.2s)
    epoch 4/34 loss 0.7623 val acc 0.4839 (1.2s)
    epoch 5/34 loss 0.6726 val acc 0.5484 (1.2s)
    epoch 6/34 loss 0.6401 val acc 0.6129 (1.2s)
    epoch 7/34 loss 0.7415 val acc 0.3871 (1.2s)
    epoch 8/34 loss 0.6758 val acc 0.5484 (1.2s)
    epoch 9/34 loss 0.6518 val acc 0.3871 (1.2s)
    epoch 10/34 loss 0.6417 val acc 0.6774 (1.2s)
    epoch 11/34 loss 0.6015 val acc 0.8710 (1.2s)
    epoch 12/34 loss 0.6098 val acc 0.8387 (1.2s)
    epoch 13/34 loss 0.6073 val acc 0.6452 (1.2s)
    epoch 14/34 loss 0.6199 val acc 0.7097 (1.2s)
    epoch 15/34 loss 0.6031 val acc 0.8065 (1.2s)
    epoch 16/34 loss 0.6014 val acc 0.8065 (1.2s)
    epoch 17/34 loss 0.5782 val acc 0.8710 (1.2s)
    epoch 18/34 loss 0.5637 val acc 0.8387 (1.2s)
    epoch 19/34 loss 0.5606 val acc 0.8065 (1.2s)
    epoch 20/34 loss 0.5531 val acc 0.7742 (1.2s)
    epoch 21/34 loss 0.5522 val acc 0.8065 (1.2s)
    epoch 22/34 loss 0.5492 val acc 0.8387 (1.2s)
    epoch 23/34 loss 0.5458 val acc 0.7742 (1.3s)
    epoch 24/34 loss 0.5435 val acc 0.7742 (1.2s)
    epoch 25/34 loss 0.5427 val acc 0.8065 (1.2s)
    epoch 26/34 loss 0.5433 val acc 0.7742 (1.2s)
    epoch 27/34 loss 0.5420 val acc 0.8065 (1.2s)
    epoch 28/34 loss 0.5419 val acc 0.8065 (1.2s)
    epoch 29/34 loss 0.5419 val acc 0.8065 (1.2s)
    epoch 30/34 loss 0.5422 val acc 0.7742 (1.2s)
    epoch 31/34 loss 0.5414 val acc 0.8065 (1.2s)
    epoch 32/34 loss 0.5422 val acc 0.8065 (1.3s)
    epoch 33/34 loss 0.5414 val acc 0.8065 (1.2s)
    epoch 34/34 loss 0.5415 val acc 0.8065 (1.2s)
  [customer_service.needs_human] test acc 0.8400 macro-F1 0.7971 ECE 0.121 (T=0.78, 42s, 10.03M params)
  [customer_service.urgency] blocks split=14 depth=2, 4 labels, 269 train
    epoch 1/34 loss 1.3315 val acc 0.4839 (1.2s)
    epoch 2/34 loss 1.2090 val acc 0.2581 (1.2s)
    epoch 3/34 loss 1.2237 val acc 0.2581 (1.2s)
    epoch 4/34 loss 1.1809 val acc 0.5161 (1.2s)
    epoch 5/34 loss 1.1681 val acc 0.3548 (1.2s)
    epoch 6/34 loss 1.1428 val acc 0.2903 (1.3s)
    epoch 7/34 loss 1.1127 val acc 0.5484 (1.2s)
    epoch 8/34 loss 1.0817 val acc 0.5484 (1.2s)
    epoch 9/34 loss 1.0633 val acc 0.6129 (1.2s)
    epoch 10/34 loss 1.0222 val acc 0.6774 (1.2s)
    epoch 11/34 loss 0.9794 val acc 0.6452 (1.2s)
    epoch 12/34 loss 0.9725 val acc 0.6129 (1.2s)
    epoch 13/34 loss 1.1742 val acc 0.5806 (1.2s)
    epoch 14/34 loss 0.9474 val acc 0.5806 (1.2s)
    epoch 15/34 loss 0.9140 val acc 0.7097 (1.2s)
    epoch 16/34 loss 0.9144 val acc 0.7097 (1.2s)
    epoch 17/34 loss 0.8914 val acc 0.6129 (1.2s)
    epoch 18/34 loss 0.8735 val acc 0.7419 (1.2s)
    epoch 19/34 loss 0.8687 val acc 0.7097 (1.3s)
    epoch 20/34 loss 0.8678 val acc 0.6774 (1.2s)
    epoch 21/34 loss 0.8599 val acc 0.7097 (1.2s)
    epoch 22/34 loss 0.8585 val acc 0.7419 (1.2s)
    epoch 23/34 loss 0.8545 val acc 0.6452 (1.2s)
    epoch 24/34 loss 0.8524 val acc 0.7097 (1.2s)
    epoch 25/34 loss 0.8557 val acc 0.6774 (1.2s)
    epoch 26/34 loss 0.8470 val acc 0.6774 (1.2s)
    epoch 27/34 loss 0.8444 val acc 0.7097 (1.2s)
    epoch 28/34 loss 0.8447 val acc 0.6774 (1.2s)
    epoch 29/34 loss 0.8426 val acc 0.6774 (1.3s)
    epoch 30/34 loss 0.8435 val acc 0.6774 (1.2s)
    epoch 31/34 loss 0.8417 val acc 0.6774 (1.3s)
    epoch 32/34 loss 0.8418 val acc 0.6452 (1.2s)
    epoch 33/34 loss 0.8426 val acc 0.6774 (1.2s)
    epoch 34/34 loss 0.8419 val acc 0.6774 (1.2s)
  [customer_service.urgency] test acc 0.6800 macro-F1 0.4894 ECE 0.137 (T=1.08, 42s, 10.03M params)
-- typed-decisions 14+2 random seed2: 5 task(s)
  [customer_service.action] blocks split=14 depth=2, 5 labels, 269 train
    epoch 1/34 loss 1.6254 val acc 0.5484 (1.2s)
    epoch 2/34 loss 1.4012 val acc 0.5161 (1.2s)
    epoch 3/34 loss 1.2930 val acc 0.5484 (1.2s)
    epoch 4/34 loss 1.2756 val acc 0.6129 (1.2s)
    epoch 5/34 loss 1.2750 val acc 0.5484 (1.2s)
    epoch 6/34 loss 1.2608 val acc 0.5161 (1.2s)
    epoch 7/34 loss 1.2383 val acc 0.4516 (1.2s)
    epoch 8/34 loss 1.2303 val acc 0.4516 (1.2s)
    epoch 9/34 loss 1.2201 val acc 0.5161 (1.2s)
    epoch 10/34 loss 1.2069 val acc 0.5484 (1.2s)
    epoch 11/34 loss 1.1834 val acc 0.5484 (1.2s)
    epoch 12/34 loss 1.1683 val acc 0.5806 (1.2s)
    epoch 13/34 loss 1.1605 val acc 0.6129 (1.2s)
    epoch 14/34 loss 1.1418 val acc 0.5161 (1.2s)
    epoch 15/34 loss 1.1341 val acc 0.4839 (1.3s)
    epoch 16/34 loss 1.1370 val acc 0.6129 (1.3s)
    epoch 17/34 loss 1.1315 val acc 0.6129 (1.3s)
    epoch 18/34 loss 1.1193 val acc 0.6452 (1.3s)
    epoch 19/34 loss 1.1142 val acc 0.5806 (1.3s)
    epoch 20/34 loss 1.1040 val acc 0.6129 (1.3s)
    epoch 21/34 loss 1.0983 val acc 0.5806 (1.3s)
    epoch 22/34 loss 1.0840 val acc 0.5806 (1.3s)
    epoch 23/34 loss 1.0788 val acc 0.5806 (1.3s)
    epoch 24/34 loss 1.0712 val acc 0.6452 (1.3s)
    epoch 25/34 loss 1.0656 val acc 0.6129 (1.3s)
    epoch 26/34 loss 1.0619 val acc 0.6452 (1.3s)
    epoch 27/34 loss 1.0593 val acc 0.6452 (1.3s)
    epoch 28/34 loss 1.0554 val acc 0.6774 (1.3s)
    epoch 29/34 loss 1.0509 val acc 0.6452 (1.3s)
    epoch 30/34 loss 1.0502 val acc 0.6774 (1.3s)
    epoch 31/34 loss 1.0481 val acc 0.6774 (1.3s)
    epoch 32/34 loss 1.0476 val acc 0.6774 (1.3s)
    epoch 33/34 loss 1.0487 val acc 0.6774 (1.3s)
    epoch 34/34 loss 1.0484 val acc 0.6774 (1.3s)
  [customer_service.action] test acc 0.6400 macro-F1 0.3417 ECE 0.139 (T=1.01, 44s, 10.03M params)
  [customer_service.category] blocks split=14 depth=2, 5 labels, 269 train
    epoch 1/34 loss 2.0800 val acc 0.1290 (1.3s)
    epoch 2/34 loss 1.7432 val acc 0.1290 (1.3s)
    epoch 3/34 loss 1.6024 val acc 0.3226 (1.3s)
    epoch 4/34 loss 1.5848 val acc 0.3226 (1.3s)
    epoch 5/34 loss 1.5346 val acc 0.1935 (1.3s)
    epoch 6/34 loss 1.5213 val acc 0.2903 (1.3s)
    epoch 7/34 loss 1.4570 val acc 0.2258 (1.3s)
    epoch 8/34 loss 1.3948 val acc 0.3226 (1.3s)
    epoch 9/34 loss 1.2446 val acc 0.4839 (1.3s)
    epoch 10/34 loss 0.9662 val acc 0.5806 (1.3s)
    epoch 11/34 loss 0.7780 val acc 0.7419 (1.3s)
    epoch 12/34 loss 0.6877 val acc 0.6774 (1.3s)
    epoch 13/34 loss 0.6409 val acc 0.7097 (1.3s)
    epoch 14/34 loss 0.5845 val acc 0.8065 (1.3s)
    epoch 15/34 loss 0.5337 val acc 0.7742 (1.3s)
    epoch 16/34 loss 0.5140 val acc 0.7742 (1.3s)
    epoch 17/34 loss 0.5039 val acc 0.7742 (1.3s)
    epoch 18/34 loss 0.4860 val acc 0.8065 (1.3s)
    epoch 19/34 loss 0.4764 val acc 0.8065 (1.3s)
    epoch 20/34 loss 0.4645 val acc 0.7097 (1.3s)
    epoch 21/34 loss 0.4609 val acc 0.8065 (1.3s)
    epoch 22/34 loss 0.4556 val acc 0.7742 (1.3s)
    epoch 23/34 loss 0.4486 val acc 0.8065 (1.3s)
    epoch 24/34 loss 0.4464 val acc 0.7742 (1.3s)
    epoch 25/34 loss 0.4429 val acc 0.7742 (1.3s)
    epoch 26/34 loss 0.4413 val acc 0.7742 (1.3s)
    epoch 27/34 loss 0.4409 val acc 0.7742 (1.3s)
    epoch 28/34 loss 0.4397 val acc 0.8065 (1.3s)
    epoch 29/34 loss 0.4393 val acc 0.8065 (1.3s)
    epoch 30/34 loss 0.4373 val acc 0.7742 (1.3s)
    epoch 31/34 loss 0.4367 val acc 0.7742 (1.3s)
    epoch 32/34 loss 0.4362 val acc 0.7742 (1.3s)
    epoch 33/34 loss 0.4368 val acc 0.7742 (1.3s)
    epoch 34/34 loss 0.4375 val acc 0.7742 (1.4s)
  [customer_service.category] test acc 0.9000 macro-F1 0.8647 ECE 0.108 (T=1.14, 45s, 10.03M params)
  [customer_service.churn_risk] blocks split=14 depth=2, 4 labels, 269 train
    epoch 1/34 loss 1.4669 val acc 0.5161 (1.3s)
    epoch 2/34 loss 1.3427 val acc 0.2903 (1.3s)
    epoch 3/34 loss 1.3319 val acc 0.5161 (1.3s)
    epoch 4/34 loss 1.3104 val acc 0.4194 (1.3s)
    epoch 5/34 loss 1.2778 val acc 0.4839 (1.3s)
    epoch 6/34 loss 1.2611 val acc 0.5484 (1.3s)
    epoch 7/34 loss 1.2559 val acc 0.4839 (1.3s)
    epoch 8/34 loss 1.2419 val acc 0.4839 (1.3s)
    epoch 9/34 loss 1.2227 val acc 0.5161 (1.3s)
    epoch 10/34 loss 1.2024 val acc 0.5484 (1.3s)
    epoch 11/34 loss 1.1400 val acc 0.5806 (1.3s)
    epoch 12/34 loss 1.0983 val acc 0.5161 (1.3s)
    epoch 13/34 loss 1.0495 val acc 0.7742 (1.3s)
    epoch 14/34 loss 1.0123 val acc 0.6774 (1.3s)
    epoch 15/34 loss 1.0063 val acc 0.7097 (1.3s)
    epoch 16/34 loss 1.0003 val acc 0.7419 (1.3s)
    epoch 17/34 loss 0.9795 val acc 0.7419 (1.3s)
    epoch 18/34 loss 0.9731 val acc 0.7419 (1.3s)
    epoch 19/34 loss 0.9578 val acc 0.8065 (1.3s)
    epoch 20/34 loss 0.9488 val acc 0.8065 (1.3s)
    epoch 21/34 loss 0.9390 val acc 0.7097 (1.3s)
    epoch 22/34 loss 0.9372 val acc 0.8065 (1.3s)
    epoch 23/34 loss 0.9307 val acc 0.7419 (1.3s)
    epoch 24/34 loss 0.9284 val acc 0.7742 (1.3s)
    epoch 25/34 loss 0.9267 val acc 0.7742 (1.3s)
    epoch 26/34 loss 0.9207 val acc 0.7742 (1.3s)
    epoch 27/34 loss 0.9219 val acc 0.8065 (1.3s)
    epoch 28/34 loss 0.9192 val acc 0.7742 (1.3s)
    epoch 29/34 loss 0.9187 val acc 0.7742 (1.3s)
    epoch 30/34 loss 0.9179 val acc 0.7742 (1.3s)
    epoch 31/34 loss 0.9163 val acc 0.7742 (1.3s)
    epoch 32/34 loss 0.9160 val acc 0.7742 (1.3s)
    epoch 33/34 loss 0.9145 val acc 0.7742 (1.3s)
    epoch 34/34 loss 0.9144 val acc 0.7742 (1.3s)
  [customer_service.churn_risk] test acc 0.8000 macro-F1 0.6829 ECE 0.259 (T=1.16, 45s, 10.03M params)
  [customer_service.needs_human] blocks split=14 depth=2, 2 labels, 269 train
    epoch 1/34 loss 0.6839 val acc 0.7419 (1.3s)
    epoch 2/34 loss 0.6964 val acc 0.7419 (1.3s)
    epoch 3/34 loss 0.6695 val acc 0.7419 (1.3s)
    epoch 4/34 loss 0.6698 val acc 0.7097 (1.3s)
    epoch 5/34 loss 0.6722 val acc 0.7097 (1.3s)
    epoch 6/34 loss 0.6685 val acc 0.6452 (1.3s)
    epoch 7/34 loss 0.6717 val acc 0.7097 (1.3s)
    epoch 8/34 loss 0.6598 val acc 0.7419 (1.3s)
    epoch 9/34 loss 0.6717 val acc 0.3226 (1.3s)
    epoch 10/34 loss 0.6545 val acc 0.7419 (1.3s)
    epoch 11/34 loss 0.6432 val acc 0.7419 (1.3s)
    epoch 12/34 loss 0.6441 val acc 0.7419 (1.3s)
    epoch 13/34 loss 0.6360 val acc 0.7419 (1.3s)
    epoch 14/34 loss 0.6277 val acc 0.7097 (1.3s)
    epoch 15/34 loss 0.6174 val acc 0.7742 (1.3s)
    epoch 16/34 loss 0.6189 val acc 0.7742 (1.3s)
    epoch 17/34 loss 0.6208 val acc 0.7419 (1.3s)
    epoch 18/34 loss 0.6044 val acc 0.7742 (1.3s)
    epoch 19/34 loss 0.6005 val acc 0.8387 (1.3s)
    epoch 20/34 loss 0.5976 val acc 0.8387 (1.3s)
    epoch 21/34 loss 0.5951 val acc 0.7097 (1.3s)
    epoch 22/34 loss 0.5906 val acc 0.7097 (1.3s)
    epoch 23/34 loss 0.5885 val acc 0.8065 (1.3s)
    epoch 24/34 loss 0.5863 val acc 0.8065 (1.3s)
    epoch 25/34 loss 0.5857 val acc 0.8065 (1.3s)
    epoch 26/34 loss 0.5846 val acc 0.6774 (1.3s)
    epoch 27/34 loss 0.5829 val acc 0.7419 (1.3s)
    epoch 28/34 loss 0.5804 val acc 0.7097 (1.3s)
    epoch 29/34 loss 0.5816 val acc 0.7419 (1.3s)
    epoch 30/34 loss 0.5798 val acc 0.7419 (1.3s)
    epoch 31/34 loss 0.5790 val acc 0.7419 (1.3s)
    epoch 32/34 loss 0.5812 val acc 0.7419 (1.3s)
    epoch 33/34 loss 0.5784 val acc 0.7419 (1.3s)
    epoch 34/34 loss 0.5789 val acc 0.7419 (1.3s)
  [customer_service.needs_human] test acc 0.8200 macro-F1 0.7717 ECE 0.097 (T=0.84, 45s, 10.03M params)
  [customer_service.urgency] blocks split=14 depth=2, 4 labels, 269 train
    epoch 1/34 loss 1.3769 val acc 0.2581 (1.3s)
    epoch 2/34 loss 1.2322 val acc 0.5161 (1.3s)
    epoch 3/34 loss 1.2215 val acc 0.2581 (1.3s)
    epoch 4/34 loss 1.2065 val acc 0.5161 (1.3s)
    epoch 5/34 loss 1.1699 val acc 0.4194 (1.3s)
    epoch 6/34 loss 1.1840 val acc 0.3871 (1.3s)
    epoch 7/34 loss 1.1629 val acc 0.5484 (1.3s)
    epoch 8/34 loss 1.1525 val acc 0.5161 (1.3s)
    epoch 9/34 loss 1.1464 val acc 0.5161 (1.3s)
    epoch 10/34 loss 1.1381 val acc 0.4839 (1.3s)
    epoch 11/34 loss 1.1275 val acc 0.5161 (1.3s)
    epoch 12/34 loss 1.0722 val acc 0.5161 (1.3s)
    epoch 13/34 loss 1.0316 val acc 0.6129 (1.3s)
    epoch 14/34 loss 0.9990 val acc 0.6129 (1.3s)
    epoch 15/34 loss 0.9675 val acc 0.5484 (1.3s)
    epoch 16/34 loss 0.9530 val acc 0.6452 (1.3s)
    epoch 17/34 loss 0.9533 val acc 0.6774 (1.3s)
    epoch 18/34 loss 0.9420 val acc 0.6129 (1.3s)
    epoch 19/34 loss 0.9340 val acc 0.5484 (1.3s)
    epoch 20/34 loss 0.9334 val acc 0.5806 (1.3s)
    epoch 21/34 loss 0.9141 val acc 0.6452 (1.3s)
    epoch 22/34 loss 0.9197 val acc 0.7097 (1.3s)
    epoch 23/34 loss 0.9076 val acc 0.6452 (1.3s)
    epoch 24/34 loss 0.8995 val acc 0.6774 (1.3s)
    epoch 25/34 loss 0.8985 val acc 0.6452 (1.3s)
    epoch 26/34 loss 0.8946 val acc 0.7097 (1.3s)
    epoch 27/34 loss 0.8911 val acc 0.7097 (1.3s)
    epoch 28/34 loss 0.8905 val acc 0.7097 (1.3s)
    epoch 29/34 loss 0.8919 val acc 0.7097 (1.3s)
    epoch 30/34 loss 0.8901 val acc 0.6452 (1.3s)
    epoch 31/34 loss 0.8895 val acc 0.6774 (1.3s)
    epoch 32/34 loss 0.8896 val acc 0.7097 (1.3s)
    epoch 33/34 loss 0.8900 val acc 0.7097 (1.3s)
    epoch 34/34 loss 0.8889 val acc 0.7097 (1.3s)
  [customer_service.urgency] test acc 0.7400 macro-F1 0.5368 ECE 0.170 (T=1.01, 45s, 10.03M params)
-- typed-decisions 20+2 next seed0: 5 task(s)
  cached trunk depth 20 for 1600 messages in 5.7s (559 MB)
  [customer_service.action] blocks split=20 depth=2, 5 labels, 269 train
    epoch 1/34 loss 1.5146 val acc 0.5484 (1.3s)
    epoch 2/34 loss 1.3322 val acc 0.5484 (1.3s)
    epoch 3/34 loss 1.2801 val acc 0.5161 (1.3s)
    epoch 4/34 loss 1.2431 val acc 0.5161 (1.3s)
    epoch 5/34 loss 1.2187 val acc 0.5161 (1.3s)
    epoch 6/34 loss 1.1895 val acc 0.5484 (1.3s)
    epoch 7/34 loss 1.1668 val acc 0.5161 (1.3s)
    epoch 8/34 loss 1.1343 val acc 0.5484 (1.3s)
    epoch 9/34 loss 1.1146 val acc 0.5484 (1.3s)
    epoch 10/34 loss 1.1021 val acc 0.5806 (1.3s)
    epoch 11/34 loss 1.0800 val acc 0.6452 (1.3s)
    epoch 12/34 loss 1.0672 val acc 0.6774 (1.3s)
    epoch 13/34 loss 1.0495 val acc 0.7742 (1.3s)
    epoch 14/34 loss 1.0427 val acc 0.5161 (1.3s)
    epoch 15/34 loss 1.0224 val acc 0.6774 (1.3s)
    epoch 16/34 loss 1.0136 val acc 0.6129 (1.3s)
    epoch 17/34 loss 1.0013 val acc 0.5806 (1.3s)
    epoch 18/34 loss 0.9883 val acc 0.5484 (1.3s)
    epoch 19/34 loss 0.9837 val acc 0.5161 (1.3s)
    epoch 20/34 loss 0.9782 val acc 0.5161 (1.3s)
    epoch 21/34 loss 0.9740 val acc 0.6129 (1.3s)
    epoch 22/34 loss 0.9651 val acc 0.6129 (1.3s)
    epoch 23/34 loss 0.9625 val acc 0.6452 (1.3s)
    epoch 24/34 loss 0.9628 val acc 0.5484 (1.3s)
    epoch 25/34 loss 0.9569 val acc 0.6452 (1.3s)
    epoch 26/34 loss 0.9535 val acc 0.6129 (1.3s)
    epoch 27/34 loss 0.9517 val acc 0.6129 (1.3s)
    epoch 28/34 loss 0.9509 val acc 0.6129 (1.3s)
    epoch 29/34 loss 0.9491 val acc 0.6129 (1.3s)
    epoch 30/34 loss 0.9493 val acc 0.6129 (1.3s)
    epoch 31/34 loss 0.9491 val acc 0.6129 (1.3s)
    epoch 32/34 loss 0.9471 val acc 0.6129 (1.3s)
    epoch 33/34 loss 0.9485 val acc 0.6129 (1.3s)
    epoch 34/34 loss 0.9475 val acc 0.6129 (1.3s)
  [customer_service.action] test acc 0.5800 macro-F1 0.3166 ECE 0.100 (T=1.14, 45s, 10.03M params)
  [customer_service.category] blocks split=20 depth=2, 5 labels, 269 train
    epoch 1/34 loss 1.6803 val acc 0.1613 (1.3s)
    epoch 2/34 loss 1.5617 val acc 0.2581 (1.3s)
    epoch 3/34 loss 1.5304 val acc 0.5161 (1.3s)
    epoch 4/34 loss 1.4052 val acc 0.2258 (1.3s)
    epoch 5/34 loss 1.1290 val acc 0.6774 (1.3s)
    epoch 6/34 loss 0.7354 val acc 0.7419 (1.3s)
    epoch 7/34 loss 0.6304 val acc 0.7419 (1.3s)
    epoch 8/34 loss 0.5513 val acc 0.7419 (1.3s)
    epoch 9/34 loss 0.5201 val acc 0.7419 (1.3s)
    epoch 10/34 loss 0.4832 val acc 0.7419 (1.3s)
    epoch 11/34 loss 0.4667 val acc 0.7742 (1.3s)
    epoch 12/34 loss 0.4586 val acc 0.7742 (1.3s)
    epoch 13/34 loss 0.4492 val acc 0.7419 (1.3s)
    epoch 14/34 loss 0.4461 val acc 0.7742 (1.3s)
    epoch 15/34 loss 0.4360 val acc 0.7742 (1.3s)
    epoch 16/34 loss 0.4267 val acc 0.7742 (1.3s)
    epoch 17/34 loss 0.4271 val acc 0.7742 (1.3s)
    epoch 18/34 loss 0.4237 val acc 0.8387 (1.3s)
    epoch 19/34 loss 0.4215 val acc 0.8065 (1.3s)
    epoch 20/34 loss 0.4171 val acc 0.7742 (1.3s)
    epoch 21/34 loss 0.4169 val acc 0.8065 (1.3s)
    epoch 22/34 loss 0.4147 val acc 0.8065 (1.3s)
    epoch 23/34 loss 0.4130 val acc 0.8065 (1.3s)
    epoch 24/34 loss 0.4135 val acc 0.8065 (1.3s)
    epoch 25/34 loss 0.4132 val acc 0.8065 (1.3s)
    epoch 26/34 loss 0.4121 val acc 0.7742 (1.3s)
    epoch 27/34 loss 0.4109 val acc 0.8065 (1.3s)
    epoch 28/34 loss 0.4106 val acc 0.8065 (1.3s)
    epoch 29/34 loss 0.4106 val acc 0.8065 (1.3s)
    epoch 30/34 loss 0.4101 val acc 0.7742 (1.3s)
    epoch 31/34 loss 0.4108 val acc 0.8065 (1.3s)
    epoch 32/34 loss 0.4094 val acc 0.8065 (1.3s)
    epoch 33/34 loss 0.4094 val acc 0.8065 (1.3s)
    epoch 34/34 loss 0.4104 val acc 0.8065 (1.3s)
  [customer_service.category] test acc 0.9100 macro-F1 0.8930 ECE 0.116 (T=1.04, 44s, 10.03M params)
  [customer_service.churn_risk] blocks split=20 depth=2, 4 labels, 269 train
    epoch 1/34 loss 1.4777 val acc 0.5161 (1.3s)
    epoch 2/34 loss 1.3337 val acc 0.4839 (1.3s)
    epoch 3/34 loss 1.3059 val acc 0.4194 (1.3s)
    epoch 4/34 loss 1.2718 val acc 0.5806 (1.3s)
    epoch 5/34 loss 1.2499 val acc 0.2581 (1.3s)
    epoch 6/34 loss 1.2372 val acc 0.3226 (1.3s)
    epoch 7/34 loss 1.2007 val acc 0.5161 (1.3s)
    epoch 8/34 loss 1.1369 val acc 0.5484 (1.3s)
    epoch 9/34 loss 1.0724 val acc 0.6774 (1.3s)
    epoch 10/34 loss 1.0159 val acc 0.6452 (1.3s)
    epoch 11/34 loss 0.9941 val acc 0.7742 (1.3s)
    epoch 12/34 loss 0.9750 val acc 0.7419 (1.3s)
    epoch 13/34 loss 0.9531 val acc 0.7742 (1.3s)
    epoch 14/34 loss 0.9430 val acc 0.7419 (1.3s)
    epoch 15/34 loss 0.9352 val acc 0.8065 (1.3s)
    epoch 16/34 loss 0.9226 val acc 0.7742 (1.3s)
    epoch 17/34 loss 0.9132 val acc 0.8065 (1.3s)
    epoch 18/34 loss 0.9100 val acc 0.8065 (1.3s)
    epoch 19/34 loss 0.9036 val acc 0.7419 (1.3s)
    epoch 20/34 loss 0.9034 val acc 0.8065 (1.3s)
    epoch 21/34 loss 0.8959 val acc 0.7419 (1.3s)
    epoch 22/34 loss 0.8945 val acc 0.8065 (1.3s)
    epoch 23/34 loss 0.8940 val acc 0.7419 (1.3s)
    epoch 24/34 loss 0.8929 val acc 0.8065 (1.3s)
    epoch 25/34 loss 0.8902 val acc 0.7419 (1.3s)
    epoch 26/34 loss 0.8890 val acc 0.8387 (1.3s)
    epoch 27/34 loss 0.8876 val acc 0.8387 (1.3s)
    epoch 28/34 loss 0.8879 val acc 0.8065 (1.3s)
    epoch 29/34 loss 0.8863 val acc 0.8387 (1.2s)
    epoch 30/34 loss 0.8865 val acc 0.8387 (1.2s)
    epoch 31/34 loss 0.8864 val acc 0.8065 (1.2s)
    epoch 32/34 loss 0.8855 val acc 0.8065 (1.2s)
    epoch 33/34 loss 0.8862 val acc 0.8065 (1.2s)
    epoch 34/34 loss 0.8869 val acc 0.8065 (1.2s)
  [customer_service.churn_risk] test acc 0.7800 macro-F1 0.5954 ECE 0.222 (T=1.07, 44s, 10.03M params)
  [customer_service.needs_human] blocks split=20 depth=2, 2 labels, 269 train
    epoch 1/34 loss 0.7135 val acc 0.7419 (1.2s)
    epoch 2/34 loss 0.6992 val acc 0.7419 (1.2s)
    epoch 3/34 loss 0.6636 val acc 0.7419 (1.2s)
    epoch 4/34 loss 0.6653 val acc 0.4839 (1.2s)
    epoch 5/34 loss 0.6362 val acc 0.7419 (1.2s)
    epoch 6/34 loss 0.6282 val acc 0.7097 (1.2s)
    epoch 7/34 loss 0.6105 val acc 0.6129 (1.2s)
    epoch 8/34 loss 0.6072 val acc 0.4194 (1.2s)
    epoch 9/34 loss 0.6146 val acc 0.6774 (1.2s)
    epoch 10/34 loss 0.6137 val acc 0.7419 (1.2s)
    epoch 11/34 loss 0.5915 val acc 0.7419 (1.2s)
    epoch 12/34 loss 0.6241 val acc 0.5161 (1.2s)
    epoch 13/34 loss 0.5842 val acc 0.7742 (1.2s)
    epoch 14/34 loss 0.5788 val acc 0.7742 (1.2s)
    epoch 15/34 loss 0.5694 val acc 0.6774 (1.2s)
    epoch 16/34 loss 0.5706 val acc 0.5806 (1.2s)
    epoch 17/34 loss 0.5628 val acc 0.6452 (1.2s)
    epoch 18/34 loss 0.5612 val acc 0.7419 (1.2s)
    epoch 19/34 loss 0.5580 val acc 0.5806 (1.2s)
    epoch 20/34 loss 0.5583 val acc 0.6129 (1.2s)
    epoch 21/34 loss 0.5542 val acc 0.7742 (1.2s)
    epoch 22/34 loss 0.5531 val acc 0.7742 (1.2s)
    epoch 23/34 loss 0.5496 val acc 0.7419 (1.2s)
    epoch 24/34 loss 0.5527 val acc 0.5806 (0.8s)
    epoch 25/34 loss 0.5513 val acc 0.7097 (0.7s)
    epoch 26/34 loss 0.5505 val acc 0.5806 (0.8s)
    epoch 27/34 loss 0.5492 val acc 0.7419 (0.7s)
    epoch 28/34 loss 0.5484 val acc 0.7097 (0.7s)
    epoch 29/34 loss 0.5477 val acc 0.6452 (0.7s)
    epoch 30/34 loss 0.5469 val acc 0.7419 (0.7s)
    epoch 31/34 loss 0.5470 val acc 0.7419 (0.7s)
    epoch 32/34 loss 0.5468 val acc 0.7419 (0.7s)
    epoch 33/34 loss 0.5461 val acc 0.7097 (0.7s)
    epoch 34/34 loss 0.5470 val acc 0.7097 (0.7s)
  [customer_service.needs_human] test acc 0.7900 macro-F1 0.7523 ECE 0.111 (T=1.05, 36s, 10.03M params)
  [customer_service.urgency] blocks split=20 depth=2, 4 labels, 269 train
    epoch 1/34 loss 1.5609 val acc 0.2581 (0.7s)
    epoch 2/34 loss 1.2891 val acc 0.5161 (0.7s)
    epoch 3/34 loss 1.1862 val acc 0.5161 (0.7s)
    epoch 4/34 loss 1.1808 val acc 0.5484 (1.0s)
    epoch 5/34 loss 1.1692 val acc 0.5161 (1.0s)
    epoch 6/34 loss 1.1313 val acc 0.4194 (0.9s)
    epoch 7/34 loss 1.1054 val acc 0.5806 (1.1s)
    epoch 8/34 loss 1.0560 val acc 0.5806 (1.1s)
    epoch 9/34 loss 1.0168 val acc 0.6129 (1.1s)
    epoch 10/34 loss 0.9750 val acc 0.6129 (1.1s)
    epoch 11/34 loss 0.9345 val acc 0.6129 (1.1s)
    epoch 12/34 loss 0.9438 val acc 0.6452 (1.1s)
    epoch 13/34 loss 0.9381 val acc 0.6452 (1.1s)
    epoch 14/34 loss 0.9198 val acc 0.6129 (1.1s)
    epoch 15/34 loss 0.9055 val acc 0.6452 (1.1s)
    epoch 16/34 loss 0.8883 val acc 0.6774 (1.1s)
    epoch 17/34 loss 0.8820 val acc 0.6452 (1.1s)
    epoch 18/34 loss 0.8732 val acc 0.6452 (1.1s)
    epoch 19/34 loss 0.8669 val acc 0.6774 (1.1s)
    epoch 20/34 loss 0.8647 val acc 0.6452 (1.2s)
    epoch 21/34 loss 0.8595 val acc 0.6452 (1.2s)
    epoch 22/34 loss 0.8544 val acc 0.6774 (1.2s)
    epoch 23/34 loss 0.8531 val acc 0.6774 (1.2s)
    epoch 24/34 loss 0.8543 val acc 0.6452 (1.2s)
    epoch 25/34 loss 0.8506 val acc 0.6774 (1.2s)
    epoch 26/34 loss 0.8489 val acc 0.6452 (1.2s)
    epoch 27/34 loss 0.8471 val acc 0.6774 (1.2s)
    epoch 28/34 loss 0.8475 val acc 0.6774 (1.2s)
    epoch 29/34 loss 0.8478 val acc 0.6774 (1.2s)
    epoch 30/34 loss 0.8467 val acc 0.6774 (1.2s)
    epoch 31/34 loss 0.8459 val acc 0.6774 (1.2s)
    epoch 32/34 loss 0.8467 val acc 0.6774 (1.2s)
    epoch 33/34 loss 0.8468 val acc 0.6774 (1.2s)
    epoch 34/34 loss 0.8469 val acc 0.6774 (1.2s)
  [customer_service.urgency] test acc 0.6700 macro-F1 0.4784 ECE 0.116 (T=1.05, 38s, 10.03M params)
-- typed-decisions 20+2 top seed0: 5 task(s)
  [customer_service.action] blocks split=20 depth=2, 5 labels, 269 train
    epoch 1/34 loss 1.4538 val acc 0.5484 (1.2s)
    epoch 2/34 loss 1.3206 val acc 0.5484 (1.2s)
    epoch 3/34 loss 1.2676 val acc 0.5161 (1.2s)
    epoch 4/34 loss 1.2507 val acc 0.4839 (1.2s)
    epoch 5/34 loss 1.2154 val acc 0.5161 (1.2s)
    epoch 6/34 loss 1.1818 val acc 0.5161 (1.2s)
    epoch 7/34 loss 1.1583 val acc 0.5161 (1.2s)
    epoch 8/34 loss 1.1313 val acc 0.5806 (1.2s)
    epoch 9/34 loss 1.1055 val acc 0.4194 (1.2s)
    epoch 10/34 loss 1.1093 val acc 0.5806 (1.2s)
    epoch 11/34 loss 1.0729 val acc 0.6452 (1.2s)
    epoch 12/34 loss 1.0616 val acc 0.5484 (1.2s)
    epoch 13/34 loss 1.0333 val acc 0.6129 (1.2s)
    epoch 14/34 loss 1.0258 val acc 0.6452 (1.2s)
    epoch 15/34 loss 1.0148 val acc 0.6774 (1.2s)
    epoch 16/34 loss 0.9991 val acc 0.6774 (1.2s)
    epoch 17/34 loss 0.9901 val acc 0.5484 (1.2s)
    epoch 18/34 loss 0.9787 val acc 0.5484 (1.2s)
    epoch 19/34 loss 0.9694 val acc 0.6452 (1.2s)
    epoch 20/34 loss 0.9679 val acc 0.5806 (1.2s)
    epoch 21/34 loss 0.9593 val acc 0.5806 (1.2s)
    epoch 22/34 loss 0.9564 val acc 0.5806 (1.2s)
    epoch 23/34 loss 0.9528 val acc 0.6452 (1.2s)
    epoch 24/34 loss 0.9540 val acc 0.5484 (1.2s)
    epoch 25/34 loss 0.9494 val acc 0.6129 (1.2s)
    epoch 26/34 loss 0.9479 val acc 0.6129 (1.2s)
    epoch 27/34 loss 0.9477 val acc 0.5806 (1.2s)
    epoch 28/34 loss 0.9461 val acc 0.5806 (1.2s)
    epoch 29/34 loss 0.9451 val acc 0.5806 (1.2s)
    epoch 30/34 loss 0.9429 val acc 0.5806 (1.2s)
    epoch 31/34 loss 0.9441 val acc 0.5806 (1.2s)
    epoch 32/34 loss 0.9431 val acc 0.5806 (1.2s)
    epoch 33/34 loss 0.9422 val acc 0.5806 (1.2s)
    epoch 34/34 loss 0.9427 val acc 0.5806 (1.2s)
  [customer_service.action] test acc 0.6200 macro-F1 0.3963 ECE 0.115 (T=1.14, 41s, 10.03M params)
  [customer_service.category] blocks split=20 depth=2, 5 labels, 269 train
    epoch 1/34 loss 1.6803 val acc 0.1613 (1.2s)
    epoch 2/34 loss 1.5617 val acc 0.2581 (1.2s)
    epoch 3/34 loss 1.5304 val acc 0.5161 (1.2s)
    epoch 4/34 loss 1.4052 val acc 0.2258 (1.2s)
    epoch 5/34 loss 1.1290 val acc 0.6774 (1.2s)
    epoch 6/34 loss 0.7354 val acc 0.7419 (1.2s)
    epoch 7/34 loss 0.6304 val acc 0.7419 (1.2s)
    epoch 8/34 loss 0.5513 val acc 0.7419 (1.3s)
    epoch 9/34 loss 0.5201 val acc 0.7419 (1.2s)
    epoch 10/34 loss 0.4832 val acc 0.7419 (1.2s)
    epoch 11/34 loss 0.4667 val acc 0.7742 (1.2s)
    epoch 12/34 loss 0.4586 val acc 0.7742 (1.2s)
    epoch 13/34 loss 0.4492 val acc 0.7419 (1.2s)
    epoch 14/34 loss 0.4461 val acc 0.7742 (1.2s)
    epoch 15/34 loss 0.4360 val acc 0.7742 (1.2s)
    epoch 16/34 loss 0.4267 val acc 0.7742 (1.2s)
    epoch 17/34 loss 0.4271 val acc 0.7742 (1.2s)
    epoch 18/34 loss 0.4237 val acc 0.8387 (1.2s)
    epoch 19/34 loss 0.4215 val acc 0.8065 (1.2s)
    epoch 20/34 loss 0.4171 val acc 0.7742 (1.2s)
    epoch 21/34 loss 0.4169 val acc 0.8065 (1.2s)
    epoch 22/34 loss 0.4147 val acc 0.8065 (1.2s)
    epoch 23/34 loss 0.4130 val acc 0.8065 (1.2s)
    epoch 24/34 loss 0.4135 val acc 0.8065 (1.2s)
    epoch 25/34 loss 0.4132 val acc 0.8065 (1.2s)
    epoch 26/34 loss 0.4121 val acc 0.7742 (1.2s)
    epoch 27/34 loss 0.4109 val acc 0.8065 (1.2s)
    epoch 28/34 loss 0.4106 val acc 0.8065 (1.2s)
    epoch 29/34 loss 0.4106 val acc 0.8065 (1.2s)
    epoch 30/34 loss 0.4101 val acc 0.7742 (1.2s)
    epoch 31/34 loss 0.4108 val acc 0.8065 (1.2s)
    epoch 32/34 loss 0.4094 val acc 0.8065 (1.2s)
    epoch 33/34 loss 0.4094 val acc 0.8065 (1.2s)
    epoch 34/34 loss 0.4104 val acc 0.8065 (1.2s)
  [customer_service.category] test acc 0.9100 macro-F1 0.8930 ECE 0.116 (T=1.04, 42s, 10.03M params)
  [customer_service.churn_risk] blocks split=20 depth=2, 4 labels, 269 train
    epoch 1/34 loss 1.4777 val acc 0.5161 (1.2s)
    epoch 2/34 loss 1.3337 val acc 0.4839 (1.2s)
    epoch 3/34 loss 1.3059 val acc 0.4194 (1.2s)
    epoch 4/34 loss 1.2718 val acc 0.5806 (1.2s)
    epoch 5/34 loss 1.2499 val acc 0.2581 (1.2s)
    epoch 6/34 loss 1.2372 val acc 0.3226 (1.2s)
    epoch 7/34 loss 1.2007 val acc 0.5161 (1.2s)
    epoch 8/34 loss 1.1369 val acc 0.5484 (1.2s)
    epoch 9/34 loss 1.0724 val acc 0.6774 (1.2s)
    epoch 10/34 loss 1.0159 val acc 0.6452 (1.2s)
    epoch 11/34 loss 0.9941 val acc 0.7742 (1.2s)
    epoch 12/34 loss 0.9750 val acc 0.7419 (1.2s)
    epoch 13/34 loss 0.9531 val acc 0.7742 (1.2s)
    epoch 14/34 loss 0.9430 val acc 0.7419 (1.2s)
    epoch 15/34 loss 0.9352 val acc 0.8065 (1.2s)
    epoch 16/34 loss 0.9226 val acc 0.7742 (1.2s)
    epoch 17/34 loss 0.9132 val acc 0.8065 (1.2s)
    epoch 18/34 loss 0.9100 val acc 0.8065 (1.2s)
    epoch 19/34 loss 0.9036 val acc 0.7419 (1.2s)
    epoch 20/34 loss 0.9034 val acc 0.8065 (1.2s)
    epoch 21/34 loss 0.8959 val acc 0.7419 (1.2s)
    epoch 22/34 loss 0.8945 val acc 0.8065 (1.2s)
    epoch 23/34 loss 0.8940 val acc 0.7419 (1.2s)
    epoch 24/34 loss 0.8929 val acc 0.8065 (1.2s)
    epoch 25/34 loss 0.8902 val acc 0.7419 (1.2s)
    epoch 26/34 loss 0.8890 val acc 0.8387 (1.2s)
    epoch 27/34 loss 0.8876 val acc 0.8387 (1.2s)
    epoch 28/34 loss 0.8879 val acc 0.8065 (1.2s)
    epoch 29/34 loss 0.8863 val acc 0.8387 (1.2s)
    epoch 30/34 loss 0.8865 val acc 0.8387 (1.2s)
    epoch 31/34 loss 0.8864 val acc 0.8065 (1.2s)
    epoch 32/34 loss 0.8855 val acc 0.8065 (1.2s)
    epoch 33/34 loss 0.8862 val acc 0.8065 (1.2s)
    epoch 34/34 loss 0.8869 val acc 0.8065 (1.2s)
  [customer_service.churn_risk] test acc 0.7800 macro-F1 0.5954 ECE 0.222 (T=1.07, 42s, 10.03M params)
  [customer_service.needs_human] blocks split=20 depth=2, 2 labels, 269 train
    epoch 1/34 loss 0.7135 val acc 0.7419 (1.2s)
    epoch 2/34 loss 0.6992 val acc 0.7419 (1.2s)
    epoch 3/34 loss 0.6636 val acc 0.7419 (1.2s)
    epoch 4/34 loss 0.6653 val acc 0.4839 (1.2s)
    epoch 5/34 loss 0.6362 val acc 0.7419 (1.2s)
    epoch 6/34 loss 0.6282 val acc 0.7097 (1.2s)
    epoch 7/34 loss 0.6105 val acc 0.6129 (1.2s)
    epoch 8/34 loss 0.6072 val acc 0.4194 (1.2s)
    epoch 9/34 loss 0.6146 val acc 0.6774 (1.2s)
    epoch 10/34 loss 0.6137 val acc 0.7419 (1.2s)
    epoch 11/34 loss 0.5916 val acc 0.7419 (1.2s)
    epoch 12/34 loss 0.6211 val acc 0.5484 (1.2s)
    epoch 13/34 loss 0.5822 val acc 0.7742 (1.2s)
    epoch 14/34 loss 0.5788 val acc 0.7742 (1.2s)
    epoch 15/34 loss 0.5694 val acc 0.7097 (1.2s)
    epoch 16/34 loss 0.5690 val acc 0.6129 (1.2s)
    epoch 17/34 loss 0.5614 val acc 0.6452 (1.2s)
    epoch 18/34 loss 0.5598 val acc 0.7097 (1.2s)
    epoch 19/34 loss 0.5558 val acc 0.6774 (1.2s)
    epoch 20/34 loss 0.5560 val acc 0.7097 (1.2s)
    epoch 21/34 loss 0.5512 val acc 0.6452 (1.2s)
    epoch 22/34 loss 0.5513 val acc 0.6452 (1.2s)
    epoch 23/34 loss 0.5491 val acc 0.7097 (1.2s)
    epoch 24/34 loss 0.5517 val acc 0.5806 (1.2s)
    epoch 25/34 loss 0.5495 val acc 0.7742 (1.2s)
    epoch 26/34 loss 0.5478 val acc 0.6452 (1.2s)
    epoch 27/34 loss 0.5468 val acc 0.7419 (1.2s)
    epoch 28/34 loss 0.5460 val acc 0.6774 (1.2s)
    epoch 29/34 loss 0.5460 val acc 0.7419 (1.2s)
    epoch 30/34 loss 0.5462 val acc 0.7097 (1.2s)
    epoch 31/34 loss 0.5451 val acc 0.7097 (1.2s)
    epoch 32/34 loss 0.5453 val acc 0.7097 (1.2s)
    epoch 33/34 loss 0.5452 val acc 0.7097 (1.2s)
    epoch 34/34 loss 0.5461 val acc 0.7097 (1.2s)
  [customer_service.needs_human] test acc 0.8100 macro-F1 0.7799 ECE 0.138 (T=1.07, 42s, 10.03M params)
  [customer_service.urgency] blocks split=20 depth=2, 4 labels, 269 train
    epoch 1/34 loss 1.5609 val acc 0.2581 (1.2s)
    epoch 2/34 loss 1.2891 val acc 0.5161 (1.2s)
    epoch 3/34 loss 1.1862 val acc 0.5161 (1.2s)
    epoch 4/34 loss 1.1808 val acc 0.5484 (1.2s)
    epoch 5/34 loss 1.1692 val acc 0.5161 (1.2s)
    epoch 6/34 loss 1.1313 val acc 0.4194 (1.2s)
    epoch 7/34 loss 1.1054 val acc 0.5806 (1.2s)
    epoch 8/34 loss 1.0560 val acc 0.5806 (1.2s)
    epoch 9/34 loss 1.0168 val acc 0.6129 (1.2s)
    epoch 10/34 loss 0.9750 val acc 0.6129 (1.2s)
    epoch 11/34 loss 0.9345 val acc 0.6129 (1.2s)
    epoch 12/34 loss 0.9438 val acc 0.6452 (1.2s)
    epoch 13/34 loss 0.9381 val acc 0.6452 (1.2s)
    epoch 14/34 loss 0.9198 val acc 0.6129 (1.2s)
    epoch 15/34 loss 0.9055 val acc 0.6452 (1.2s)
    epoch 16/34 loss 0.8883 val acc 0.6774 (1.2s)
    epoch 17/34 loss 0.8820 val acc 0.6452 (1.2s)
    epoch 18/34 loss 0.8732 val acc 0.6452 (1.2s)
    epoch 19/34 loss 0.8669 val acc 0.6774 (1.2s)
    epoch 20/34 loss 0.8647 val acc 0.6452 (1.2s)
    epoch 21/34 loss 0.8595 val acc 0.6452 (1.2s)
    epoch 22/34 loss 0.8544 val acc 0.6774 (1.2s)
    epoch 23/34 loss 0.8531 val acc 0.6774 (1.2s)
    epoch 24/34 loss 0.8543 val acc 0.6452 (1.2s)
    epoch 25/34 loss 0.8506 val acc 0.6774 (1.2s)
    epoch 26/34 loss 0.8489 val acc 0.6452 (1.2s)
    epoch 27/34 loss 0.8471 val acc 0.6774 (1.2s)
    epoch 28/34 loss 0.8475 val acc 0.6774 (1.2s)
    epoch 29/34 loss 0.8478 val acc 0.6774 (1.2s)
    epoch 30/34 loss 0.8467 val acc 0.6774 (1.2s)
    epoch 31/34 loss 0.8459 val acc 0.6774 (1.2s)
    epoch 32/34 loss 0.8467 val acc 0.6774 (1.2s)
    epoch 33/34 loss 0.8468 val acc 0.6774 (1.2s)
    epoch 34/34 loss 0.8469 val acc 0.6774 (1.2s)
  [customer_service.urgency] test acc 0.6700 macro-F1 0.4784 ECE 0.116 (T=1.05, 41s, 10.03M params)
-- typed-decisions 20+2 random seed0: 5 task(s)
  [customer_service.action] blocks split=20 depth=2, 5 labels, 269 train
    epoch 1/34 loss 1.4401 val acc 0.5484 (1.2s)
    epoch 2/34 loss 1.3401 val acc 0.5484 (1.2s)
    epoch 3/34 loss 1.2781 val acc 0.5484 (1.2s)
    epoch 4/34 loss 1.2685 val acc 0.5161 (1.2s)
    epoch 5/34 loss 1.2533 val acc 0.5484 (1.2s)
    epoch 6/34 loss 1.2499 val acc 0.5484 (1.2s)
    epoch 7/34 loss 1.2325 val acc 0.4839 (1.2s)
    epoch 8/34 loss 1.2247 val acc 0.5484 (1.2s)
    epoch 9/34 loss 1.2208 val acc 0.5484 (1.2s)
    epoch 10/34 loss 1.2076 val acc 0.5806 (1.2s)
    epoch 11/34 loss 1.1971 val acc 0.5806 (1.2s)
    epoch 12/34 loss 1.1816 val acc 0.5484 (1.2s)
    epoch 13/34 loss 1.1585 val acc 0.5484 (1.2s)
    epoch 14/34 loss 1.1438 val acc 0.5484 (1.2s)
    epoch 15/34 loss 1.1437 val acc 0.5484 (1.2s)
    epoch 16/34 loss 1.1341 val acc 0.4839 (1.2s)
    epoch 17/34 loss 1.1262 val acc 0.5484 (1.2s)
    epoch 18/34 loss 1.1160 val acc 0.5484 (1.2s)
    epoch 19/34 loss 1.1096 val acc 0.5484 (1.2s)
    epoch 20/34 loss 1.0989 val acc 0.6129 (1.2s)
    epoch 21/34 loss 1.0999 val acc 0.6129 (1.2s)
    epoch 22/34 loss 1.0938 val acc 0.6129 (1.2s)
    epoch 23/34 loss 1.0854 val acc 0.6452 (1.2s)
    epoch 24/34 loss 1.0847 val acc 0.5484 (1.2s)
    epoch 25/34 loss 1.0781 val acc 0.6452 (1.2s)
    epoch 26/34 loss 1.0770 val acc 0.5806 (1.2s)
    epoch 27/34 loss 1.0761 val acc 0.5806 (1.2s)
    epoch 28/34 loss 1.0729 val acc 0.6129 (1.2s)
    epoch 29/34 loss 1.0748 val acc 0.6129 (1.2s)
    epoch 30/34 loss 1.0690 val acc 0.5806 (1.2s)
    epoch 31/34 loss 1.0706 val acc 0.5806 (1.2s)
    epoch 32/34 loss 1.0704 val acc 0.5806 (1.2s)
    epoch 33/34 loss 1.0695 val acc 0.5806 (1.2s)
    epoch 34/34 loss 1.0712 val acc 0.5806 (1.2s)
  [customer_service.action] test acc 0.6600 macro-F1 0.3607 ECE 0.108 (T=0.97, 40s, 10.03M params)
  [customer_service.category] blocks split=20 depth=2, 5 labels, 269 train
    epoch 1/34 loss 1.7279 val acc 0.1290 (1.2s)
    epoch 2/34 loss 1.5922 val acc 0.2258 (1.2s)
    epoch 3/34 loss 1.5674 val acc 0.2581 (1.2s)
    epoch 4/34 loss 1.5596 val acc 0.2258 (1.2s)
    epoch 5/34 loss 1.5072 val acc 0.3871 (1.2s)
    epoch 6/34 loss 1.4722 val acc 0.4839 (1.2s)
    epoch 7/34 loss 1.4466 val acc 0.2903 (1.2s)
    epoch 8/34 loss 1.3667 val acc 0.4839 (1.2s)
    epoch 9/34 loss 1.2587 val acc 0.5806 (1.2s)
    epoch 10/34 loss 1.0091 val acc 0.6129 (1.2s)
    epoch 11/34 loss 0.7944 val acc 0.5806 (1.2s)
    epoch 12/34 loss 0.7111 val acc 0.6774 (1.2s)
    epoch 13/34 loss 0.6706 val acc 0.6129 (1.2s)
    epoch 14/34 loss 0.6289 val acc 0.7419 (1.2s)
    epoch 15/34 loss 0.6036 val acc 0.6774 (1.2s)
    epoch 16/34 loss 0.5614 val acc 0.6774 (1.2s)
    epoch 17/34 loss 0.5396 val acc 0.7097 (1.2s)
    epoch 18/34 loss 0.5259 val acc 0.7097 (1.2s)
    epoch 19/34 loss 0.5151 val acc 0.8065 (1.2s)
    epoch 20/34 loss 0.5036 val acc 0.7419 (1.2s)
    epoch 21/34 loss 0.4992 val acc 0.8065 (1.1s)
    epoch 22/34 loss 0.4942 val acc 0.7419 (1.2s)
    epoch 23/34 loss 0.4877 val acc 0.8065 (1.2s)
    epoch 24/34 loss 0.4840 val acc 0.8065 (1.2s)
    epoch 25/34 loss 0.4810 val acc 0.7419 (1.2s)
    epoch 26/34 loss 0.4821 val acc 0.8065 (1.1s)
    epoch 27/34 loss 0.4770 val acc 0.8065 (1.2s)
    epoch 28/34 loss 0.4766 val acc 0.7742 (1.1s)
    epoch 29/34 loss 0.4738 val acc 0.7742 (1.1s)
    epoch 30/34 loss 0.4749 val acc 0.8065 (1.1s)
    epoch 31/34 loss 0.4737 val acc 0.8065 (1.1s)
    epoch 32/34 loss 0.4731 val acc 0.8065 (1.2s)
    epoch 33/34 loss 0.4739 val acc 0.8065 (1.2s)
    epoch 34/34 loss 0.4725 val acc 0.8065 (1.2s)
  [customer_service.category] test acc 0.8900 macro-F1 0.8656 ECE 0.137 (T=1.08, 40s, 10.03M params)
  [customer_service.churn_risk] blocks split=20 depth=2, 4 labels, 269 train
    epoch 1/34 loss 1.4871 val acc 0.5161 (1.1s)
    epoch 2/34 loss 1.3524 val acc 0.4194 (1.2s)
    epoch 3/34 loss 1.3193 val acc 0.5484 (1.2s)
    epoch 4/34 loss 1.2923 val acc 0.4839 (1.2s)
    epoch 5/34 loss 1.2872 val acc 0.4839 (1.1s)
    epoch 6/34 loss 1.2736 val acc 0.5161 (1.2s)
    epoch 7/34 loss 1.2603 val acc 0.5161 (1.1s)
    epoch 8/34 loss 1.2496 val acc 0.5806 (1.1s)
    epoch 9/34 loss 1.2385 val acc 0.4839 (1.1s)
    epoch 10/34 loss 1.2328 val acc 0.5161 (1.1s)
    epoch 11/34 loss 1.2103 val acc 0.6774 (1.2s)
    epoch 12/34 loss 1.1828 val acc 0.5806 (1.1s)
    epoch 13/34 loss 1.1415 val acc 0.6129 (1.1s)
    epoch 14/34 loss 1.1076 val acc 0.4839 (1.2s)
    epoch 15/34 loss 1.0805 val acc 0.6774 (1.2s)
    epoch 16/34 loss 1.0423 val acc 0.5806 (1.2s)
    epoch 17/34 loss 1.0206 val acc 0.7097 (1.2s)
    epoch 18/34 loss 1.0116 val acc 0.5484 (1.2s)
    epoch 19/34 loss 1.0025 val acc 0.7097 (1.2s)
    epoch 20/34 loss 0.9866 val acc 0.5484 (1.2s)
    epoch 21/34 loss 0.9803 val acc 0.5806 (1.2s)
    epoch 22/34 loss 0.9753 val acc 0.7097 (1.2s)
    epoch 23/34 loss 0.9725 val acc 0.6452 (1.2s)
    epoch 24/34 loss 0.9662 val acc 0.6452 (1.2s)
    epoch 25/34 loss 0.9620 val acc 0.6452 (1.2s)
    epoch 26/34 loss 0.9602 val acc 0.6452 (1.1s)
    epoch 27/34 loss 0.9560 val acc 0.6452 (1.2s)
    epoch 28/34 loss 0.9563 val acc 0.6774 (1.2s)
    epoch 29/34 loss 0.9505 val acc 0.6452 (1.1s)
    epoch 30/34 loss 0.9526 val acc 0.6452 (1.2s)
    epoch 31/34 loss 0.9523 val acc 0.6774 (1.1s)
    epoch 32/34 loss 0.9507 val acc 0.6774 (1.2s)
    epoch 33/34 loss 0.9520 val acc 0.6774 (1.1s)
    epoch 34/34 loss 0.9508 val acc 0.6774 (1.1s)
  [customer_service.churn_risk] test acc 0.7500 macro-F1 0.5626 ECE 0.263 (T=1.35, 39s, 10.03M params)
  [customer_service.needs_human] blocks split=20 depth=2, 2 labels, 269 train
    epoch 1/34 loss 0.7005 val acc 0.7419 (1.2s)
    epoch 2/34 loss 0.6843 val acc 0.7419 (1.1s)
    epoch 3/34 loss 0.6702 val acc 0.7419 (1.1s)
    epoch 4/34 loss 0.6638 val acc 0.7097 (1.2s)
    epoch 5/34 loss 0.6585 val acc 0.7419 (1.1s)
    epoch 6/34 loss 0.6560 val acc 0.7419 (1.2s)
    epoch 7/34 loss 0.6511 val acc 0.7097 (1.1s)
    epoch 8/34 loss 0.6532 val acc 0.7419 (1.0s)
    epoch 9/34 loss 0.6573 val acc 0.7742 (0.8s)
    epoch 10/34 loss 0.6510 val acc 0.7419 (0.8s)
    epoch 11/34 loss 0.6585 val acc 0.5806 (0.8s)
    epoch 12/34 loss 0.6334 val acc 0.6774 (0.8s)
    epoch 13/34 loss 0.6251 val acc 0.7419 (0.8s)
    epoch 14/34 loss 0.6169 val acc 0.7742 (0.8s)
    epoch 15/34 loss 0.6119 val acc 0.7097 (0.8s)
    epoch 16/34 loss 0.6157 val acc 0.5806 (0.9s)
    epoch 17/34 loss 0.6109 val acc 0.7097 (0.9s)
    epoch 18/34 loss 0.6160 val acc 0.8065 (0.9s)
    epoch 19/34 loss 0.6030 val acc 0.7097 (0.9s)
    epoch 20/34 loss 0.6023 val acc 0.6129 (0.9s)
    epoch 21/34 loss 0.5999 val acc 0.8387 (0.9s)
    epoch 22/34 loss 0.5978 val acc 0.7419 (0.9s)
    epoch 23/34 loss 0.5961 val acc 0.8065 (0.9s)
    epoch 24/34 loss 0.5962 val acc 0.7742 (0.9s)
    epoch 25/34 loss 0.5938 val acc 0.8065 (0.9s)
    epoch 26/34 loss 0.5905 val acc 0.7419 (1.2s)
    epoch 27/34 loss 0.5918 val acc 0.7742 (1.2s)
    epoch 28/34 loss 0.5918 val acc 0.7742 (1.2s)
    epoch 29/34 loss 0.5923 val acc 0.7419 (1.2s)
    epoch 30/34 loss 0.5905 val acc 0.7419 (1.2s)
    epoch 31/34 loss 0.5896 val acc 0.7419 (1.2s)
    epoch 32/34 loss 0.5903 val acc 0.7419 (1.2s)
    epoch 33/34 loss 0.5890 val acc 0.7419 (1.2s)
    epoch 34/34 loss 0.5894 val acc 0.7419 (1.2s)
  [customer_service.needs_human] test acc 0.8200 macro-F1 0.7717 ECE 0.125 (T=0.79, 34s, 10.03M params)
  [customer_service.urgency] blocks split=20 depth=2, 4 labels, 269 train
    epoch 1/34 loss 1.5850 val acc 0.2581 (1.2s)
    epoch 2/34 loss 1.3577 val acc 0.5161 (1.2s)
    epoch 3/34 loss 1.1977 val acc 0.5161 (1.2s)
    epoch 4/34 loss 1.1856 val acc 0.5161 (1.2s)
    epoch 5/34 loss 1.1718 val acc 0.5806 (1.2s)
    epoch 6/34 loss 1.1614 val acc 0.5161 (1.2s)
    epoch 7/34 loss 1.1519 val acc 0.4194 (1.2s)
    epoch 8/34 loss 1.1485 val acc 0.5484 (1.2s)
    epoch 9/34 loss 1.1463 val acc 0.4194 (1.2s)
    epoch 10/34 loss 1.1391 val acc 0.5161 (1.2s)
    epoch 11/34 loss 1.1211 val acc 0.4839 (1.2s)
    epoch 12/34 loss 1.1135 val acc 0.5484 (1.2s)
    epoch 13/34 loss 1.0864 val acc 0.5161 (1.2s)
    epoch 14/34 loss 1.0447 val acc 0.6452 (1.2s)
    epoch 15/34 loss 1.0150 val acc 0.6129 (1.2s)
    epoch 16/34 loss 0.9802 val acc 0.6452 (1.2s)
    epoch 17/34 loss 0.9684 val acc 0.6129 (1.2s)
    epoch 18/34 loss 0.9587 val acc 0.5806 (1.2s)
    epoch 19/34 loss 0.9472 val acc 0.6774 (1.2s)
    epoch 20/34 loss 0.9453 val acc 0.6774 (1.2s)
    epoch 21/34 loss 0.9389 val acc 0.6774 (1.2s)
    epoch 22/34 loss 0.9313 val acc 0.6129 (1.2s)
    epoch 23/34 loss 0.9338 val acc 0.6774 (1.2s)
    epoch 24/34 loss 0.9269 val acc 0.6129 (1.2s)
    epoch 25/34 loss 0.9239 val acc 0.6774 (1.2s)
    epoch 26/34 loss 0.9217 val acc 0.5806 (1.2s)
    epoch 27/34 loss 0.9172 val acc 0.6452 (1.2s)
    epoch 28/34 loss 0.9200 val acc 0.6452 (1.2s)
    epoch 29/34 loss 0.9168 val acc 0.6129 (1.2s)
    epoch 30/34 loss 0.9132 val acc 0.6452 (1.2s)
    epoch 31/34 loss 0.9159 val acc 0.6452 (1.2s)
    epoch 32/34 loss 0.9137 val acc 0.6452 (1.2s)
    epoch 33/34 loss 0.9164 val acc 0.6452 (1.2s)
    epoch 34/34 loss 0.9163 val acc 0.6452 (1.2s)
  [customer_service.urgency] test acc 0.7000 macro-F1 0.5178 ECE 0.138 (T=1.02, 41s, 10.03M params)
-- typed-decisions 20+2 next seed1: 5 task(s)
  [customer_service.action] blocks split=20 depth=2, 5 labels, 269 train
    epoch 1/34 loss 1.4384 val acc 0.5484 (1.2s)
    epoch 2/34 loss 1.3209 val acc 0.5484 (1.2s)
    epoch 3/34 loss 1.2789 val acc 0.5484 (1.2s)
    epoch 4/34 loss 1.2554 val acc 0.5484 (1.2s)
    epoch 5/34 loss 1.2201 val acc 0.5161 (1.2s)
    epoch 6/34 loss 1.1887 val acc 0.4516 (1.2s)
    epoch 7/34 loss 1.1683 val acc 0.5806 (1.2s)
    epoch 8/34 loss 1.1367 val acc 0.5806 (1.2s)
    epoch 9/34 loss 1.1163 val acc 0.5484 (1.2s)
    epoch 10/34 loss 1.0966 val acc 0.5806 (1.2s)
    epoch 11/34 loss 1.0743 val acc 0.6774 (1.2s)
    epoch 12/34 loss 1.0587 val acc 0.5484 (1.2s)
    epoch 13/34 loss 1.0508 val acc 0.6129 (1.2s)
    epoch 14/34 loss 1.0348 val acc 0.6774 (1.2s)
    epoch 15/34 loss 1.0181 val acc 0.6452 (1.2s)
    epoch 16/34 loss 1.0127 val acc 0.6129 (1.2s)
    epoch 17/34 loss 0.9980 val acc 0.5806 (1.2s)
    epoch 18/34 loss 0.9927 val acc 0.5484 (1.2s)
    epoch 19/34 loss 0.9820 val acc 0.6129 (1.2s)
    epoch 20/34 loss 0.9747 val acc 0.6129 (1.2s)
    epoch 21/34 loss 0.9688 val acc 0.6129 (1.2s)
    epoch 22/34 loss 0.9616 val acc 0.6129 (1.2s)
    epoch 23/34 loss 0.9579 val acc 0.5806 (1.2s)
    epoch 24/34 loss 0.9565 val acc 0.5806 (1.2s)
    epoch 25/34 loss 0.9551 val acc 0.6129 (1.2s)
    epoch 26/34 loss 0.9534 val acc 0.5806 (1.2s)
    epoch 27/34 loss 0.9518 val acc 0.6452 (1.2s)
    epoch 28/34 loss 0.9476 val acc 0.5806 (1.2s)
    epoch 29/34 loss 0.9477 val acc 0.6129 (1.2s)
    epoch 30/34 loss 0.9484 val acc 0.6129 (1.2s)
    epoch 31/34 loss 0.9482 val acc 0.6129 (1.2s)
    epoch 32/34 loss 0.9467 val acc 0.5806 (1.2s)
    epoch 33/34 loss 0.9467 val acc 0.5806 (1.2s)
    epoch 34/34 loss 0.9471 val acc 0.5806 (1.2s)
  [customer_service.action] test acc 0.6100 macro-F1 0.3944 ECE 0.090 (T=1.14, 41s, 10.03M params)
  [customer_service.category] blocks split=20 depth=2, 5 labels, 269 train
    epoch 1/34 loss 1.5992 val acc 0.1290 (1.2s)
    epoch 2/34 loss 1.5661 val acc 0.2903 (1.2s)
    epoch 3/34 loss 1.5315 val acc 0.4516 (1.2s)
    epoch 4/34 loss 1.3595 val acc 0.5806 (1.2s)
    epoch 5/34 loss 0.9755 val acc 0.6129 (1.2s)
    epoch 6/34 loss 0.6813 val acc 0.7097 (1.2s)
    epoch 7/34 loss 0.5711 val acc 0.7419 (1.2s)
    epoch 8/34 loss 0.5237 val acc 0.7097 (1.2s)
    epoch 9/34 loss 0.5030 val acc 0.7742 (1.2s)
    epoch 10/34 loss 0.4696 val acc 0.8387 (1.2s)
    epoch 11/34 loss 0.4655 val acc 0.7097 (1.2s)
    epoch 12/34 loss 0.4542 val acc 0.7097 (1.2s)
    epoch 13/34 loss 0.4419 val acc 0.8710 (1.2s)
    epoch 14/34 loss 0.4348 val acc 0.7742 (1.2s)
    epoch 15/34 loss 0.4283 val acc 0.7742 (1.2s)
    epoch 16/34 loss 0.4232 val acc 0.7419 (1.2s)
    epoch 17/34 loss 0.4220 val acc 0.7419 (1.2s)
    epoch 18/34 loss 0.4186 val acc 0.7742 (1.2s)
    epoch 19/34 loss 0.4181 val acc 0.7742 (1.2s)
    epoch 20/34 loss 0.4165 val acc 0.7419 (1.2s)
    epoch 21/34 loss 0.4133 val acc 0.7419 (1.2s)
    epoch 22/34 loss 0.4122 val acc 0.7742 (1.2s)
    epoch 23/34 loss 0.4105 val acc 0.7742 (1.2s)
    epoch 24/34 loss 0.4110 val acc 0.7419 (1.2s)
    epoch 25/34 loss 0.4099 val acc 0.7742 (1.2s)
    epoch 26/34 loss 0.4098 val acc 0.7419 (1.2s)
    epoch 27/34 loss 0.4084 val acc 0.7419 (1.2s)
    epoch 28/34 loss 0.4086 val acc 0.7419 (1.2s)
    epoch 29/34 loss 0.4093 val acc 0.7419 (1.2s)
    epoch 30/34 loss 0.4083 val acc 0.7419 (1.2s)
    epoch 31/34 loss 0.4086 val acc 0.7419 (1.2s)
    epoch 32/34 loss 0.4083 val acc 0.7419 (1.2s)
    epoch 33/34 loss 0.4077 val acc 0.7419 (1.2s)
    epoch 34/34 loss 0.4072 val acc 0.7419 (1.2s)
  [customer_service.category] test acc 0.9100 macro-F1 0.8930 ECE 0.103 (T=1.08, 41s, 10.03M params)
  [customer_service.churn_risk] blocks split=20 depth=2, 4 labels, 269 train
    epoch 1/34 loss 1.3939 val acc 0.5161 (1.2s)
    epoch 2/34 loss 1.3228 val acc 0.5161 (1.2s)
    epoch 3/34 loss 1.3308 val acc 0.5161 (1.2s)
    epoch 4/34 loss 1.2850 val acc 0.5161 (1.2s)
    epoch 5/34 loss 1.2692 val acc 0.6452 (1.2s)
    epoch 6/34 loss 1.2489 val acc 0.5484 (1.2s)
    epoch 7/34 loss 1.2006 val acc 0.5806 (1.2s)
    epoch 8/34 loss 1.1425 val acc 0.6129 (1.2s)
    epoch 9/34 loss 1.0851 val acc 0.4516 (1.2s)
    epoch 10/34 loss 1.0444 val acc 0.6774 (1.2s)
    epoch 11/34 loss 1.0080 val acc 0.7419 (1.2s)
    epoch 12/34 loss 0.9972 val acc 0.7419 (1.2s)
    epoch 13/34 loss 0.9760 val acc 0.7419 (1.2s)
    epoch 14/34 loss 0.9576 val acc 0.7419 (1.2s)
    epoch 15/34 loss 0.9585 val acc 0.6774 (1.2s)
    epoch 16/34 loss 0.9345 val acc 0.8065 (1.2s)
    epoch 17/34 loss 0.9222 val acc 0.7419 (1.2s)
    epoch 18/34 loss 0.9191 val acc 0.7742 (1.2s)
    epoch 19/34 loss 0.9164 val acc 0.8065 (1.2s)
    epoch 20/34 loss 0.9059 val acc 0.8065 (1.2s)
    epoch 21/34 loss 0.9041 val acc 0.8065 (1.2s)
    epoch 22/34 loss 0.9018 val acc 0.8710 (1.2s)
    epoch 23/34 loss 0.8986 val acc 0.8065 (1.2s)
    epoch 24/34 loss 0.8999 val acc 0.8387 (1.2s)
    epoch 25/34 loss 0.8945 val acc 0.9032 (1.2s)
    epoch 26/34 loss 0.8956 val acc 0.8710 (1.2s)
    epoch 27/34 loss 0.8926 val acc 0.9032 (1.2s)
    epoch 28/34 loss 0.8910 val acc 0.9032 (1.2s)
    epoch 29/34 loss 0.8898 val acc 0.9032 (1.2s)
    epoch 30/34 loss 0.8913 val acc 0.8710 (1.2s)
    epoch 31/34 loss 0.8906 val acc 0.9032 (1.2s)
    epoch 32/34 loss 0.8914 val acc 0.9032 (1.2s)
    epoch 33/34 loss 0.8912 val acc 0.9032 (1.2s)
    epoch 34/34 loss 0.8902 val acc 0.9032 (1.2s)
  [customer_service.churn_risk] test acc 0.7600 macro-F1 0.5797 ECE 0.221 (T=1.09, 41s, 10.03M params)
  [customer_service.needs_human] blocks split=20 depth=2, 2 labels, 269 train
    epoch 1/34 loss 0.6834 val acc 0.7419 (1.2s)
    epoch 2/34 loss 0.6815 val acc 0.7419 (1.2s)
    epoch 3/34 loss 0.6738 val acc 0.7419 (1.2s)
    epoch 4/34 loss 0.6652 val acc 0.7419 (1.2s)
    epoch 5/34 loss 0.6386 val acc 0.5161 (1.2s)
    epoch 6/34 loss 0.6427 val acc 0.2903 (1.2s)
    epoch 7/34 loss 0.6515 val acc 0.6452 (1.2s)
    epoch 8/34 loss 0.6176 val acc 0.7419 (1.2s)
    epoch 9/34 loss 0.6061 val acc 0.6774 (1.2s)
    epoch 10/34 loss 0.6085 val acc 0.6452 (1.2s)
    epoch 11/34 loss 0.5950 val acc 0.7742 (1.2s)
    epoch 12/34 loss 0.5986 val acc 0.7742 (1.2s)
    epoch 13/34 loss 0.5981 val acc 0.7097 (1.2s)
    epoch 14/34 loss 0.5799 val acc 0.8065 (1.2s)
    epoch 15/34 loss 0.5733 val acc 0.8065 (0.9s)
    epoch 16/34 loss 0.5709 val acc 0.7742 (0.9s)
    epoch 17/34 loss 0.5655 val acc 0.7742 (0.9s)
    epoch 18/34 loss 0.5611 val acc 0.7097 (0.8s)
    epoch 19/34 loss 0.5595 val acc 0.6774 (0.8s)
    epoch 20/34 loss 0.5583 val acc 0.6774 (0.8s)
    epoch 21/34 loss 0.5565 val acc 0.6774 (0.8s)
    epoch 22/34 loss 0.5539 val acc 0.6774 (0.8s)
    epoch 23/34 loss 0.5517 val acc 0.7742 (0.8s)
    epoch 24/34 loss 0.5509 val acc 0.7742 (0.8s)
    epoch 25/34 loss 0.5489 val acc 0.7742 (0.8s)
    epoch 26/34 loss 0.5493 val acc 0.6774 (0.9s)
    epoch 27/34 loss 0.5483 val acc 0.7742 (0.8s)
    epoch 28/34 loss 0.5475 val acc 0.7419 (0.9s)
    epoch 29/34 loss 0.5475 val acc 0.7419 (0.8s)
    epoch 30/34 loss 0.5469 val acc 0.7419 (0.8s)
    epoch 31/34 loss 0.5470 val acc 0.7419 (0.8s)
    epoch 32/34 loss 0.5473 val acc 0.7097 (0.8s)
    epoch 33/34 loss 0.5473 val acc 0.7097 (0.8s)
    epoch 34/34 loss 0.5468 val acc 0.7419 (0.8s)
  [customer_service.needs_human] test acc 0.8100 macro-F1 0.7759 ECE 0.134 (T=1.08, 34s, 10.03M params)
  [customer_service.urgency] blocks split=20 depth=2, 4 labels, 269 train
    epoch 1/34 loss 1.4167 val acc 0.2258 (0.8s)
    epoch 2/34 loss 1.2381 val acc 0.4194 (0.8s)
    epoch 3/34 loss 1.2089 val acc 0.5484 (0.8s)
    epoch 4/34 loss 1.1626 val acc 0.5161 (0.8s)
    epoch 5/34 loss 1.1572 val acc 0.4516 (0.8s)
    epoch 6/34 loss 1.1632 val acc 0.4839 (0.9s)
    epoch 7/34 loss 1.1262 val acc 0.2581 (0.8s)
    epoch 8/34 loss 1.1061 val acc 0.6774 (0.8s)
    epoch 9/34 loss 1.0349 val acc 0.6452 (1.1s)
    epoch 10/34 loss 0.9888 val acc 0.6452 (1.1s)
    epoch 11/34 loss 0.9623 val acc 0.6774 (1.1s)
    epoch 12/34 loss 0.9350 val acc 0.6452 (1.1s)
    epoch 13/34 loss 0.9165 val acc 0.6452 (1.1s)
    epoch 14/34 loss 0.9049 val acc 0.7419 (1.1s)
    epoch 15/34 loss 0.8897 val acc 0.7419 (1.1s)
    epoch 16/34 loss 0.8857 val acc 0.8387 (1.1s)
    epoch 17/34 loss 0.8767 val acc 0.7419 (1.1s)
    epoch 18/34 loss 0.8680 val acc 0.7419 (1.1s)
    epoch 19/34 loss 0.8657 val acc 0.7419 (1.1s)
    epoch 20/34 loss 0.8610 val acc 0.7419 (1.1s)
    epoch 21/34 loss 0.8567 val acc 0.7419 (1.1s)
    epoch 22/34 loss 0.8562 val acc 0.7742 (1.1s)
    epoch 23/34 loss 0.8522 val acc 0.7097 (1.1s)
    epoch 24/34 loss 0.8506 val acc 0.7742 (1.1s)
    epoch 25/34 loss 0.8489 val acc 0.7419 (1.1s)
    epoch 26/34 loss 0.8488 val acc 0.7742 (1.1s)
    epoch 27/34 loss 0.8466 val acc 0.7419 (1.1s)
    epoch 28/34 loss 0.8457 val acc 0.7742 (1.1s)
    epoch 29/34 loss 0.8454 val acc 0.7742 (1.1s)
    epoch 30/34 loss 0.8448 val acc 0.7419 (1.1s)
    epoch 31/34 loss 0.8449 val acc 0.7742 (1.1s)
    epoch 32/34 loss 0.8451 val acc 0.7742 (1.1s)
    epoch 33/34 loss 0.8445 val acc 0.7742 (1.1s)
    epoch 34/34 loss 0.8453 val acc 0.7742 (1.1s)
  [customer_service.urgency] test acc 0.6500 macro-F1 0.4647 ECE 0.099 (T=1.03, 35s, 10.03M params)
-- typed-decisions 20+2 top seed1: 5 task(s)
  [customer_service.action] blocks split=20 depth=2, 5 labels, 269 train
    epoch 1/34 loss 1.6642 val acc 0.5484 (1.1s)
    epoch 2/34 loss 1.3703 val acc 0.5484 (1.1s)
    epoch 3/34 loss 1.2729 val acc 0.5484 (1.1s)
    epoch 4/34 loss 1.2348 val acc 0.5484 (1.1s)
    epoch 5/34 loss 1.2087 val acc 0.5484 (1.1s)
    epoch 6/34 loss 1.1742 val acc 0.5484 (1.1s)
    epoch 7/34 loss 1.1596 val acc 0.5806 (1.1s)
    epoch 8/34 loss 1.1316 val acc 0.5806 (1.1s)
    epoch 9/34 loss 1.1096 val acc 0.7097 (1.1s)
    epoch 10/34 loss 1.0870 val acc 0.7419 (1.1s)
    epoch 11/34 loss 1.0657 val acc 0.6129 (1.1s)
    epoch 12/34 loss 1.0659 val acc 0.6129 (1.1s)
    epoch 13/34 loss 1.0401 val acc 0.6774 (1.1s)
    epoch 14/34 loss 1.0368 val acc 0.6452 (1.1s)
    epoch 15/34 loss 1.0224 val acc 0.6452 (1.1s)
    epoch 16/34 loss 1.0104 val acc 0.7097 (1.1s)
    epoch 17/34 loss 1.0051 val acc 0.7097 (1.1s)
    epoch 18/34 loss 0.9990 val acc 0.6129 (1.1s)
    epoch 19/34 loss 0.9951 val acc 0.6452 (1.1s)
    epoch 20/34 loss 0.9843 val acc 0.6452 (1.1s)
    epoch 21/34 loss 0.9807 val acc 0.6452 (1.1s)
    epoch 22/34 loss 0.9700 val acc 0.6452 (1.1s)
    epoch 23/34 loss 0.9674 val acc 0.6774 (1.1s)
    epoch 24/34 loss 0.9630 val acc 0.6452 (1.1s)
    epoch 25/34 loss 0.9588 val acc 0.6452 (1.1s)
    epoch 26/34 loss 0.9564 val acc 0.6129 (1.1s)
    epoch 27/34 loss 0.9553 val acc 0.6452 (1.1s)
    epoch 28/34 loss 0.9543 val acc 0.6452 (1.1s)
    epoch 29/34 loss 0.9541 val acc 0.6452 (1.1s)
    epoch 30/34 loss 0.9530 val acc 0.6129 (0.8s)
    epoch 31/34 loss 0.9517 val acc 0.6452 (0.9s)
    epoch 32/34 loss 0.9519 val acc 0.6452 (1.0s)
    epoch 33/34 loss 0.9509 val acc 0.6452 (1.0s)
    epoch 34/34 loss 0.9524 val acc 0.6452 (1.0s)
  [customer_service.action] test acc 0.5500 macro-F1 0.2985 ECE 0.129 (T=1.12, 37s, 10.03M params)
  [customer_service.category] blocks split=20 depth=2, 5 labels, 269 train
    epoch 1/34 loss 1.5992 val acc 0.1290 (1.0s)
    epoch 2/34 loss 1.5661 val acc 0.2903 (1.0s)
    epoch 3/34 loss 1.5315 val acc 0.4516 (1.0s)
    epoch 4/34 loss 1.3595 val acc 0.5806 (1.0s)
    epoch 5/34 loss 0.9755 val acc 0.6129 (1.0s)
    epoch 6/34 loss 0.6813 val acc 0.7097 (0.8s)
    epoch 7/34 loss 0.5711 val acc 0.7419 (0.8s)
    epoch 8/34 loss 0.5237 val acc 0.7097 (0.9s)
    epoch 9/34 loss 0.5030 val acc 0.7742 (1.0s)
    epoch 10/34 loss 0.4696 val acc 0.8387 (0.9s)
    epoch 11/34 loss 0.4655 val acc 0.7097 (1.0s)
    epoch 12/34 loss 0.4542 val acc 0.7097 (1.0s)
    epoch 13/34 loss 0.4419 val acc 0.8710 (0.9s)
    epoch 14/34 loss 0.4348 val acc 0.7742 (1.0s)
    epoch 15/34 loss 0.4283 val acc 0.7742 (1.0s)
    epoch 16/34 loss 0.4232 val acc 0.7419 (0.9s)
    epoch 17/34 loss 0.4220 val acc 0.7419 (0.8s)
    epoch 18/34 loss 0.4186 val acc 0.7742 (0.8s)
    epoch 19/34 loss 0.4181 val acc 0.7742 (0.8s)
    epoch 20/34 loss 0.4165 val acc 0.7419 (0.8s)
    epoch 21/34 loss 0.4133 val acc 0.7419 (0.8s)
    epoch 22/34 loss 0.4122 val acc 0.7742 (0.8s)
    epoch 23/34 loss 0.4105 val acc 0.7742 (0.8s)
    epoch 24/34 loss 0.4110 val acc 0.7419 (0.8s)
    epoch 25/34 loss 0.4099 val acc 0.7742 (0.8s)
    epoch 26/34 loss 0.4098 val acc 0.7419 (0.8s)
    epoch 27/34 loss 0.4084 val acc 0.7419 (0.8s)
    epoch 28/34 loss 0.4086 val acc 0.7419 (0.8s)
    epoch 29/34 loss 0.4093 val acc 0.7419 (0.8s)
    epoch 30/34 loss 0.4083 val acc 0.7419 (0.8s)
    epoch 31/34 loss 0.4086 val acc 0.7419 (0.9s)
    epoch 32/34 loss 0.4083 val acc 0.7419 (1.0s)
    epoch 33/34 loss 0.4077 val acc 0.7419 (1.3s)
    epoch 34/34 loss 0.4072 val acc 0.7419 (0.9s)
  [customer_service.category] test acc 0.9100 macro-F1 0.8930 ECE 0.103 (T=1.08, 31s, 10.03M params)
  [customer_service.churn_risk] blocks split=20 depth=2, 4 labels, 269 train
    epoch 1/34 loss 1.3939 val acc 0.5161 (0.8s)
    epoch 2/34 loss 1.3228 val acc 0.5161 (0.9s)
    epoch 3/34 loss 1.3308 val acc 0.5161 (0.8s)
    epoch 4/34 loss 1.2850 val acc 0.5161 (0.9s)
    epoch 5/34 loss 1.2692 val acc 0.6452 (0.9s)
    epoch 6/34 loss 1.2489 val acc 0.5484 (0.8s)
    epoch 7/34 loss 1.2006 val acc 0.5806 (0.9s)
    epoch 8/34 loss 1.1425 val acc 0.6129 (0.8s)
    epoch 9/34 loss 1.0851 val acc 0.4516 (0.8s)
    epoch 10/34 loss 1.0444 val acc 0.6774 (0.8s)
    epoch 11/34 loss 1.0080 val acc 0.7419 (0.6s)
    epoch 12/34 loss 0.9972 val acc 0.7419 (0.6s)
    epoch 13/34 loss 0.9760 val acc 0.7419 (0.6s)
    epoch 14/34 loss 0.9576 val acc 0.7419 (0.6s)
    epoch 15/34 loss 0.9585 val acc 0.6774 (0.6s)
    epoch 16/34 loss 0.9345 val acc 0.8065 (0.6s)
    epoch 17/34 loss 0.9222 val acc 0.7419 (0.6s)
    epoch 18/34 loss 0.9191 val acc 0.7742 (0.6s)
    epoch 19/34 loss 0.9164 val acc 0.8065 (0.6s)
    epoch 20/34 loss 0.9059 val acc 0.8065 (0.6s)
    epoch 21/34 loss 0.9041 val acc 0.8065 (0.6s)
    epoch 22/34 loss 0.9019 val acc 0.8710 (0.6s)
    epoch 23/34 loss 0.8986 val acc 0.8065 (0.6s)
    epoch 24/34 loss 0.8999 val acc 0.8387 (0.6s)
    epoch 25/34 loss 0.8945 val acc 0.9032 (0.6s)
    epoch 26/34 loss 0.8956 val acc 0.8710 (0.6s)
    epoch 27/34 loss 0.8926 val acc 0.9032 (0.6s)
    epoch 28/34 loss 0.8910 val acc 0.9032 (0.6s)
    epoch 29/34 loss 0.8898 val acc 0.9032 (0.6s)
    epoch 30/34 loss 0.8913 val acc 0.8710 (0.6s)
    epoch 31/34 loss 0.8906 val acc 0.9032 (0.6s)
    epoch 32/34 loss 0.8914 val acc 0.9032 (0.8s)
    epoch 33/34 loss 0.8912 val acc 0.9032 (0.8s)
    epoch 34/34 loss 0.8902 val acc 0.9032 (0.8s)
  [customer_service.churn_risk] test acc 0.7600 macro-F1 0.5797 ECE 0.222 (T=1.09, 24s, 10.03M params)
  [customer_service.needs_human] blocks split=20 depth=2, 2 labels, 269 train
    epoch 1/34 loss 0.6834 val acc 0.7419 (0.8s)
    epoch 2/34 loss 0.6815 val acc 0.7419 (0.8s)
    epoch 3/34 loss 0.6738 val acc 0.7419 (0.8s)
    epoch 4/34 loss 0.6652 val acc 0.7419 (0.8s)
    epoch 5/34 loss 0.6386 val acc 0.5161 (0.8s)
    epoch 6/34 loss 0.6427 val acc 0.2903 (0.9s)
    epoch 7/34 loss 0.6515 val acc 0.6452 (0.8s)
    epoch 8/34 loss 0.6176 val acc 0.7419 (1.0s)
    epoch 9/34 loss 0.6061 val acc 0.6774 (0.8s)
    epoch 10/34 loss 0.6085 val acc 0.6452 (0.8s)
    epoch 11/34 loss 0.5950 val acc 0.8065 (0.8s)
    epoch 12/34 loss 0.5967 val acc 0.7742 (0.8s)
    epoch 13/34 loss 0.6015 val acc 0.7419 (0.8s)
    epoch 14/34 loss 0.5784 val acc 0.8065 (0.8s)
    epoch 15/34 loss 0.5736 val acc 0.8065 (0.8s)
    epoch 16/34 loss 0.5733 val acc 0.7419 (0.8s)
    epoch 17/34 loss 0.5671 val acc 0.7742 (0.8s)
    epoch 18/34 loss 0.5616 val acc 0.7097 (0.8s)
    epoch 19/34 loss 0.5587 val acc 0.7742 (0.8s)
    epoch 20/34 loss 0.5578 val acc 0.7097 (0.8s)
    epoch 21/34 loss 0.5552 val acc 0.6452 (0.8s)
    epoch 22/34 loss 0.5535 val acc 0.6452 (0.8s)
    epoch 23/34 loss 0.5518 val acc 0.7742 (0.8s)
    epoch 24/34 loss 0.5509 val acc 0.7742 (0.8s)
    epoch 25/34 loss 0.5489 val acc 0.6774 (0.8s)
    epoch 26/34 loss 0.5489 val acc 0.6774 (0.8s)
    epoch 27/34 loss 0.5483 val acc 0.7742 (0.8s)
    epoch 28/34 loss 0.5474 val acc 0.7419 (0.8s)
    epoch 29/34 loss 0.5475 val acc 0.7097 (0.8s)
    epoch 30/34 loss 0.5467 val acc 0.7419 (0.8s)
    epoch 31/34 loss 0.5469 val acc 0.7097 (0.8s)
    epoch 32/34 loss 0.5471 val acc 0.7097 (0.8s)
    epoch 33/34 loss 0.5472 val acc 0.7097 (0.8s)
    epoch 34/34 loss 0.5467 val acc 0.7097 (0.8s)
  [customer_service.needs_human] test acc 0.8100 macro-F1 0.7759 ECE 0.131 (T=1.09, 28s, 10.03M params)
  [customer_service.urgency] blocks split=20 depth=2, 4 labels, 269 train
    epoch 1/34 loss 1.4167 val acc 0.2258 (0.8s)
    epoch 2/34 loss 1.2381 val acc 0.4194 (0.8s)
    epoch 3/34 loss 1.2089 val acc 0.5484 (0.8s)
    epoch 4/34 loss 1.1626 val acc 0.5161 (0.8s)
    epoch 5/34 loss 1.1572 val acc 0.4516 (1.0s)
    epoch 6/34 loss 1.1632 val acc 0.4839 (0.8s)
    epoch 7/34 loss 1.1262 val acc 0.2581 (0.8s)
    epoch 8/34 loss 1.1061 val acc 0.6774 (0.8s)
    epoch 9/34 loss 1.0349 val acc 0.6452 (0.8s)
    epoch 10/34 loss 0.9888 val acc 0.6452 (0.8s)
    epoch 11/34 loss 0.9623 val acc 0.6774 (0.8s)
    epoch 12/34 loss 0.9350 val acc 0.6452 (0.8s)
    epoch 13/34 loss 0.9165 val acc 0.6452 (0.8s)
    epoch 14/34 loss 0.9049 val acc 0.7419 (0.8s)
    epoch 15/34 loss 0.8897 val acc 0.7419 (0.8s)
    epoch 16/34 loss 0.8857 val acc 0.8387 (0.8s)
    epoch 17/34 loss 0.8767 val acc 0.7419 (0.8s)
    epoch 18/34 loss 0.8680 val acc 0.7419 (0.8s)
    epoch 19/34 loss 0.8657 val acc 0.7419 (0.8s)
    epoch 20/34 loss 0.8610 val acc 0.7419 (0.8s)
    epoch 21/34 loss 0.8567 val acc 0.7419 (0.8s)
    epoch 22/34 loss 0.8562 val acc 0.7742 (0.8s)
    epoch 23/34 loss 0.8522 val acc 0.7097 (0.8s)
    epoch 24/34 loss 0.8506 val acc 0.7742 (0.8s)
    epoch 25/34 loss 0.8489 val acc 0.7419 (0.8s)
    epoch 26/34 loss 0.8488 val acc 0.7742 (0.8s)
    epoch 27/34 loss 0.8466 val acc 0.7419 (0.9s)
    epoch 28/34 loss 0.8457 val acc 0.7742 (0.8s)
    epoch 29/34 loss 0.8454 val acc 0.7742 (0.8s)
    epoch 30/34 loss 0.8448 val acc 0.7419 (0.8s)
    epoch 31/34 loss 0.8449 val acc 0.7742 (0.8s)
    epoch 32/34 loss 0.8451 val acc 0.7742 (0.8s)
    epoch 33/34 loss 0.8445 val acc 0.7742 (0.9s)
    epoch 34/34 loss 0.8453 val acc 0.7742 (0.9s)
  [customer_service.urgency] test acc 0.6500 macro-F1 0.4647 ECE 0.099 (T=1.03, 29s, 10.03M params)
-- typed-decisions 20+2 random seed1: 5 task(s)
  [customer_service.action] blocks split=20 depth=2, 5 labels, 269 train
    epoch 1/34 loss 1.4994 val acc 0.5484 (1.0s)
    epoch 2/34 loss 1.3682 val acc 0.5484 (0.9s)
    epoch 3/34 loss 1.2825 val acc 0.5484 (0.9s)
    epoch 4/34 loss 1.2529 val acc 0.5484 (1.2s)
    epoch 5/34 loss 1.2469 val acc 0.4516 (0.9s)
    epoch 6/34 loss 1.2539 val acc 0.5484 (1.0s)
    epoch 7/34 loss 1.2366 val acc 0.5161 (0.9s)
    epoch 8/34 loss 1.2252 val acc 0.5484 (1.0s)
    epoch 9/34 loss 1.2056 val acc 0.5161 (1.0s)
    epoch 10/34 loss 1.1960 val acc 0.5161 (1.0s)
    epoch 11/34 loss 1.1884 val acc 0.5161 (1.0s)
    epoch 12/34 loss 1.1741 val acc 0.6129 (1.0s)
    epoch 13/34 loss 1.1632 val acc 0.6129 (1.0s)
    epoch 14/34 loss 1.1449 val acc 0.5484 (0.9s)
    epoch 15/34 loss 1.1438 val acc 0.5484 (0.9s)
    epoch 16/34 loss 1.1321 val acc 0.5484 (0.9s)
    epoch 17/34 loss 1.1256 val acc 0.5806 (1.0s)
    epoch 18/34 loss 1.1196 val acc 0.5484 (0.9s)
    epoch 19/34 loss 1.1140 val acc 0.6129 (1.0s)
    epoch 20/34 loss 1.1102 val acc 0.5484 (0.9s)
    epoch 21/34 loss 1.1083 val acc 0.6129 (0.9s)
    epoch 22/34 loss 1.1042 val acc 0.5806 (1.0s)
    epoch 23/34 loss 1.1045 val acc 0.6129 (1.0s)
    epoch 24/34 loss 1.0953 val acc 0.5806 (1.0s)
    epoch 25/34 loss 1.0929 val acc 0.6452 (1.0s)
    epoch 26/34 loss 1.0898 val acc 0.5806 (1.0s)
    epoch 27/34 loss 1.0918 val acc 0.6129 (1.0s)
    epoch 28/34 loss 1.0890 val acc 0.6452 (1.0s)
    epoch 29/34 loss 1.0907 val acc 0.6774 (1.1s)
    epoch 30/34 loss 1.0866 val acc 0.6452 (1.1s)
    epoch 31/34 loss 1.0811 val acc 0.6129 (1.0s)
    epoch 32/34 loss 1.0852 val acc 0.6129 (1.0s)
    epoch 33/34 loss 1.0859 val acc 0.6129 (1.0s)
    epoch 34/34 loss 1.0839 val acc 0.6129 (1.0s)
  [customer_service.action] test acc 0.6500 macro-F1 0.3316 ECE 0.133 (T=0.99, 33s, 10.03M params)
  [customer_service.category] blocks split=20 depth=2, 5 labels, 269 train
    epoch 1/34 loss 1.5903 val acc 0.2903 (1.0s)
    epoch 2/34 loss 1.5747 val acc 0.2581 (1.0s)
    epoch 3/34 loss 1.5727 val acc 0.1613 (1.0s)
    epoch 4/34 loss 1.5228 val acc 0.4194 (1.0s)
    epoch 5/34 loss 1.4803 val acc 0.3871 (1.0s)
    epoch 6/34 loss 1.4447 val acc 0.3548 (1.0s)
    epoch 7/34 loss 1.3870 val acc 0.4839 (1.0s)
    epoch 8/34 loss 1.2931 val acc 0.5161 (1.0s)
    epoch 9/34 loss 1.0912 val acc 0.5806 (0.9s)
    epoch 10/34 loss 0.8424 val acc 0.6452 (0.9s)
    epoch 11/34 loss 0.7379 val acc 0.6452 (0.9s)
    epoch 12/34 loss 0.6763 val acc 0.6129 (1.0s)
    epoch 13/34 loss 0.6360 val acc 0.6774 (0.9s)
    epoch 14/34 loss 0.5933 val acc 0.7097 (1.0s)
    epoch 15/34 loss 0.5567 val acc 0.7419 (1.0s)
    epoch 16/34 loss 0.5387 val acc 0.7097 (0.9s)
    epoch 17/34 loss 0.5194 val acc 0.8065 (1.0s)
    epoch 18/34 loss 0.5065 val acc 0.7742 (1.0s)
    epoch 19/34 loss 0.5015 val acc 0.8065 (1.0s)
    epoch 20/34 loss 0.4948 val acc 0.8065 (1.1s)
    epoch 21/34 loss 0.4897 val acc 0.7742 (1.0s)
    epoch 22/34 loss 0.4845 val acc 0.8065 (0.9s)
    epoch 23/34 loss 0.4802 val acc 0.8387 (1.0s)
    epoch 24/34 loss 0.4784 val acc 0.8065 (0.9s)
    epoch 25/34 loss 0.4764 val acc 0.8065 (0.9s)
    epoch 26/34 loss 0.4731 val acc 0.8065 (1.0s)
    epoch 27/34 loss 0.4721 val acc 0.8065 (1.0s)
    epoch 28/34 loss 0.4725 val acc 0.8065 (1.0s)
    epoch 29/34 loss 0.4694 val acc 0.8387 (0.9s)
    epoch 30/34 loss 0.4675 val acc 0.8065 (1.0s)
    epoch 31/34 loss 0.4676 val acc 0.8387 (0.9s)
    epoch 32/34 loss 0.4672 val acc 0.8065 (1.0s)
    epoch 33/34 loss 0.4672 val acc 0.8065 (1.0s)
    epoch 34/34 loss 0.4686 val acc 0.8065 (0.9s)
  [customer_service.category] test acc 0.9000 macro-F1 0.8829 ECE 0.141 (T=1.08, 33s, 10.03M params)
  [customer_service.churn_risk] blocks split=20 depth=2, 4 labels, 269 train
    epoch 1/34 loss 1.5117 val acc 0.5161 (1.0s)
    epoch 2/34 loss 1.3738 val acc 0.5161 (1.0s)
    epoch 3/34 loss 1.3149 val acc 0.5161 (1.0s)
    epoch 4/34 loss 1.2908 val acc 0.5161 (1.0s)
    epoch 5/34 loss 1.2904 val acc 0.5484 (0.9s)
    epoch 6/34 loss 1.2775 val acc 0.5161 (1.0s)
    epoch 7/34 loss 1.2564 val acc 0.5161 (0.9s)
    epoch 8/34 loss 1.2453 val acc 0.5161 (0.9s)
    epoch 9/34 loss 1.2308 val acc 0.5806 (1.0s)
    epoch 10/34 loss 1.2167 val acc 0.5484 (0.9s)
    epoch 11/34 loss 1.2050 val acc 0.5484 (1.0s)
    epoch 12/34 loss 1.1581 val acc 0.4839 (1.0s)
    epoch 13/34 loss 1.1293 val acc 0.5806 (1.0s)
    epoch 14/34 loss 1.0803 val acc 0.5161 (1.1s)
    epoch 15/34 loss 1.0597 val acc 0.5484 (1.0s)
    epoch 16/34 loss 1.0314 val acc 0.5484 (1.0s)
    epoch 17/34 loss 1.0110 val acc 0.6129 (0.9s)
    epoch 18/34 loss 0.9980 val acc 0.5484 (1.0s)
    epoch 19/34 loss 0.9953 val acc 0.6774 (0.9s)
    epoch 20/34 loss 0.9766 val acc 0.6452 (0.9s)
    epoch 21/34 loss 0.9713 val acc 0.6452 (0.9s)
    epoch 22/34 loss 0.9678 val acc 0.7097 (0.9s)
    epoch 23/34 loss 0.9652 val acc 0.7097 (1.0s)
    epoch 24/34 loss 0.9584 val acc 0.7097 (0.9s)
    epoch 25/34 loss 0.9558 val acc 0.7097 (1.0s)
    epoch 26/34 loss 0.9507 val acc 0.7097 (1.0s)
    epoch 27/34 loss 0.9508 val acc 0.7419 (1.0s)
    epoch 28/34 loss 0.9484 val acc 0.6774 (0.9s)
    epoch 29/34 loss 0.9471 val acc 0.7097 (0.9s)
    epoch 30/34 loss 0.9465 val acc 0.7097 (1.0s)
    epoch 31/34 loss 0.9462 val acc 0.7097 (1.0s)
    epoch 32/34 loss 0.9462 val acc 0.7097 (1.0s)
    epoch 33/34 loss 0.9476 val acc 0.7097 (0.9s)
    epoch 34/34 loss 0.9441 val acc 0.7097 (1.0s)
  [customer_service.churn_risk] test acc 0.7800 macro-F1 0.5860 ECE 0.273 (T=1.27, 33s, 10.03M params)
  [customer_service.needs_human] blocks split=20 depth=2, 2 labels, 269 train
    epoch 1/34 loss 0.6811 val acc 0.7419 (1.0s)
    epoch 2/34 loss 0.6927 val acc 0.7419 (0.9s)
    epoch 3/34 loss 0.6843 val acc 0.7419 (0.9s)
    epoch 4/34 loss 0.6717 val acc 0.7419 (1.0s)
    epoch 5/34 loss 0.6588 val acc 0.3226 (1.0s)
    epoch 6/34 loss 0.6946 val acc 0.7419 (1.1s)
    epoch 7/34 loss 0.6688 val acc 0.4839 (1.0s)
    epoch 8/34 loss 0.6604 val acc 0.7419 (0.9s)
    epoch 9/34 loss 0.6504 val acc 0.6774 (1.0s)
    epoch 10/34 loss 0.6412 val acc 0.6129 (0.9s)
    epoch 11/34 loss 0.6394 val acc 0.7097 (1.0s)
    epoch 12/34 loss 0.6262 val acc 0.7419 (0.9s)
    epoch 13/34 loss 0.6328 val acc 0.7097 (0.9s)
    epoch 14/34 loss 0.6150 val acc 0.6774 (0.9s)
    epoch 15/34 loss 0.6129 val acc 0.8065 (0.9s)
    epoch 16/34 loss 0.6119 val acc 0.6774 (0.9s)
    epoch 17/34 loss 0.6058 val acc 0.7097 (0.9s)
    epoch 18/34 loss 0.6063 val acc 0.7742 (0.9s)
    epoch 19/34 loss 0.6022 val acc 0.7742 (0.9s)
    epoch 20/34 loss 0.5982 val acc 0.6774 (0.9s)
    epoch 21/34 loss 0.5995 val acc 0.8065 (0.9s)
    epoch 22/34 loss 0.5994 val acc 0.8065 (0.9s)
    epoch 23/34 loss 0.5963 val acc 0.7419 (0.9s)
    epoch 24/34 loss 0.5916 val acc 0.8065 (0.9s)
    epoch 25/34 loss 0.5943 val acc 0.7097 (0.9s)
    epoch 26/34 loss 0.5908 val acc 0.8065 (0.9s)
    epoch 27/34 loss 0.5901 val acc 0.7419 (0.9s)
    epoch 28/34 loss 0.5894 val acc 0.7419 (1.0s)
    epoch 29/34 loss 0.5891 val acc 0.7742 (0.9s)
    epoch 30/34 loss 0.5889 val acc 0.7419 (0.9s)
    epoch 31/34 loss 0.5872 val acc 0.7742 (0.9s)
    epoch 32/34 loss 0.5897 val acc 0.7419 (0.9s)
    epoch 33/34 loss 0.5879 val acc 0.7419 (1.1s)
    epoch 34/34 loss 0.5869 val acc 0.7419 (0.9s)
  [customer_service.needs_human] test acc 0.8400 macro-F1 0.8016 ECE 0.122 (T=0.80, 32s, 10.03M params)
  [customer_service.urgency] blocks split=20 depth=2, 4 labels, 269 train
    epoch 1/34 loss 1.6398 val acc 0.2581 (0.9s)
    epoch 2/34 loss 1.3930 val acc 0.5806 (0.9s)
    epoch 3/34 loss 1.1955 val acc 0.3548 (0.9s)
    epoch 4/34 loss 1.1799 val acc 0.5161 (0.9s)
    epoch 5/34 loss 1.1705 val acc 0.2903 (0.9s)
    epoch 6/34 loss 1.1819 val acc 0.6452 (0.9s)
    epoch 7/34 loss 1.1620 val acc 0.2903 (0.9s)
    epoch 8/34 loss 1.1562 val acc 0.5161 (0.9s)
    epoch 9/34 loss 1.1440 val acc 0.5806 (0.9s)
    epoch 10/34 loss 1.1292 val acc 0.4839 (0.9s)
    epoch 11/34 loss 1.1211 val acc 0.6129 (0.9s)
    epoch 12/34 loss 1.1050 val acc 0.6129 (0.9s)
    epoch 13/34 loss 1.0828 val acc 0.5806 (0.9s)
    epoch 14/34 loss 1.0259 val acc 0.6129 (0.9s)
    epoch 15/34 loss 0.9868 val acc 0.6452 (0.9s)
    epoch 16/34 loss 0.9771 val acc 0.7097 (0.9s)
    epoch 17/34 loss 0.9647 val acc 0.6774 (0.9s)
    epoch 18/34 loss 0.9675 val acc 0.6774 (0.9s)
    epoch 19/34 loss 0.9470 val acc 0.6774 (0.9s)
    epoch 20/34 loss 0.9385 val acc 0.6452 (0.9s)
    epoch 21/34 loss 0.9324 val acc 0.6774 (0.9s)
    epoch 22/34 loss 0.9329 val acc 0.6774 (0.9s)
    epoch 23/34 loss 0.9276 val acc 0.6774 (0.9s)
    epoch 24/34 loss 0.9245 val acc 0.6774 (0.9s)
    epoch 25/34 loss 0.9185 val acc 0.6774 (1.1s)
    epoch 26/34 loss 0.9194 val acc 0.7097 (0.9s)
    epoch 27/34 loss 0.9164 val acc 0.7097 (0.9s)
    epoch 28/34 loss 0.9126 val acc 0.7097 (0.9s)
    epoch 29/34 loss 0.9116 val acc 0.7097 (0.9s)
    epoch 30/34 loss 0.9123 val acc 0.7097 (0.9s)
    epoch 31/34 loss 0.9112 val acc 0.7097 (0.9s)
    epoch 32/34 loss 0.9124 val acc 0.7097 (0.9s)
    epoch 33/34 loss 0.9097 val acc 0.7097 (0.9s)
    epoch 34/34 loss 0.9119 val acc 0.7097 (0.9s)
  [customer_service.urgency] test acc 0.6900 macro-F1 0.5072 ECE 0.137 (T=0.99, 31s, 10.03M params)
-- typed-decisions 20+2 next seed2: 5 task(s)
  [customer_service.action] blocks split=20 depth=2, 5 labels, 269 train
    epoch 1/34 loss 1.6724 val acc 0.5484 (0.9s)
    epoch 2/34 loss 1.3758 val acc 0.5484 (0.9s)
    epoch 3/34 loss 1.2657 val acc 0.5484 (0.9s)
    epoch 4/34 loss 1.2520 val acc 0.4194 (0.9s)
    epoch 5/34 loss 1.2328 val acc 0.5484 (0.9s)
    epoch 6/34 loss 1.2077 val acc 0.5161 (0.9s)
    epoch 7/34 loss 1.1805 val acc 0.5484 (0.9s)
    epoch 8/34 loss 1.1431 val acc 0.5161 (0.9s)
    epoch 9/34 loss 1.1195 val acc 0.6129 (0.9s)
    epoch 10/34 loss 1.1031 val acc 0.6774 (0.9s)
    epoch 11/34 loss 1.0896 val acc 0.6774 (0.9s)
    epoch 12/34 loss 1.0642 val acc 0.6129 (0.9s)
    epoch 13/34 loss 1.0636 val acc 0.6452 (0.9s)
    epoch 14/34 loss 1.0442 val acc 0.6129 (0.9s)
    epoch 15/34 loss 1.0273 val acc 0.6774 (0.9s)
    epoch 16/34 loss 1.0181 val acc 0.6774 (1.1s)
    epoch 17/34 loss 1.0070 val acc 0.5484 (0.9s)
    epoch 18/34 loss 0.9962 val acc 0.6452 (0.9s)
    epoch 19/34 loss 0.9875 val acc 0.7419 (0.9s)
    epoch 20/34 loss 0.9784 val acc 0.7419 (0.9s)
    epoch 21/34 loss 0.9740 val acc 0.6129 (0.9s)
    epoch 22/34 loss 0.9681 val acc 0.6774 (0.9s)
    epoch 23/34 loss 0.9661 val acc 0.6129 (0.9s)
    epoch 24/34 loss 0.9622 val acc 0.6774 (0.9s)
    epoch 25/34 loss 0.9604 val acc 0.6774 (0.9s)
    epoch 26/34 loss 0.9581 val acc 0.6452 (0.9s)
    epoch 27/34 loss 0.9556 val acc 0.6129 (0.9s)
    epoch 28/34 loss 0.9538 val acc 0.6452 (0.9s)
    epoch 29/34 loss 0.9525 val acc 0.6129 (0.9s)
    epoch 30/34 loss 0.9523 val acc 0.6129 (0.9s)
    epoch 31/34 loss 0.9525 val acc 0.6129 (0.9s)
    epoch 32/34 loss 0.9496 val acc 0.6129 (0.8s)
    epoch 33/34 loss 0.9503 val acc 0.6129 (0.8s)
    epoch 34/34 loss 0.9512 val acc 0.6129 (0.8s)
  [customer_service.action] test acc 0.5500 macro-F1 0.2993 ECE 0.089 (T=1.16, 31s, 10.03M params)
  [customer_service.category] blocks split=20 depth=2, 5 labels, 269 train
    epoch 1/34 loss 1.8078 val acc 0.1290 (0.9s)
    epoch 2/34 loss 1.6234 val acc 0.1935 (0.8s)
    epoch 3/34 loss 1.5728 val acc 0.3871 (0.9s)
    epoch 4/34 loss 1.4666 val acc 0.6452 (0.9s)
    epoch 5/34 loss 1.2284 val acc 0.6129 (0.9s)
    epoch 6/34 loss 0.8147 val acc 0.7097 (0.8s)
    epoch 7/34 loss 0.6369 val acc 0.7419 (0.9s)
    epoch 8/34 loss 0.5560 val acc 0.7419 (0.9s)
    epoch 9/34 loss 0.5101 val acc 0.7742 (1.1s)
    epoch 10/34 loss 0.4899 val acc 0.7742 (1.2s)
    epoch 11/34 loss 0.4653 val acc 0.8065 (0.8s)
    epoch 12/34 loss 0.4525 val acc 0.8065 (0.9s)
    epoch 13/34 loss 0.4432 val acc 0.8065 (0.8s)
    epoch 14/34 loss 0.4399 val acc 0.7742 (0.8s)
    epoch 15/34 loss 0.4364 val acc 0.8065 (0.8s)
    epoch 16/34 loss 0.4328 val acc 0.7742 (0.9s)
    epoch 17/34 loss 0.4254 val acc 0.7419 (0.9s)
    epoch 18/34 loss 0.4211 val acc 0.7419 (0.8s)
    epoch 19/34 loss 0.4221 val acc 0.8065 (0.8s)
    epoch 20/34 loss 0.4190 val acc 0.7742 (0.9s)
    epoch 21/34 loss 0.4167 val acc 0.7742 (0.8s)
    epoch 22/34 loss 0.4146 val acc 0.7742 (0.8s)
    epoch 23/34 loss 0.4134 val acc 0.7742 (0.8s)
    epoch 24/34 loss 0.4128 val acc 0.7742 (0.8s)
    epoch 25/34 loss 0.4109 val acc 0.8065 (0.9s)
    epoch 26/34 loss 0.4113 val acc 0.8065 (0.8s)
    epoch 27/34 loss 0.4103 val acc 0.8065 (0.8s)
    epoch 28/34 loss 0.4111 val acc 0.8065 (0.8s)
    epoch 29/34 loss 0.4105 val acc 0.8065 (0.8s)
    epoch 30/34 loss 0.4109 val acc 0.8065 (0.8s)
    epoch 31/34 loss 0.4096 val acc 0.8065 (0.9s)
    epoch 32/34 loss 0.4101 val acc 0.8065 (0.8s)
    epoch 33/34 loss 0.4109 val acc 0.8065 (0.8s)
    epoch 34/34 loss 0.4106 val acc 0.8065 (0.8s)
  [customer_service.category] test acc 0.9200 macro-F1 0.9076 ECE 0.099 (T=1.04, 29s, 10.03M params)
  [customer_service.churn_risk] blocks split=20 depth=2, 4 labels, 269 train
    epoch 1/34 loss 1.3345 val acc 0.5161 (0.9s)
    epoch 2/34 loss 1.3043 val acc 0.5161 (0.8s)
    epoch 3/34 loss 1.2914 val acc 0.5161 (0.9s)
    epoch 4/34 loss 1.2791 val acc 0.5484 (0.8s)
    epoch 5/34 loss 1.2426 val acc 0.3871 (0.8s)
    epoch 6/34 loss 1.2043 val acc 0.5161 (0.8s)
    epoch 7/34 loss 1.1558 val acc 0.6129 (0.9s)
    epoch 8/34 loss 1.1012 val acc 0.6452 (0.9s)
    epoch 9/34 loss 1.0504 val acc 0.4839 (0.9s)
    epoch 10/34 loss 1.0041 val acc 0.5806 (0.8s)
    epoch 11/34 loss 0.9847 val acc 0.6774 (0.8s)
    epoch 12/34 loss 0.9627 val acc 0.6774 (0.8s)
    epoch 13/34 loss 0.9446 val acc 0.6129 (0.9s)
    epoch 14/34 loss 0.9341 val acc 0.6774 (0.8s)
    epoch 15/34 loss 0.9193 val acc 0.6129 (0.8s)
    epoch 16/34 loss 0.9210 val acc 0.6452 (0.9s)
    epoch 17/34 loss 0.9121 val acc 0.7419 (0.9s)
    epoch 18/34 loss 0.9102 val acc 0.6774 (0.8s)
    epoch 19/34 loss 0.9032 val acc 0.6774 (0.8s)
    epoch 20/34 loss 0.8983 val acc 0.7419 (1.0s)
    epoch 21/34 loss 0.8940 val acc 0.6774 (0.9s)
    epoch 22/34 loss 0.8924 val acc 0.7097 (0.8s)
    epoch 23/34 loss 0.8941 val acc 0.7097 (0.8s)
    epoch 24/34 loss 0.8919 val acc 0.7097 (0.8s)
    epoch 25/34 loss 0.8910 val acc 0.7419 (0.8s)
    epoch 26/34 loss 0.8886 val acc 0.7419 (0.9s)
    epoch 27/34 loss 0.8874 val acc 0.7419 (0.8s)
    epoch 28/34 loss 0.8882 val acc 0.7419 (0.8s)
    epoch 29/34 loss 0.8877 val acc 0.7419 (0.8s)
    epoch 30/34 loss 0.8880 val acc 0.7419 (0.8s)
    epoch 31/34 loss 0.8880 val acc 0.7419 (0.8s)
    epoch 32/34 loss 0.8872 val acc 0.7419 (0.8s)
    epoch 33/34 loss 0.8868 val acc 0.7419 (0.8s)
    epoch 34/34 loss 0.8862 val acc 0.7419 (0.9s)
  [customer_service.churn_risk] test acc 0.7200 macro-F1 0.5508 ECE 0.176 (T=1.11, 29s, 10.03M params)
  [customer_service.needs_human] blocks split=20 depth=2, 2 labels, 269 train
    epoch 1/34 loss 0.6805 val acc 0.7419 (0.8s)
    epoch 2/34 loss 0.6816 val acc 0.7419 (0.8s)
    epoch 3/34 loss 0.6635 val acc 0.7742 (0.8s)
    epoch 4/34 loss 0.6553 val acc 0.7097 (0.8s)
    epoch 5/34 loss 0.6475 val acc 0.6774 (0.8s)
    epoch 6/34 loss 0.6270 val acc 0.6452 (0.8s)
    epoch 7/34 loss 0.6261 val acc 0.7097 (0.8s)
    epoch 8/34 loss 0.6044 val acc 0.7742 (0.9s)
    epoch 9/34 loss 0.5958 val acc 0.8065 (0.8s)
    epoch 10/34 loss 0.5936 val acc 0.7419 (0.8s)
    epoch 11/34 loss 0.5839 val acc 0.7419 (0.9s)
    epoch 12/34 loss 0.5780 val acc 0.7742 (0.8s)
    epoch 13/34 loss 0.5797 val acc 0.6774 (0.8s)
    epoch 14/34 loss 0.5677 val acc 0.6129 (0.8s)
    epoch 15/34 loss 0.5704 val acc 0.5806 (0.8s)
    epoch 16/34 loss 0.5727 val acc 0.5806 (0.8s)
    epoch 17/34 loss 0.5607 val acc 0.7097 (0.9s)
    epoch 18/34 loss 0.5574 val acc 0.7097 (1.0s)
    epoch 19/34 loss 0.5550 val acc 0.7419 (0.8s)
    epoch 20/34 loss 0.5552 val acc 0.7419 (0.8s)
    epoch 21/34 loss 0.5523 val acc 0.7097 (0.8s)
    epoch 22/34 loss 0.5505 val acc 0.6774 (0.8s)
    epoch 23/34 loss 0.5495 val acc 0.6774 (0.8s)
    epoch 24/34 loss 0.5462 val acc 0.6774 (0.8s)
    epoch 25/34 loss 0.5474 val acc 0.6774 (0.8s)
    epoch 26/34 loss 0.5465 val acc 0.6774 (0.8s)
    epoch 27/34 loss 0.5464 val acc 0.6774 (0.8s)
    epoch 28/34 loss 0.5449 val acc 0.6774 (0.8s)
    epoch 29/34 loss 0.5446 val acc 0.6774 (0.8s)
    epoch 30/34 loss 0.5445 val acc 0.6774 (0.8s)
    epoch 31/34 loss 0.5443 val acc 0.6774 (0.8s)
    epoch 32/34 loss 0.5450 val acc 0.6774 (0.8s)
    epoch 33/34 loss 0.5445 val acc 0.6774 (0.8s)
    epoch 34/34 loss 0.5444 val acc 0.6774 (0.5s)
  [customer_service.needs_human] test acc 0.8100 macro-F1 0.7799 ECE 0.163 (T=0.94, 29s, 10.03M params)
  [customer_service.urgency] blocks split=20 depth=2, 4 labels, 269 train
    epoch 1/34 loss 1.2525 val acc 0.5484 (0.5s)
    epoch 2/34 loss 1.1962 val acc 0.2258 (0.5s)
    epoch 3/34 loss 1.2073 val acc 0.4194 (0.5s)
    epoch 4/34 loss 1.1833 val acc 0.5484 (0.5s)
    epoch 5/34 loss 1.1595 val acc 0.4516 (0.5s)
    epoch 6/34 loss 1.1417 val acc 0.2581 (0.5s)
    epoch 7/34 loss 1.1099 val acc 0.3226 (0.5s)
    epoch 8/34 loss 1.0749 val acc 0.4839 (0.5s)
    epoch 9/34 loss 1.0496 val acc 0.5484 (0.5s)
    epoch 10/34 loss 0.9873 val acc 0.5806 (0.5s)
    epoch 11/34 loss 0.9413 val acc 0.7097 (0.5s)
    epoch 12/34 loss 0.9356 val acc 0.7097 (0.5s)
    epoch 13/34 loss 0.9271 val acc 0.7097 (0.5s)
    epoch 14/34 loss 0.9089 val acc 0.7097 (0.5s)
    epoch 15/34 loss 0.8901 val acc 0.7097 (0.5s)
    epoch 16/34 loss 0.8869 val acc 0.7419 (0.5s)
    epoch 17/34 loss 0.8821 val acc 0.7419 (0.5s)
    epoch 18/34 loss 0.8671 val acc 0.7097 (0.6s)
    epoch 19/34 loss 0.8691 val acc 0.6774 (0.6s)
    epoch 20/34 loss 0.8612 val acc 0.6452 (0.7s)
    epoch 21/34 loss 0.8572 val acc 0.7097 (0.7s)
    epoch 22/34 loss 0.8567 val acc 0.6452 (0.7s)
    epoch 23/34 loss 0.8531 val acc 0.6452 (0.7s)
    epoch 24/34 loss 0.8505 val acc 0.6774 (0.7s)
    epoch 25/34 loss 0.8498 val acc 0.6774 (0.7s)
    epoch 26/34 loss 0.8482 val acc 0.6774 (0.7s)
    epoch 27/34 loss 0.8462 val acc 0.6774 (0.8s)
    epoch 28/34 loss 0.8462 val acc 0.6774 (0.6s)
    epoch 29/34 loss 0.8460 val acc 0.6774 (0.6s)
    epoch 30/34 loss 0.8460 val acc 0.6774 (0.6s)
    epoch 31/34 loss 0.8450 val acc 0.6452 (0.6s)
    epoch 32/34 loss 0.8454 val acc 0.6452 (0.6s)
    epoch 33/34 loss 0.8442 val acc 0.6452 (0.6s)
    epoch 34/34 loss 0.8453 val acc 0.6452 (0.6s)
  [customer_service.urgency] test acc 0.6900 macro-F1 0.4958 ECE 0.147 (T=1.13, 20s, 10.03M params)
-- typed-decisions 20+2 top seed2: 5 task(s)
  [customer_service.action] blocks split=20 depth=2, 5 labels, 269 train
    epoch 1/34 loss 1.5327 val acc 0.5484 (0.6s)
    epoch 2/34 loss 1.3341 val acc 0.5161 (0.6s)
    epoch 3/34 loss 1.2780 val acc 0.5484 (0.6s)
    epoch 4/34 loss 1.2452 val acc 0.5484 (0.6s)
    epoch 5/34 loss 1.2263 val acc 0.5161 (0.6s)
    epoch 6/34 loss 1.1886 val acc 0.5161 (0.6s)
    epoch 7/34 loss 1.1766 val acc 0.5161 (0.6s)
    epoch 8/34 loss 1.1459 val acc 0.5484 (0.6s)
    epoch 9/34 loss 1.1219 val acc 0.5806 (0.6s)
    epoch 10/34 loss 1.1030 val acc 0.6129 (0.6s)
    epoch 11/34 loss 1.0897 val acc 0.6129 (0.6s)
    epoch 12/34 loss 1.0683 val acc 0.6452 (0.8s)
    epoch 13/34 loss 1.0688 val acc 0.7097 (0.8s)
    epoch 14/34 loss 1.0377 val acc 0.6774 (0.8s)
    epoch 15/34 loss 1.0302 val acc 0.6452 (0.8s)
    epoch 16/34 loss 1.0161 val acc 0.6452 (0.8s)
    epoch 17/34 loss 1.0043 val acc 0.4839 (0.8s)
    epoch 18/34 loss 0.9919 val acc 0.5806 (0.8s)
    epoch 19/34 loss 0.9873 val acc 0.6452 (0.8s)
    epoch 20/34 loss 0.9812 val acc 0.6129 (0.8s)
    epoch 21/34 loss 0.9705 val acc 0.6129 (0.7s)
    epoch 22/34 loss 0.9666 val acc 0.6129 (0.9s)
    epoch 23/34 loss 0.9639 val acc 0.5806 (1.0s)
    epoch 24/34 loss 0.9584 val acc 0.5806 (1.0s)
    epoch 25/34 loss 0.9558 val acc 0.5806 (1.0s)
    epoch 26/34 loss 0.9563 val acc 0.6129 (1.0s)
    epoch 27/34 loss 0.9520 val acc 0.5806 (1.0s)
    epoch 28/34 loss 0.9507 val acc 0.6452 (1.0s)
    epoch 29/34 loss 0.9498 val acc 0.6129 (1.0s)
    epoch 30/34 loss 0.9481 val acc 0.5806 (1.0s)
    epoch 31/34 loss 0.9500 val acc 0.5806 (1.0s)
    epoch 32/34 loss 0.9473 val acc 0.6129 (1.0s)
    epoch 33/34 loss 0.9485 val acc 0.6129 (1.0s)
    epoch 34/34 loss 0.9473 val acc 0.6129 (1.0s)
  [customer_service.action] test acc 0.5600 macro-F1 0.3052 ECE 0.122 (T=1.14, 27s, 10.03M params)
  [customer_service.category] blocks split=20 depth=2, 5 labels, 269 train
    epoch 1/34 loss 1.8078 val acc 0.1290 (1.0s)
    epoch 2/34 loss 1.6234 val acc 0.1935 (1.0s)
    epoch 3/34 loss 1.5728 val acc 0.3871 (1.0s)
    epoch 4/34 loss 1.4666 val acc 0.6452 (1.0s)
    epoch 5/34 loss 1.2284 val acc 0.6129 (1.0s)
    epoch 6/34 loss 0.8147 val acc 0.7097 (1.0s)
    epoch 7/34 loss 0.6369 val acc 0.7419 (1.0s)
    epoch 8/34 loss 0.5560 val acc 0.7419 (1.0s)
    epoch 9/34 loss 0.5101 val acc 0.7742 (1.0s)
    epoch 10/34 loss 0.4899 val acc 0.7742 (1.0s)
    epoch 11/34 loss 0.4653 val acc 0.8065 (1.0s)
    epoch 12/34 loss 0.4525 val acc 0.8065 (1.0s)
    epoch 13/34 loss 0.4432 val acc 0.8065 (1.0s)
    epoch 14/34 loss 0.4399 val acc 0.7742 (1.1s)
    epoch 15/34 loss 0.4364 val acc 0.8065 (1.1s)
    epoch 16/34 loss 0.4328 val acc 0.7742 (1.0s)
    epoch 17/34 loss 0.4254 val acc 0.7419 (1.0s)
    epoch 18/34 loss 0.4211 val acc 0.7419 (1.0s)
    epoch 19/34 loss 0.4221 val acc 0.8065 (1.0s)
    epoch 20/34 loss 0.4190 val acc 0.7742 (1.0s)
    epoch 21/34 loss 0.4167 val acc 0.7742 (1.0s)
    epoch 22/34 loss 0.4146 val acc 0.7742 (1.0s)
    epoch 23/34 loss 0.4134 val acc 0.7742 (1.0s)
    epoch 24/34 loss 0.4128 val acc 0.7742 (1.0s)
    epoch 25/34 loss 0.4109 val acc 0.8065 (1.0s)
    epoch 26/34 loss 0.4113 val acc 0.8065 (1.0s)
    epoch 27/34 loss 0.4103 val acc 0.8065 (1.0s)
    epoch 28/34 loss 0.4111 val acc 0.8065 (1.0s)
    epoch 29/34 loss 0.4105 val acc 0.8065 (1.0s)
    epoch 30/34 loss 0.4109 val acc 0.8065 (1.0s)
    epoch 31/34 loss 0.4096 val acc 0.8065 (1.0s)
    epoch 32/34 loss 0.4101 val acc 0.8065 (1.0s)
    epoch 33/34 loss 0.4109 val acc 0.8065 (1.0s)
    epoch 34/34 loss 0.4106 val acc 0.8065 (1.0s)
  [customer_service.category] test acc 0.9200 macro-F1 0.9076 ECE 0.099 (T=1.04, 34s, 10.03M params)
  [customer_service.churn_risk] blocks split=20 depth=2, 4 labels, 269 train
    epoch 1/34 loss 1.3345 val acc 0.5161 (0.9s)
    epoch 2/34 loss 1.3043 val acc 0.5161 (1.0s)
    epoch 3/34 loss 1.2914 val acc 0.5161 (0.8s)
    epoch 4/34 loss 1.2791 val acc 0.5484 (0.6s)
    epoch 5/34 loss 1.2426 val acc 0.3871 (0.6s)
    epoch 6/34 loss 1.2043 val acc 0.5161 (0.6s)
    epoch 7/34 loss 1.1558 val acc 0.6129 (0.7s)
    epoch 8/34 loss 1.1012 val acc 0.6452 (0.7s)
    epoch 9/34 loss 1.0504 val acc 0.4839 (0.6s)
    epoch 10/34 loss 1.0041 val acc 0.5806 (0.6s)
    epoch 11/34 loss 0.9847 val acc 0.6774 (0.6s)
    epoch 12/34 loss 0.9627 val acc 0.6774 (0.6s)
    epoch 13/34 loss 0.9446 val acc 0.6129 (0.6s)
    epoch 14/34 loss 0.9341 val acc 0.6774 (0.6s)
    epoch 15/34 loss 0.9193 val acc 0.6129 (0.6s)
    epoch 16/34 loss 0.9210 val acc 0.6452 (0.6s)
    epoch 17/34 loss 0.9121 val acc 0.7419 (0.6s)
    epoch 18/34 loss 0.9102 val acc 0.6774 (0.6s)
    epoch 19/34 loss 0.9032 val acc 0.6774 (0.6s)
    epoch 20/34 loss 0.8983 val acc 0.7419 (0.7s)
    epoch 21/34 loss 0.8940 val acc 0.6774 (0.8s)
    epoch 22/34 loss 0.8924 val acc 0.7097 (0.8s)
    epoch 23/34 loss 0.8941 val acc 0.7097 (0.8s)
    epoch 24/34 loss 0.8919 val acc 0.7097 (0.8s)
    epoch 25/34 loss 0.8910 val acc 0.7419 (0.8s)
    epoch 26/34 loss 0.8886 val acc 0.7419 (0.8s)
    epoch 27/34 loss 0.8874 val acc 0.7419 (0.8s)
    epoch 28/34 loss 0.8882 val acc 0.7419 (0.8s)
    epoch 29/34 loss 0.8877 val acc 0.7419 (0.8s)
    epoch 30/34 loss 0.8880 val acc 0.7419 (0.7s)
    epoch 31/34 loss 0.8880 val acc 0.7419 (0.9s)
    epoch 32/34 loss 0.8872 val acc 0.7419 (1.0s)
    epoch 33/34 loss 0.8868 val acc 0.7419 (1.0s)
    epoch 34/34 loss 0.8862 val acc 0.7419 (1.0s)
  [customer_service.churn_risk] test acc 0.7200 macro-F1 0.5508 ECE 0.176 (T=1.11, 25s, 10.03M params)
  [customer_service.needs_human] blocks split=20 depth=2, 2 labels, 269 train
    epoch 1/34 loss 0.6805 val acc 0.7419 (1.1s)
    epoch 2/34 loss 0.6816 val acc 0.7419 (1.0s)
    epoch 3/34 loss 0.6635 val acc 0.7742 (1.0s)
    epoch 4/34 loss 0.6553 val acc 0.7097 (1.0s)
    epoch 5/34 loss 0.6475 val acc 0.6774 (1.0s)
    epoch 6/34 loss 0.6270 val acc 0.6452 (1.0s)
    epoch 7/34 loss 0.6261 val acc 0.7097 (1.0s)
    epoch 8/34 loss 0.6044 val acc 0.7742 (1.0s)
    epoch 9/34 loss 0.5957 val acc 0.8065 (1.0s)
    epoch 10/34 loss 0.5935 val acc 0.7419 (1.0s)
    epoch 11/34 loss 0.5839 val acc 0.7419 (1.0s)
    epoch 12/34 loss 0.5781 val acc 0.7742 (1.0s)
    epoch 13/34 loss 0.5781 val acc 0.6774 (1.0s)
    epoch 14/34 loss 0.5681 val acc 0.6129 (1.0s)
    epoch 15/34 loss 0.5655 val acc 0.7742 (1.0s)
    epoch 16/34 loss 0.5642 val acc 0.6774 (1.0s)
    epoch 17/34 loss 0.5578 val acc 0.8065 (1.0s)
    epoch 18/34 loss 0.5585 val acc 0.7742 (1.0s)
    epoch 19/34 loss 0.5642 val acc 0.5806 (1.0s)
    epoch 20/34 loss 0.5589 val acc 0.5806 (1.0s)
    epoch 21/34 loss 0.5538 val acc 0.6774 (1.0s)
    epoch 22/34 loss 0.5602 val acc 0.7742 (1.0s)
    epoch 23/34 loss 0.5579 val acc 0.6129 (1.0s)
    epoch 24/34 loss 0.5492 val acc 0.6774 (1.0s)
    epoch 25/34 loss 0.5484 val acc 0.6774 (1.0s)
    epoch 26/34 loss 0.5478 val acc 0.7097 (1.2s)
    epoch 27/34 loss 0.5477 val acc 0.6774 (1.0s)
    epoch 28/34 loss 0.5460 val acc 0.6774 (1.0s)
    epoch 29/34 loss 0.5455 val acc 0.6774 (1.0s)
    epoch 30/34 loss 0.5455 val acc 0.6774 (1.0s)
    epoch 31/34 loss 0.5451 val acc 0.6774 (1.0s)
    epoch 32/34 loss 0.5458 val acc 0.6774 (1.0s)
    epoch 33/34 loss 0.5453 val acc 0.6774 (1.0s)
    epoch 34/34 loss 0.5451 val acc 0.6774 (1.0s)
  [customer_service.needs_human] test acc 0.8100 macro-F1 0.7799 ECE 0.146 (T=0.91, 34s, 10.03M params)
  [customer_service.urgency] blocks split=20 depth=2, 4 labels, 269 train
    epoch 1/34 loss 1.2525 val acc 0.5484 (1.0s)
    epoch 2/34 loss 1.1962 val acc 0.2258 (1.0s)
    epoch 3/34 loss 1.2073 val acc 0.4194 (1.0s)
    epoch 4/34 loss 1.1833 val acc 0.5484 (1.0s)
    epoch 5/34 loss 1.1595 val acc 0.4516 (1.0s)
    epoch 6/34 loss 1.1417 val acc 0.2581 (1.0s)
    epoch 7/34 loss 1.1099 val acc 0.3226 (1.0s)
    epoch 8/34 loss 1.0749 val acc 0.4839 (1.0s)
    epoch 9/34 loss 1.0496 val acc 0.5484 (1.0s)
    epoch 10/34 loss 0.9873 val acc 0.5806 (1.0s)
    epoch 11/34 loss 0.9413 val acc 0.7097 (0.9s)
    epoch 12/34 loss 0.9356 val acc 0.7097 (1.0s)
    epoch 13/34 loss 0.9271 val acc 0.7097 (0.7s)
    epoch 14/34 loss 0.9089 val acc 0.7097 (0.6s)
    epoch 15/34 loss 0.8901 val acc 0.7097 (0.6s)
    epoch 16/34 loss 0.8869 val acc 0.7419 (0.6s)
    epoch 17/34 loss 0.8821 val acc 0.7419 (0.9s)
    epoch 18/34 loss 0.8671 val acc 0.7097 (0.6s)
    epoch 19/34 loss 0.8691 val acc 0.6774 (0.6s)
    epoch 20/34 loss 0.8612 val acc 0.6452 (0.6s)
    epoch 21/34 loss 0.8572 val acc 0.7097 (0.6s)
    epoch 22/34 loss 0.8567 val acc 0.6452 (0.6s)
    epoch 23/34 loss 0.8531 val acc 0.6452 (0.6s)
    epoch 24/34 loss 0.8505 val acc 0.6774 (0.6s)
    epoch 25/34 loss 0.8498 val acc 0.6774 (0.6s)
    epoch 26/34 loss 0.8482 val acc 0.6774 (0.6s)
    epoch 27/34 loss 0.8462 val acc 0.6774 (0.6s)
    epoch 28/34 loss 0.8462 val acc 0.6774 (0.6s)
    epoch 29/34 loss 0.8460 val acc 0.6774 (0.6s)
    epoch 30/34 loss 0.8460 val acc 0.6774 (0.8s)
    epoch 31/34 loss 0.8450 val acc 0.6452 (0.8s)
    epoch 32/34 loss 0.8454 val acc 0.6452 (0.8s)
    epoch 33/34 loss 0.8442 val acc 0.6452 (0.8s)
    epoch 34/34 loss 0.8453 val acc 0.6452 (0.8s)
  [customer_service.urgency] test acc 0.6900 macro-F1 0.4958 ECE 0.147 (T=1.13, 26s, 10.03M params)
-- typed-decisions 20+2 random seed2: 5 task(s)
  [customer_service.action] blocks split=20 depth=2, 5 labels, 269 train
    epoch 1/34 loss 1.5661 val acc 0.5484 (0.8s)
    epoch 2/34 loss 1.4046 val acc 0.5484 (0.8s)
    epoch 3/34 loss 1.2703 val acc 0.5484 (0.8s)
    epoch 4/34 loss 1.2638 val acc 0.5806 (0.8s)
    epoch 5/34 loss 1.2602 val acc 0.5161 (0.6s)
    epoch 6/34 loss 1.2444 val acc 0.5161 (0.9s)
    epoch 7/34 loss 1.2344 val acc 0.5484 (1.0s)
    epoch 8/34 loss 1.2216 val acc 0.5484 (1.0s)
    epoch 9/34 loss 1.2102 val acc 0.5161 (1.1s)
    epoch 10/34 loss 1.2001 val acc 0.5484 (1.1s)
    epoch 11/34 loss 1.1765 val acc 0.5806 (1.0s)
    epoch 12/34 loss 1.1644 val acc 0.5806 (1.0s)
    epoch 13/34 loss 1.1566 val acc 0.6129 (1.0s)
    epoch 14/34 loss 1.1393 val acc 0.5484 (1.0s)
    epoch 15/34 loss 1.1321 val acc 0.5484 (1.0s)
    epoch 16/34 loss 1.1284 val acc 0.5806 (1.0s)
    epoch 17/34 loss 1.1225 val acc 0.5806 (1.0s)
    epoch 18/34 loss 1.1136 val acc 0.6452 (1.0s)
    epoch 19/34 loss 1.1090 val acc 0.6129 (1.0s)
    epoch 20/34 loss 1.1043 val acc 0.6452 (1.0s)
    epoch 21/34 loss 1.1018 val acc 0.6129 (1.0s)
    epoch 22/34 loss 1.0948 val acc 0.6452 (1.0s)
    epoch 23/34 loss 1.0893 val acc 0.6452 (1.0s)
    epoch 24/34 loss 1.0831 val acc 0.6452 (1.0s)
    epoch 25/34 loss 1.0797 val acc 0.6452 (1.0s)
    epoch 26/34 loss 1.0778 val acc 0.6452 (1.0s)
    epoch 27/34 loss 1.0738 val acc 0.6129 (1.0s)
    epoch 28/34 loss 1.0732 val acc 0.6452 (1.0s)
    epoch 29/34 loss 1.0716 val acc 0.6452 (1.0s)
    epoch 30/34 loss 1.0706 val acc 0.6452 (1.0s)
    epoch 31/34 loss 1.0691 val acc 0.6452 (1.0s)
    epoch 32/34 loss 1.0687 val acc 0.6129 (1.0s)
    epoch 33/34 loss 1.0704 val acc 0.6129 (1.0s)
    epoch 34/34 loss 1.0692 val acc 0.6129 (1.1s)
  [customer_service.action] test acc 0.6600 macro-F1 0.3520 ECE 0.116 (T=1.00, 33s, 10.03M params)
  [customer_service.category] blocks split=20 depth=2, 5 labels, 269 train
    epoch 1/34 loss 1.9541 val acc 0.1290 (1.4s)
    epoch 2/34 loss 1.7285 val acc 0.1613 (1.2s)
    epoch 3/34 loss 1.5958 val acc 0.3226 (1.0s)
    epoch 4/34 loss 1.5593 val acc 0.3548 (1.0s)
    epoch 5/34 loss 1.5153 val acc 0.3548 (1.0s)
    epoch 6/34 loss 1.4957 val acc 0.6129 (1.0s)
    epoch 7/34 loss 1.4331 val acc 0.2258 (1.0s)
    epoch 8/34 loss 1.3663 val acc 0.4839 (1.0s)
    epoch 9/34 loss 1.2498 val acc 0.6452 (1.0s)
    epoch 10/34 loss 0.9940 val acc 0.5806 (1.0s)
    epoch 11/34 loss 0.8135 val acc 0.6452 (1.0s)
    epoch 12/34 loss 0.7150 val acc 0.6774 (1.0s)
    epoch 13/34 loss 0.6586 val acc 0.6774 (1.0s)
    epoch 14/34 loss 0.6141 val acc 0.7097 (1.0s)
    epoch 15/34 loss 0.5777 val acc 0.6774 (1.0s)
    epoch 16/34 loss 0.5523 val acc 0.7419 (1.0s)
    epoch 17/34 loss 0.5381 val acc 0.7419 (0.9s)
    epoch 18/34 loss 0.5207 val acc 0.7419 (1.0s)
    epoch 19/34 loss 0.5136 val acc 0.7419 (0.9s)
    epoch 20/34 loss 0.5056 val acc 0.7742 (0.6s)
    epoch 21/34 loss 0.5024 val acc 0.7742 (0.7s)
    epoch 22/34 loss 0.4973 val acc 0.7742 (0.7s)
    epoch 23/34 loss 0.4870 val acc 0.7742 (0.7s)
    epoch 24/34 loss 0.4849 val acc 0.8065 (0.7s)
    epoch 25/34 loss 0.4849 val acc 0.8065 (0.7s)
    epoch 26/34 loss 0.4796 val acc 0.7419 (0.7s)
    epoch 27/34 loss 0.4778 val acc 0.7742 (0.7s)
    epoch 28/34 loss 0.4776 val acc 0.8065 (0.7s)
    epoch 29/34 loss 0.4786 val acc 0.8065 (0.7s)
    epoch 30/34 loss 0.4749 val acc 0.8065 (0.6s)
    epoch 31/34 loss 0.4740 val acc 0.8065 (0.6s)
    epoch 32/34 loss 0.4744 val acc 0.8065 (0.6s)
    epoch 33/34 loss 0.4753 val acc 0.8065 (0.7s)
    epoch 34/34 loss 0.4746 val acc 0.8065 (0.6s)
  [customer_service.category] test acc 0.8900 macro-F1 0.8680 ECE 0.115 (T=1.08, 29s, 10.03M params)
  [customer_service.churn_risk] blocks split=20 depth=2, 4 labels, 269 train
    epoch 1/34 loss 1.4035 val acc 0.5161 (0.6s)
    epoch 2/34 loss 1.3255 val acc 0.2581 (0.6s)
    epoch 3/34 loss 1.3182 val acc 0.5161 (0.7s)
    epoch 4/34 loss 1.3018 val acc 0.4194 (0.7s)
    epoch 5/34 loss 1.2761 val acc 0.4839 (0.7s)
    epoch 6/34 loss 1.2593 val acc 0.5484 (0.7s)
    epoch 7/34 loss 1.2577 val acc 0.5161 (0.7s)
    epoch 8/34 loss 1.2513 val acc 0.4839 (0.8s)
    epoch 9/34 loss 1.2353 val acc 0.5161 (0.7s)
    epoch 10/34 loss 1.2152 val acc 0.5484 (0.7s)
    epoch 11/34 loss 1.1797 val acc 0.5484 (0.8s)
    epoch 12/34 loss 1.1482 val acc 0.3871 (0.8s)
    epoch 13/34 loss 1.1165 val acc 0.5161 (0.8s)
    epoch 14/34 loss 1.0766 val acc 0.5161 (1.0s)
    epoch 15/34 loss 1.0426 val acc 0.6452 (1.0s)
    epoch 16/34 loss 1.0210 val acc 0.7419 (1.0s)
    epoch 17/34 loss 0.9970 val acc 0.7097 (1.0s)
    epoch 18/34 loss 0.9803 val acc 0.7097 (1.0s)
    epoch 19/34 loss 0.9713 val acc 0.6774 (1.0s)
    epoch 20/34 loss 0.9625 val acc 0.7742 (1.0s)
    epoch 21/34 loss 0.9569 val acc 0.7097 (1.0s)
    epoch 22/34 loss 0.9569 val acc 0.7742 (1.0s)
    epoch 23/34 loss 0.9548 val acc 0.7419 (1.0s)
    epoch 24/34 loss 0.9455 val acc 0.7097 (1.0s)
    epoch 25/34 loss 0.9457 val acc 0.7097 (1.0s)
    epoch 26/34 loss 0.9407 val acc 0.7097 (1.0s)
    epoch 27/34 loss 0.9398 val acc 0.7419 (1.0s)
    epoch 28/34 loss 0.9378 val acc 0.6774 (1.0s)
    epoch 29/34 loss 0.9394 val acc 0.7419 (1.0s)
    epoch 30/34 loss 0.9379 val acc 0.7419 (1.0s)
    epoch 31/34 loss 0.9378 val acc 0.7419 (1.0s)
    epoch 32/34 loss 0.9373 val acc 0.7419 (1.0s)
    epoch 33/34 loss 0.9360 val acc 0.7419 (1.0s)
    epoch 34/34 loss 0.9357 val acc 0.7419 (1.0s)
  [customer_service.churn_risk] test acc 0.7800 macro-F1 0.5858 ECE 0.284 (T=1.31, 30s, 10.03M params)
  [customer_service.needs_human] blocks split=20 depth=2, 2 labels, 269 train
    epoch 1/34 loss 0.6877 val acc 0.7419 (1.0s)
    epoch 2/34 loss 0.6850 val acc 0.7419 (1.0s)
    epoch 3/34 loss 0.6691 val acc 0.7097 (1.0s)
    epoch 4/34 loss 0.6650 val acc 0.7419 (1.0s)
    epoch 5/34 loss 0.6646 val acc 0.7097 (1.0s)
    epoch 6/34 loss 0.6561 val acc 0.6774 (1.0s)
    epoch 7/34 loss 0.6502 val acc 0.5806 (1.0s)
    epoch 8/34 loss 0.6443 val acc 0.7742 (1.2s)
    epoch 9/34 loss 0.6318 val acc 0.6774 (1.0s)
    epoch 10/34 loss 0.6410 val acc 0.5806 (1.0s)
    epoch 11/34 loss 0.6219 val acc 0.6774 (1.0s)
    epoch 12/34 loss 0.6200 val acc 0.7742 (1.0s)
    epoch 13/34 loss 0.6193 val acc 0.7419 (1.0s)
    epoch 14/34 loss 0.6158 val acc 0.6774 (1.0s)
    epoch 15/34 loss 0.6043 val acc 0.6774 (1.0s)
    epoch 16/34 loss 0.6059 val acc 0.6774 (1.0s)
    epoch 17/34 loss 0.6038 val acc 0.6774 (1.0s)
    epoch 18/34 loss 0.6020 val acc 0.8387 (1.0s)
    epoch 19/34 loss 0.6062 val acc 0.8065 (1.0s)
    epoch 20/34 loss 0.6036 val acc 0.6452 (1.0s)
    epoch 21/34 loss 0.6047 val acc 0.8065 (1.0s)
    epoch 22/34 loss 0.5972 val acc 0.7419 (0.9s)
    epoch 23/34 loss 0.5920 val acc 0.7419 (1.0s)
    epoch 24/34 loss 0.5908 val acc 0.7419 (0.6s)
    epoch 25/34 loss 0.5907 val acc 0.7742 (0.7s)
    epoch 26/34 loss 0.5909 val acc 0.7419 (0.7s)
    epoch 27/34 loss 0.5902 val acc 0.7419 (0.7s)
    epoch 28/34 loss 0.5878 val acc 0.7742 (0.7s)
    epoch 29/34 loss 0.5889 val acc 0.7742 (0.7s)
    epoch 30/34 loss 0.5881 val acc 0.7419 (0.7s)
    epoch 31/34 loss 0.5873 val acc 0.7419 (0.7s)
    epoch 32/34 loss 0.5889 val acc 0.7419 (0.7s)
    epoch 33/34 loss 0.5873 val acc 0.7419 (0.7s)
    epoch 34/34 loss 0.5878 val acc 0.7419 (0.7s)
  [customer_service.needs_human] test acc 0.8400 macro-F1 0.8057 ECE 0.105 (T=0.79, 30s, 10.03M params)
  [customer_service.urgency] blocks split=20 depth=2, 4 labels, 269 train
    epoch 1/34 loss 1.3140 val acc 0.2581 (0.6s)
    epoch 2/34 loss 1.2199 val acc 0.5161 (0.6s)
    epoch 3/34 loss 1.2054 val acc 0.2581 (0.6s)
    epoch 4/34 loss 1.1965 val acc 0.5161 (0.6s)
    epoch 5/34 loss 1.1631 val acc 0.3226 (0.6s)
    epoch 6/34 loss 1.1749 val acc 0.6129 (0.6s)
    epoch 7/34 loss 1.1564 val acc 0.6129 (0.6s)
    epoch 8/34 loss 1.1442 val acc 0.4839 (0.7s)
    epoch 9/34 loss 1.1365 val acc 0.6452 (0.7s)
    epoch 10/34 loss 1.1347 val acc 0.5484 (0.7s)
    epoch 11/34 loss 1.1201 val acc 0.5161 (0.7s)
    epoch 12/34 loss 1.0729 val acc 0.6129 (0.7s)
    epoch 13/34 loss 1.0593 val acc 0.6452 (0.8s)
    epoch 14/34 loss 1.0005 val acc 0.6774 (0.8s)
    epoch 15/34 loss 0.9808 val acc 0.5484 (0.8s)
    epoch 16/34 loss 0.9724 val acc 0.6129 (0.8s)
    epoch 17/34 loss 0.9517 val acc 0.5484 (0.7s)
    epoch 18/34 loss 0.9446 val acc 0.6129 (0.7s)
    epoch 19/34 loss 0.9384 val acc 0.5806 (1.0s)
    epoch 20/34 loss 0.9339 val acc 0.6129 (1.0s)
    epoch 21/34 loss 0.9282 val acc 0.6452 (1.0s)
    epoch 22/34 loss 0.9262 val acc 0.6129 (1.0s)
    epoch 23/34 loss 0.9214 val acc 0.6129 (0.9s)
    epoch 24/34 loss 0.9143 val acc 0.6452 (1.0s)
    epoch 25/34 loss 0.9137 val acc 0.6129 (1.0s)
    epoch 26/34 loss 0.9088 val acc 0.6129 (1.0s)
    epoch 27/34 loss 0.9076 val acc 0.6452 (1.0s)
    epoch 28/34 loss 0.9074 val acc 0.6452 (1.0s)
    epoch 29/34 loss 0.9091 val acc 0.6452 (1.0s)
    epoch 30/34 loss 0.9068 val acc 0.6452 (1.0s)
    epoch 31/34 loss 0.9062 val acc 0.6452 (1.0s)
    epoch 32/34 loss 0.9061 val acc 0.6452 (1.0s)
    epoch 33/34 loss 0.9041 val acc 0.6452 (1.0s)
    epoch 34/34 loss 0.9053 val acc 0.6452 (1.0s)
  [customer_service.urgency] test acc 0.7200 macro-F1 0.5292 ECE 0.166 (T=1.04, 28s, 10.03M params)
done
